insert into camara values (1);
insert into camara values (2);
insert into camara values (3);
insert into camara values (4);
insert into camara values (5);
insert into camara values (6);
insert into camara values (7);
insert into camara values (8);
insert into camara values (9);
insert into camara values (10);
insert into camara values (11);
insert into camara values (12);
insert into camara values (13);
insert into camara values (14);
insert into camara values (15);
insert into camara values (16);
insert into camara values (17);
insert into camara values (18);
insert into camara values (19);
insert into camara values (20);
insert into camara values (21);
insert into camara values (22);
insert into camara values (23);
insert into camara values (24);
insert into camara values (25);
insert into camara values (26);
insert into camara values (27);
insert into camara values (28);
insert into camara values (29);
insert into camara values (30);
insert into camara values (31);
insert into camara values (32);
insert into camara values (33);
insert into camara values (34);
insert into camara values (35);
insert into camara values (36);
insert into camara values (37);
insert into camara values (38);
insert into camara values (39);
insert into camara values (40);
insert into camara values (41);
insert into camara values (42);
insert into camara values (43);
insert into camara values (44);
insert into camara values (45);
insert into camara values (46);
insert into camara values (47);
insert into camara values (48);
insert into camara values (49);
insert into camara values (50);
insert into camara values (51);
insert into camara values (52);
insert into camara values (53);
insert into camara values (54);
insert into camara values (55);
insert into camara values (56);
insert into camara values (57);
insert into camara values (58);
insert into camara values (59);
insert into camara values (60);
insert into camara values (61);
insert into camara values (62);
insert into camara values (63);
insert into camara values (64);
insert into camara values (65);
insert into camara values (66);
insert into camara values (67);
insert into camara values (68);
insert into camara values (69);
insert into camara values (70);
insert into camara values (71);
insert into camara values (72);
insert into camara values (73);
insert into camara values (74);
insert into camara values (75);
insert into camara values (76);
insert into camara values (77);
insert into camara values (78);
insert into camara values (79);
insert into camara values (80);
insert into camara values (81);
insert into camara values (82);
insert into camara values (83);
insert into camara values (84);
insert into camara values (85);
insert into camara values (86);
insert into camara values (87);
insert into camara values (88);
insert into camara values (89);
insert into camara values (90);
insert into camara values (91);
insert into camara values (92);
insert into camara values (93);
insert into camara values (94);
insert into camara values (95);
insert into camara values (96);
insert into camara values (97);
insert into camara values (98);
insert into camara values (99);
insert into camara values (100);

insert into video values ('2018-01-20 13:56:33', '2018-01-20 15:05:26', 1);
insert into video values ('2018-01-20 15:05:26', '2018-01-20 16:54:15', 2);
insert into video values ('2018-01-20 16:54:15', '2018-01-20 17:49:23', 3);
insert into video values ('2018-01-20 17:49:23', '2018-01-20 18:45:14', 4);
insert into video values ('2018-01-20 18:45:14', '2018-01-20 21:20:51', 5);
insert into video values ('2018-01-20 21:20:51', '2018-01-20 23:32:45', 6);
insert into video values ('2018-01-20 23:32:45', '2018-01-21 00:32:19', 7);
insert into video values ('2018-01-21 00:32:19', '2018-01-21 01:26:26', 8);
insert into video values ('2018-01-21 01:26:26', '2018-01-21 01:40:19', 9);
insert into video values ('2018-01-21 01:40:19', '2018-01-21 01:49:52', 10);
insert into video values ('2018-01-21 01:49:52', '2018-01-21 05:14:10', 11);
insert into video values ('2018-01-21 05:14:10', '2018-01-21 07:26:52', 12);
insert into video values ('2018-01-21 07:26:52', '2018-01-21 08:40:04', 13);
insert into video values ('2018-01-21 08:40:04', '2018-01-21 14:22:19', 14);
insert into video values ('2018-01-21 14:22:19', '2018-01-21 16:16:42', 15);
insert into video values ('2018-01-21 16:16:42', '2018-01-21 17:42:20', 16);
insert into video values ('2018-01-21 17:42:20', '2018-01-21 21:05:55', 17);
insert into video values ('2018-01-21 21:05:55', '2018-01-21 23:51:45', 18);
insert into video values ('2018-01-21 23:51:45', '2018-01-22 00:51:28', 19);
insert into video values ('2018-01-22 00:51:28', '2018-01-22 04:58:41', 20);
insert into video values ('2018-01-22 04:58:41', '2018-01-22 05:27:41', 21);
insert into video values ('2018-01-22 05:27:41', '2018-01-22 08:44:15', 22);
insert into video values ('2018-01-22 08:44:15', '2018-01-22 13:44:21', 23);
insert into video values ('2018-01-22 13:44:21', '2018-01-22 15:50:48', 24);
insert into video values ('2018-01-22 15:50:48', '2018-01-22 19:30:01', 25);
insert into video values ('2018-01-22 19:30:01', '2018-01-22 19:33:17', 26);
insert into video values ('2018-01-22 19:33:17', '2018-01-23 00:04:37', 27);
insert into video values ('2018-01-23 00:04:37', '2018-01-23 00:18:16', 28);
insert into video values ('2018-01-23 00:18:16', '2018-01-23 01:05:22', 29);
insert into video values ('2018-01-23 01:05:22', '2018-01-23 04:59:12', 30);
insert into video values ('2018-01-23 04:59:12', '2018-01-23 12:02:45', 31);
insert into video values ('2018-01-23 12:02:45', '2018-01-23 12:21:38', 32);
insert into video values ('2018-01-23 12:21:38', '2018-01-23 12:25:03', 33);
insert into video values ('2018-01-23 12:25:03', '2018-01-23 13:57:05', 34);
insert into video values ('2018-01-23 13:57:05', '2018-01-23 15:11:19', 35);
insert into video values ('2018-01-23 15:11:19', '2018-01-23 18:10:58', 36);
insert into video values ('2018-01-23 18:10:58', '2018-01-24 05:43:38', 37);
insert into video values ('2018-01-24 05:43:38', '2018-01-24 06:10:08', 38);
insert into video values ('2018-01-24 06:10:08', '2018-01-24 08:26:36', 39);
insert into video values ('2018-01-24 08:26:36', '2018-01-24 10:57:40', 40);
insert into video values ('2018-01-24 10:57:40', '2018-01-24 11:14:37', 41);
insert into video values ('2018-01-24 11:14:37', '2018-01-24 13:40:56', 42);
insert into video values ('2018-01-24 13:40:56', '2018-01-24 15:26:45', 43);
insert into video values ('2018-01-24 15:26:45', '2018-01-24 16:35:48', 44);
insert into video values ('2018-01-24 16:35:48', '2018-01-24 20:10:06', 45);
insert into video values ('2018-01-24 20:10:06', '2018-01-24 20:43:46', 46);
insert into video values ('2018-01-24 20:43:46', '2018-01-24 21:32:16', 47);
insert into video values ('2018-01-24 21:32:16', '2018-01-24 22:00:59', 48);
insert into video values ('2018-01-24 22:00:59', '2018-01-24 23:20:27', 49);
insert into video values ('2018-01-24 23:20:27', '2018-01-25 02:13:25', 50);
insert into video values ('2018-01-25 02:13:25', '2018-01-25 03:31:32', 51);
insert into video values ('2018-01-25 03:31:32', '2018-01-25 04:32:36', 52);
insert into video values ('2018-01-25 04:32:36', '2018-01-25 06:57:54', 53);
insert into video values ('2018-01-25 06:57:54', '2018-01-25 07:42:12', 54);
insert into video values ('2018-01-25 07:42:12', '2018-01-25 14:55:29', 55);
insert into video values ('2018-01-25 14:55:29', '2018-01-25 17:05:41', 56);
insert into video values ('2018-01-25 17:05:41', '2018-01-25 17:40:09', 57);
insert into video values ('2018-01-25 17:40:09', '2018-01-25 19:14:52', 58);
insert into video values ('2018-01-25 19:14:52', '2018-01-25 19:15:01', 59);
insert into video values ('2018-01-25 19:15:01', '2018-01-26 00:55:10', 60);
insert into video values ('2018-01-26 00:55:10', '2018-01-26 02:33:14', 61);
insert into video values ('2018-01-26 02:33:14', '2018-01-26 03:13:46', 62);
insert into video values ('2018-01-26 03:13:46', '2018-01-26 05:59:57', 63);
insert into video values ('2018-01-26 05:59:57', '2018-01-26 07:55:58', 64);
insert into video values ('2018-01-26 07:55:58', '2018-01-26 08:03:05', 65);
insert into video values ('2018-01-26 08:03:05', '2018-01-26 13:11:46', 66);
insert into video values ('2018-01-26 13:11:46', '2018-01-26 15:09:44', 67);
insert into video values ('2018-01-26 15:09:44', '2018-01-26 15:39:13', 68);
insert into video values ('2018-01-26 15:39:13', '2018-01-26 16:22:51', 69);
insert into video values ('2018-01-26 16:22:51', '2018-01-26 18:20:37', 70);
insert into video values ('2018-01-26 18:20:37', '2018-01-26 18:42:47', 71);
insert into video values ('2018-01-26 18:42:47', '2018-01-26 19:27:25', 72);
insert into video values ('2018-01-26 19:27:25', '2018-01-27 01:18:55', 73);
insert into video values ('2018-01-27 01:18:55', '2018-01-27 03:29:13', 74);
insert into video values ('2018-01-27 03:29:13', '2018-01-27 04:54:23', 75);
insert into video values ('2018-01-27 04:54:23', '2018-01-27 07:29:32', 76);
insert into video values ('2018-01-27 07:29:32', '2018-01-27 09:24:33', 77);
insert into video values ('2018-01-27 09:24:33', '2018-01-27 10:51:42', 78);
insert into video values ('2018-01-27 10:51:42', '2018-01-27 12:08:41', 79);
insert into video values ('2018-01-27 12:08:41', '2018-01-27 21:55:20', 80);
insert into video values ('2018-01-27 21:55:20', '2018-01-27 23:52:02', 81);
insert into video values ('2018-01-27 23:52:02', '2018-01-28 00:59:32', 82);
insert into video values ('2018-01-28 00:59:32', '2018-01-28 02:03:38', 83);
insert into video values ('2018-01-28 02:03:38', '2018-01-28 09:21:00', 84);
insert into video values ('2018-01-28 09:21:00', '2018-01-28 09:29:19', 85);
insert into video values ('2018-01-28 09:29:19', '2018-01-28 12:08:19', 86);
insert into video values ('2018-01-28 12:08:19', '2018-01-28 12:45:48', 87);
insert into video values ('2018-01-28 12:45:48', '2018-01-28 17:04:02', 88);
insert into video values ('2018-01-28 17:04:02', '2018-01-28 21:10:08', 89);
insert into video values ('2018-01-28 21:10:08', '2018-01-28 21:17:39', 90);
insert into video values ('2018-01-28 21:17:39', '2018-01-29 00:12:56', 91);
insert into video values ('2018-01-29 00:12:56', '2018-01-29 12:22:03', 92);
insert into video values ('2018-01-29 12:22:03', '2018-01-29 13:45:15', 93);
insert into video values ('2018-01-29 13:45:15', '2018-01-29 14:55:03', 94);
insert into video values ('2018-01-29 14:55:03', '2018-01-29 17:51:09', 95);
insert into video values ('2018-01-29 17:51:09', '2018-01-29 18:58:00', 96);
insert into video values ('2018-01-29 18:58:00', '2018-01-29 22:24:17', 97);
insert into video values ('2018-01-29 22:24:17', '2018-01-30 00:54:50', 98);
insert into video values ('2018-01-30 00:54:50', '2018-01-30 01:23:51', 99);
insert into video values ('2018-01-30 01:23:51', '2018-01-30 03:12:57', 100);

insert into segmentoVideo values (1, '1:08:53', '2018-01-20 13:56:33', 1);
insert into segmentoVideo values (2, '1:48:49', '2018-01-20 15:05:26', 2);
insert into segmentoVideo values (3, '0:55:08', '2018-01-20 16:54:15', 3);
insert into segmentoVideo values (4, '0:55:51', '2018-01-20 17:49:23', 4);
insert into segmentoVideo values (5, '2:35:37', '2018-01-20 18:45:14', 5);
insert into segmentoVideo values (6, '2:11:54', '2018-01-20 21:20:51', 6);
insert into segmentoVideo values (7, '0:59:34', '2018-01-20 23:32:45', 7);
insert into segmentoVideo values (8, '0:54:07', '2018-01-21 00:32:19', 8);
insert into segmentoVideo values (9, '0:13:53', '2018-01-21 01:26:26', 9);
insert into segmentoVideo values (10, '0:09:33', '2018-01-21 01:40:19', 10);
insert into segmentoVideo values (11, '3:24:18', '2018-01-21 01:49:52', 11);
insert into segmentoVideo values (12, '2:12:42', '2018-01-21 05:14:10', 12);
insert into segmentoVideo values (13, '1:13:12', '2018-01-21 07:26:52', 13);
insert into segmentoVideo values (14, '5:42:15', '2018-01-21 08:40:04', 14);
insert into segmentoVideo values (15, '1:54:23', '2018-01-21 14:22:19', 15);
insert into segmentoVideo values (16, '1:25:38', '2018-01-21 16:16:42', 16);
insert into segmentoVideo values (17, '3:23:35', '2018-01-21 17:42:20', 17);
insert into segmentoVideo values (18, '2:45:50', '2018-01-21 21:05:55', 18);
insert into segmentoVideo values (19, '0:59:43', '2018-01-21 23:51:45', 19);
insert into segmentoVideo values (20, '4:07:13', '2018-01-22 00:51:28', 20);
insert into segmentoVideo values (21, '0:29:00', '2018-01-22 04:58:41', 21);
insert into segmentoVideo values (22, '3:16:34', '2018-01-22 05:27:41', 22);
insert into segmentoVideo values (23, '5:00:06', '2018-01-22 08:44:15', 23);
insert into segmentoVideo values (24, '2:06:27', '2018-01-22 13:44:21', 24);
insert into segmentoVideo values (25, '3:39:13', '2018-01-22 15:50:48', 25);
insert into segmentoVideo values (26, '0:03:16', '2018-01-22 19:30:01', 26);
insert into segmentoVideo values (27, '4:31:20', '2018-01-22 19:33:17', 27);
insert into segmentoVideo values (28, '0:13:39', '2018-01-23 00:04:37', 28);
insert into segmentoVideo values (29, '0:47:06', '2018-01-23 00:18:16', 29);
insert into segmentoVideo values (30, '3:53:50', '2018-01-23 01:05:22', 30);
insert into segmentoVideo values (31, '7:03:33', '2018-01-23 04:59:12', 31);
insert into segmentoVideo values (32, '0:18:53', '2018-01-23 12:02:45', 32);
insert into segmentoVideo values (33, '0:03:25', '2018-01-23 12:21:38', 33);
insert into segmentoVideo values (34, '1:32:02', '2018-01-23 12:25:03', 34);
insert into segmentoVideo values (35, '1:14:14', '2018-01-23 13:57:05', 35);
insert into segmentoVideo values (36, '2:59:39', '2018-01-23 15:11:19', 36);
insert into segmentoVideo values (37, '11:32:40', '2018-01-23 18:10:58', 37);
insert into segmentoVideo values (38, '0:26:30', '2018-01-24 05:43:38', 38);
insert into segmentoVideo values (39, '2:16:28', '2018-01-24 06:10:08', 39);
insert into segmentoVideo values (40, '2:31:04', '2018-01-24 08:26:36', 40);
insert into segmentoVideo values (41, '0:16:57', '2018-01-24 10:57:40', 41);
insert into segmentoVideo values (42, '2:26:19', '2018-01-24 11:14:37', 42);
insert into segmentoVideo values (43, '1:45:49', '2018-01-24 13:40:56', 43);
insert into segmentoVideo values (44, '1:09:03', '2018-01-24 15:26:45', 44);
insert into segmentoVideo values (45, '3:34:18', '2018-01-24 16:35:48', 45);
insert into segmentoVideo values (46, '0:33:40', '2018-01-24 20:10:06', 46);
insert into segmentoVideo values (47, '0:48:30', '2018-01-24 20:43:46', 47);
insert into segmentoVideo values (48, '0:28:43', '2018-01-24 21:32:16', 48);
insert into segmentoVideo values (49, '1:19:28', '2018-01-24 22:00:59', 49);
insert into segmentoVideo values (50, '2:52:58', '2018-01-24 23:20:27', 50);
insert into segmentoVideo values (51, '1:18:07', '2018-01-25 02:13:25', 51);
insert into segmentoVideo values (52, '1:01:04', '2018-01-25 03:31:32', 52);
insert into segmentoVideo values (53, '2:25:18', '2018-01-25 04:32:36', 53);
insert into segmentoVideo values (54, '0:44:18', '2018-01-25 06:57:54', 54);
insert into segmentoVideo values (55, '7:13:17', '2018-01-25 07:42:12', 55);
insert into segmentoVideo values (56, '2:10:12', '2018-01-25 14:55:29', 56);
insert into segmentoVideo values (57, '0:34:28', '2018-01-25 17:05:41', 57);
insert into segmentoVideo values (58, '1:34:43', '2018-01-25 17:40:09', 58);
insert into segmentoVideo values (59, '0:00:09', '2018-01-25 19:14:52', 59);
insert into segmentoVideo values (60, '5:40:09', '2018-01-25 19:15:01', 60);
insert into segmentoVideo values (61, '1:38:04', '2018-01-26 00:55:10', 61);
insert into segmentoVideo values (62, '0:40:32', '2018-01-26 02:33:14', 62);
insert into segmentoVideo values (63, '2:46:11', '2018-01-26 03:13:46', 63);
insert into segmentoVideo values (64, '1:56:01', '2018-01-26 05:59:57', 64);
insert into segmentoVideo values (65, '0:07:07', '2018-01-26 07:55:58', 65);
insert into segmentoVideo values (66, '5:08:41', '2018-01-26 08:03:05', 66);
insert into segmentoVideo values (67, '1:57:58', '2018-01-26 13:11:46', 67);
insert into segmentoVideo values (68, '0:29:29', '2018-01-26 15:09:44', 68);
insert into segmentoVideo values (69, '0:43:38', '2018-01-26 15:39:13', 69);
insert into segmentoVideo values (70, '1:57:46', '2018-01-26 16:22:51', 70);
insert into segmentoVideo values (71, '0:22:10', '2018-01-26 18:20:37', 71);
insert into segmentoVideo values (72, '0:44:38', '2018-01-26 18:42:47', 72);
insert into segmentoVideo values (73, '5:51:30', '2018-01-26 19:27:25', 73);
insert into segmentoVideo values (74, '2:10:18', '2018-01-27 01:18:55', 74);
insert into segmentoVideo values (75, '1:25:10', '2018-01-27 03:29:13', 75);
insert into segmentoVideo values (76, '2:35:09', '2018-01-27 04:54:23', 76);
insert into segmentoVideo values (77, '1:55:01', '2018-01-27 07:29:32', 77);
insert into segmentoVideo values (78, '1:27:09', '2018-01-27 09:24:33', 78);
insert into segmentoVideo values (79, '1:16:59', '2018-01-27 10:51:42', 79);
insert into segmentoVideo values (80, '9:46:39', '2018-01-27 12:08:41', 80);
insert into segmentoVideo values (81, '1:56:42', '2018-01-27 21:55:20', 81);
insert into segmentoVideo values (82, '1:07:30', '2018-01-27 23:52:02', 82);
insert into segmentoVideo values (83, '1:04:06', '2018-01-28 00:59:32', 83);
insert into segmentoVideo values (84, '7:17:22', '2018-01-28 02:03:38', 84);
insert into segmentoVideo values (85, '0:08:19', '2018-01-28 09:21:00', 85);
insert into segmentoVideo values (86, '2:39:00', '2018-01-28 09:29:19', 86);
insert into segmentoVideo values (87, '0:37:29', '2018-01-28 12:08:19', 87);
insert into segmentoVideo values (88, '4:18:14', '2018-01-28 12:45:48', 88);
insert into segmentoVideo values (89, '4:06:06', '2018-01-28 17:04:02', 89);
insert into segmentoVideo values (90, '0:07:31', '2018-01-28 21:10:08', 90);
insert into segmentoVideo values (91, '2:55:17', '2018-01-28 21:17:39', 91);
insert into segmentoVideo values (92, '12:09:07', '2018-01-29 00:12:56', 92);
insert into segmentoVideo values (93, '1:23:12', '2018-01-29 12:22:03', 93);
insert into segmentoVideo values (94, '1:09:48', '2018-01-29 13:45:15', 94);
insert into segmentoVideo values (95, '2:56:06', '2018-01-29 14:55:03', 95);
insert into segmentoVideo values (96, '1:06:51', '2018-01-29 17:51:09', 96);
insert into segmentoVideo values (97, '3:26:17', '2018-01-29 18:58:00', 97);
insert into segmentoVideo values (98, '2:30:33', '2018-01-29 22:24:17', 98);
insert into segmentoVideo values (99, '0:29:01', '2018-01-30 00:54:50', 99);
insert into segmentoVideo values (100, '1:49:06', '2018-01-30 01:23:51', 100);

insert into local values ('address1');
insert into local values ('address2');
insert into local values ('address3');
insert into local values ('address4');
insert into local values ('address5');
insert into local values ('address6');
insert into local values ('address7');
insert into local values ('address8');
insert into local values ('address9');
insert into local values ('address10');
insert into local values ('address11');
insert into local values ('address12');
insert into local values ('address13');
insert into local values ('address14');
insert into local values ('address15');
insert into local values ('address16');
insert into local values ('address17');
insert into local values ('address18');
insert into local values ('address19');
insert into local values ('address20');
insert into local values ('address21');
insert into local values ('address22');
insert into local values ('address23');
insert into local values ('address24');
insert into local values ('address25');
insert into local values ('address26');
insert into local values ('address27');
insert into local values ('address28');
insert into local values ('address29');
insert into local values ('address30');
insert into local values ('address31');
insert into local values ('address32');
insert into local values ('address33');
insert into local values ('address34');
insert into local values ('address35');
insert into local values ('address36');
insert into local values ('address37');
insert into local values ('address38');
insert into local values ('address39');
insert into local values ('address40');
insert into local values ('address41');
insert into local values ('address42');
insert into local values ('address43');
insert into local values ('address44');
insert into local values ('address45');
insert into local values ('address46');
insert into local values ('address47');
insert into local values ('address48');
insert into local values ('address49');
insert into local values ('address50');
insert into local values ('address51');
insert into local values ('address52');
insert into local values ('address53');
insert into local values ('address54');
insert into local values ('address55');
insert into local values ('address56');
insert into local values ('address57');
insert into local values ('address58');
insert into local values ('address59');
insert into local values ('address60');
insert into local values ('address61');
insert into local values ('address62');
insert into local values ('address63');
insert into local values ('address64');
insert into local values ('address65');
insert into local values ('address66');
insert into local values ('address67');
insert into local values ('address68');
insert into local values ('address69');
insert into local values ('address70');
insert into local values ('address71');
insert into local values ('address72');
insert into local values ('address73');
insert into local values ('address74');
insert into local values ('address75');
insert into local values ('address76');
insert into local values ('address77');
insert into local values ('address78');
insert into local values ('address79');
insert into local values ('address80');
insert into local values ('address81');
insert into local values ('address82');
insert into local values ('address83');
insert into local values ('address84');
insert into local values ('address85');
insert into local values ('address86');
insert into local values ('address87');
insert into local values ('address88');
insert into local values ('address89');
insert into local values ('address90');
insert into local values ('address91');
insert into local values ('address92');
insert into local values ('address93');
insert into local values ('address94');
insert into local values ('address95');
insert into local values ('address96');
insert into local values ('address97');
insert into local values ('address98');
insert into local values ('address99');
insert into local values ('address100');

insert into vigia values ('address1', 1);
insert into vigia values ('address2', 2);
insert into vigia values ('address3', 3);
insert into vigia values ('address4', 4);
insert into vigia values ('address5', 5);
insert into vigia values ('address6', 6);
insert into vigia values ('address7', 7);
insert into vigia values ('address8', 8);
insert into vigia values ('address9', 9);
insert into vigia values ('address10', 10);
insert into vigia values ('address11', 11);
insert into vigia values ('address12', 12);
insert into vigia values ('address13', 13);
insert into vigia values ('address14', 14);
insert into vigia values ('address15', 15);
insert into vigia values ('address16', 16);
insert into vigia values ('address17', 17);
insert into vigia values ('address18', 18);
insert into vigia values ('address19', 19);
insert into vigia values ('address20', 20);
insert into vigia values ('address21', 21);
insert into vigia values ('address22', 22);
insert into vigia values ('address23', 23);
insert into vigia values ('address24', 24);
insert into vigia values ('address25', 25);
insert into vigia values ('address26', 26);
insert into vigia values ('address27', 27);
insert into vigia values ('address28', 28);
insert into vigia values ('address29', 29);
insert into vigia values ('address30', 30);
insert into vigia values ('address31', 31);
insert into vigia values ('address32', 32);
insert into vigia values ('address33', 33);
insert into vigia values ('address34', 34);
insert into vigia values ('address35', 35);
insert into vigia values ('address36', 36);
insert into vigia values ('address37', 37);
insert into vigia values ('address38', 38);
insert into vigia values ('address39', 39);
insert into vigia values ('address40', 40);
insert into vigia values ('address41', 41);
insert into vigia values ('address42', 42);
insert into vigia values ('address43', 43);
insert into vigia values ('address44', 44);
insert into vigia values ('address45', 45);
insert into vigia values ('address46', 46);
insert into vigia values ('address47', 47);
insert into vigia values ('address48', 48);
insert into vigia values ('address49', 49);
insert into vigia values ('address50', 50);
insert into vigia values ('address51', 51);
insert into vigia values ('address52', 52);
insert into vigia values ('address53', 53);
insert into vigia values ('address54', 54);
insert into vigia values ('address55', 55);
insert into vigia values ('address56', 56);
insert into vigia values ('address57', 57);
insert into vigia values ('address58', 58);
insert into vigia values ('address59', 59);
insert into vigia values ('address60', 60);
insert into vigia values ('address61', 61);
insert into vigia values ('address62', 62);
insert into vigia values ('address63', 63);
insert into vigia values ('address64', 64);
insert into vigia values ('address65', 65);
insert into vigia values ('address66', 66);
insert into vigia values ('address67', 67);
insert into vigia values ('address68', 68);
insert into vigia values ('address69', 69);
insert into vigia values ('address70', 70);
insert into vigia values ('address71', 71);
insert into vigia values ('address72', 72);
insert into vigia values ('address73', 73);
insert into vigia values ('address74', 74);
insert into vigia values ('address75', 75);
insert into vigia values ('address76', 76);
insert into vigia values ('address77', 77);
insert into vigia values ('address78', 78);
insert into vigia values ('address79', 79);
insert into vigia values ('address80', 80);
insert into vigia values ('address81', 81);
insert into vigia values ('address82', 82);
insert into vigia values ('address83', 83);
insert into vigia values ('address84', 84);
insert into vigia values ('address85', 85);
insert into vigia values ('address86', 86);
insert into vigia values ('address87', 87);
insert into vigia values ('address88', 88);
insert into vigia values ('address89', 89);
insert into vigia values ('address90', 90);
insert into vigia values ('address91', 91);
insert into vigia values ('address92', 92);
insert into vigia values ('address93', 93);
insert into vigia values ('address94', 94);
insert into vigia values ('address95', 95);
insert into vigia values ('address96', 96);
insert into vigia values ('address97', 97);
insert into vigia values ('address98', 98);
insert into vigia values ('address99', 99);
insert into vigia values ('address100', 100);

insert into processoSocorro values (1);
insert into processoSocorro values (2);
insert into processoSocorro values (3);
insert into processoSocorro values (4);
insert into processoSocorro values (5);
insert into processoSocorro values (6);
insert into processoSocorro values (7);
insert into processoSocorro values (8);
insert into processoSocorro values (9);
insert into processoSocorro values (10);
insert into processoSocorro values (11);
insert into processoSocorro values (12);
insert into processoSocorro values (13);
insert into processoSocorro values (14);
insert into processoSocorro values (15);
insert into processoSocorro values (16);
insert into processoSocorro values (17);
insert into processoSocorro values (18);
insert into processoSocorro values (19);
insert into processoSocorro values (20);
insert into processoSocorro values (21);
insert into processoSocorro values (22);
insert into processoSocorro values (23);
insert into processoSocorro values (24);
insert into processoSocorro values (25);
insert into processoSocorro values (26);
insert into processoSocorro values (27);
insert into processoSocorro values (28);
insert into processoSocorro values (29);
insert into processoSocorro values (30);
insert into processoSocorro values (31);
insert into processoSocorro values (32);
insert into processoSocorro values (33);
insert into processoSocorro values (34);
insert into processoSocorro values (35);
insert into processoSocorro values (36);
insert into processoSocorro values (37);
insert into processoSocorro values (38);
insert into processoSocorro values (39);
insert into processoSocorro values (40);
insert into processoSocorro values (41);
insert into processoSocorro values (42);
insert into processoSocorro values (43);
insert into processoSocorro values (44);
insert into processoSocorro values (45);
insert into processoSocorro values (46);
insert into processoSocorro values (47);
insert into processoSocorro values (48);
insert into processoSocorro values (49);
insert into processoSocorro values (50);
insert into processoSocorro values (51);
insert into processoSocorro values (52);
insert into processoSocorro values (53);
insert into processoSocorro values (54);
insert into processoSocorro values (55);
insert into processoSocorro values (56);
insert into processoSocorro values (57);
insert into processoSocorro values (58);
insert into processoSocorro values (59);
insert into processoSocorro values (60);
insert into processoSocorro values (61);
insert into processoSocorro values (62);
insert into processoSocorro values (63);
insert into processoSocorro values (64);
insert into processoSocorro values (65);
insert into processoSocorro values (66);
insert into processoSocorro values (67);
insert into processoSocorro values (68);
insert into processoSocorro values (69);
insert into processoSocorro values (70);
insert into processoSocorro values (71);
insert into processoSocorro values (72);
insert into processoSocorro values (73);
insert into processoSocorro values (74);
insert into processoSocorro values (75);
insert into processoSocorro values (76);
insert into processoSocorro values (77);
insert into processoSocorro values (78);
insert into processoSocorro values (79);
insert into processoSocorro values (80);
insert into processoSocorro values (81);
insert into processoSocorro values (82);
insert into processoSocorro values (83);
insert into processoSocorro values (84);
insert into processoSocorro values (85);
insert into processoSocorro values (86);
insert into processoSocorro values (87);
insert into processoSocorro values (88);
insert into processoSocorro values (89);
insert into processoSocorro values (90);
insert into processoSocorro values (91);
insert into processoSocorro values (92);
insert into processoSocorro values (93);
insert into processoSocorro values (94);
insert into processoSocorro values (95);
insert into processoSocorro values (96);
insert into processoSocorro values (97);
insert into processoSocorro values (98);
insert into processoSocorro values (99);
insert into processoSocorro values (100);

insert into eventoEmergencia values (434749650, '1:08:53', 'vifap', 'address1', 1);
insert into eventoEmergencia values (155348052, '1:48:49', 'soduc', 'address2', 2);
insert into eventoEmergencia values (259465746, '0:55:08', 'vinoq', 'address3', 3);
insert into eventoEmergencia values (726495414, '0:55:51', 'tegos', 'address4', 4);
insert into eventoEmergencia values (874145963, '2:35:37', 'fuwog', 'address5', 5);
insert into eventoEmergencia values (842368641, '2:11:54', 'fepop', 'address6', 6);
insert into eventoEmergencia values (754839609, '0:59:34', 'royuj', 'address7', 7);
insert into eventoEmergencia values (360433050, '0:54:07', 'qihol', 'address8', 8);
insert into eventoEmergencia values (906487247, '0:13:53', 'wehum', 'address9', 9);
insert into eventoEmergencia values (407283505, '0:09:33', 'dakac', 'address10', 10);
insert into eventoEmergencia values (768380558, '3:24:18', 'pezal', 'address11', 11);
insert into eventoEmergencia values (757409232, '2:12:42', 'wiwut', 'address12', 12);
insert into eventoEmergencia values (258467034, '1:13:12', 'hubeb', 'address13', 13);
insert into eventoEmergencia values (617856237, '5:42:15', 'gacur', 'address14', 14);
insert into eventoEmergencia values (143995139, '1:54:23', 'qowoj', 'address15', 15);
insert into eventoEmergencia values (721823219, '1:25:38', 'hupey', 'address16', 16);
insert into eventoEmergencia values (587881690, '3:23:35', 'qejud', 'address17', 17);
insert into eventoEmergencia values (727029011, '2:45:50', 'reyum', 'address18', 18);
insert into eventoEmergencia values (555173583, '0:59:43', 'nuleg', 'address19', 19);
insert into eventoEmergencia values (950788952, '4:07:13', 'xaqed', 'address20', 20);
insert into eventoEmergencia values (149539670, '0:29:00', 'zuvux', 'address21', 21);
insert into eventoEmergencia values (818813441, '3:16:34', 'cijut', 'address22', 22);
insert into eventoEmergencia values (761397997, '5:00:06', 'zifim', 'address23', 23);
insert into eventoEmergencia values (865743851, '2:06:27', 'dofib', 'address24', 24);
insert into eventoEmergencia values (980548298, '3:39:13', 'runuy', 'address25', 25);
insert into eventoEmergencia values (699573925, '0:03:16', 'pisev', 'address26', 26);
insert into eventoEmergencia values (213432209, '4:31:20', 'fepih', 'address27', 27);
insert into eventoEmergencia values (642279562, '0:13:39', 'locuw', 'address28', 28);
insert into eventoEmergencia values (781963560, '0:47:06', 'jijac', 'address29', 29);
insert into eventoEmergencia values (987161669, '3:53:50', 'mucer', 'address30', 30);
insert into eventoEmergencia values (777798967, '7:03:33', 'hesob', 'address31', 31);
insert into eventoEmergencia values (468945939, '0:18:53', 'sosuc', 'address32', 32);
insert into eventoEmergencia values (311372415, '0:03:25', 'supec', 'address33', 33);
insert into eventoEmergencia values (867699633, '1:32:02', 'kilog', 'address34', 34);
insert into eventoEmergencia values (897792252, '1:14:14', 'zoqit', 'address35', 35);
insert into eventoEmergencia values (602115422, '2:59:39', 'qoqaw', 'address36', 36);
insert into eventoEmergencia values (642406622, '11:32:40', 'vixen', 'address37', 37);
insert into eventoEmergencia values (595937158, '0:26:30', 'rowul', 'address38', 38);
insert into eventoEmergencia values (159092960, '2:16:28', 'jovib', 'address39', 39);
insert into eventoEmergencia values (782631502, '2:31:04', 'badoz', 'address40', 40);
insert into eventoEmergencia values (732027650, '0:16:57', 'bonuj', 'address41', 41);
insert into eventoEmergencia values (692086194, '2:26:19', 'vasoy', 'address42', 42);
insert into eventoEmergencia values (896866319, '1:45:49', 'mison', 'address43', 43);
insert into eventoEmergencia values (567470929, '1:09:03', 'xajec', 'address44', 44);
insert into eventoEmergencia values (689042142, '3:34:18', 'daxij', 'address45', 45);
insert into eventoEmergencia values (165829615, '0:33:40', 'qetab', 'address46', 46);
insert into eventoEmergencia values (724696455, '0:48:30', 'xoneh', 'address47', 47);
insert into eventoEmergencia values (741438439, '0:28:43', 'jodat', 'address48', 48);
insert into eventoEmergencia values (953733469, '1:19:28', 'migag', 'address49', 49);
insert into eventoEmergencia values (655646786, '2:52:58', 'luzuf', 'address50', 50);
insert into eventoEmergencia values (601218612, '1:18:07', 'wigey', 'address51', 51);
insert into eventoEmergencia values (102006961, '1:01:04', 'jatev', 'address52', 52);
insert into eventoEmergencia values (494513889, '2:25:18', 'hemub', 'address53', 53);
insert into eventoEmergencia values (703839116, '0:44:18', 'bimos', 'address54', 54);
insert into eventoEmergencia values (604151335, '7:13:17', 'bovod', 'address55', 55);
insert into eventoEmergencia values (267638542, '2:10:12', 'lokek', 'address56', 56);
insert into eventoEmergencia values (790616317, '0:34:28', 'wihid', 'address57', 57);
insert into eventoEmergencia values (520812714, '1:34:43', 'gajiq', 'address58', 58);
insert into eventoEmergencia values (649779926, '0:00:09', 'xojej', 'address59', 59);
insert into eventoEmergencia values (806230025, '5:40:09', 'xujax', 'address60', 60);
insert into eventoEmergencia values (364061894, '1:38:04', 'wutud', 'address61', 61);
insert into eventoEmergencia values (483191533, '0:40:32', 'kecol', 'address62', 62);
insert into eventoEmergencia values (325808576, '2:46:11', 'gigij', 'address63', 63);
insert into eventoEmergencia values (296329753, '1:56:01', 'hukuy', 'address64', 64);
insert into eventoEmergencia values (340502783, '0:07:07', 'nesor', 'address65', 65);
insert into eventoEmergencia values (542734323, '5:08:41', 'paxev', 'address66', 66);
insert into eventoEmergencia values (465055655, '1:57:58', 'sehaj', 'address67', 67);
insert into eventoEmergencia values (506381657, '0:29:29', 'cufih', 'address68', 68);
insert into eventoEmergencia values (460730119, '0:43:38', 'fokug', 'address69', 69);
insert into eventoEmergencia values (507513015, '1:57:46', 'tekov', 'address70', 70);
insert into eventoEmergencia values (122114555, '0:22:10', 'hirek', 'address71', 71);
insert into eventoEmergencia values (668858428, '0:44:38', 'cupex', 'address72', 72);
insert into eventoEmergencia values (886972881, '5:51:30', 'bixaq', 'address73', 73);
insert into eventoEmergencia values (112762951, '2:10:18', 'vesej', 'address74', 74);
insert into eventoEmergencia values (108545335, '1:25:10', 'nituh', 'address75', 75);
insert into eventoEmergencia values (937796656, '2:35:09', 'xokux', 'address76', 76);
insert into eventoEmergencia values (294695199, '1:55:01', 'niwel', 'address77', 77);
insert into eventoEmergencia values (976521579, '1:27:09', 'hihuq', 'address78', 78);
insert into eventoEmergencia values (987182913, '1:16:59', 'potez', 'address79', 79);
insert into eventoEmergencia values (587770752, '9:46:39', 'yozel', 'address80', 80);
insert into eventoEmergencia values (870118329, '1:56:42', 'heqaw', 'address81', 81);
insert into eventoEmergencia values (725963298, '1:07:30', 'socob', 'address82', 82);
insert into eventoEmergencia values (361355102, '1:04:06', 'sulih', 'address83', 83);
insert into eventoEmergencia values (779412375, '7:17:22', 'mahel', 'address84', 84);
insert into eventoEmergencia values (831471504, '0:08:19', 'muruz', 'address85', 85);
insert into eventoEmergencia values (361239874, '2:39:00', 'cukin', 'address86', 86);
insert into eventoEmergencia values (100177417, '0:37:29', 'juyim', 'address87', 87);
insert into eventoEmergencia values (164772204, '4:18:14', 'zoqub', 'address88', 88);
insert into eventoEmergencia values (360535923, '4:06:06', 'panak', 'address89', 89);
insert into eventoEmergencia values (580419571, '0:07:31', 'moloj', 'address90', 90);
insert into eventoEmergencia values (701026152, '2:55:17', 'siceg', 'address91', 91);
insert into eventoEmergencia values (881242296, '12:09:07', 'xarik', 'address92', 92);
insert into eventoEmergencia values (144029813, '1:23:12', 'horel', 'address93', 93);
insert into eventoEmergencia values (153954043, '1:09:48', 'bufoj', 'address94', 94);
insert into eventoEmergencia values (430168976, '2:56:06', 'fadil', 'address95', 95);
insert into eventoEmergencia values (287923158, '1:06:51', 'qined', 'address96', 96);
insert into eventoEmergencia values (406651939, '3:26:17', 'sicuk', 'address97', 97);
insert into eventoEmergencia values (906084355, '2:30:33', 'hozav', 'address98', 98);
insert into eventoEmergencia values (423647118, '0:29:01', 'xuyul', 'address99', 99);
insert into eventoEmergencia values (770342111, '1:49:06', 'xexol', 'address100', 100);

insert into entidadeMeio values ('exército_de_xeguv');
insert into entidadeMeio values ('exército_de_sopur');
insert into entidadeMeio values ('exército_de_jugap');
insert into entidadeMeio values ('bombeiros_de_tumuh');
insert into entidadeMeio values ('força aérea_de_mopoj');
insert into entidadeMeio values ('polícia_de_zowuj');
insert into entidadeMeio values ('exército_de_kogix');
insert into entidadeMeio values ('município_de_yovar');
insert into entidadeMeio values ('exército_de_hetob');
insert into entidadeMeio values ('polícia_de_ladey');
insert into entidadeMeio values ('força aérea_de_deday');
insert into entidadeMeio values ('município_de_povot');
insert into entidadeMeio values ('município_de_lojij');
insert into entidadeMeio values ('exército_de_xijok');
insert into entidadeMeio values ('força aérea_de_pirav');
insert into entidadeMeio values ('força aérea_de_xafep');
insert into entidadeMeio values ('polícia_de_kefol');
insert into entidadeMeio values ('município_de_haxox');
insert into entidadeMeio values ('bombeiros_de_josog');
insert into entidadeMeio values ('município_de_mehob');
insert into entidadeMeio values ('município_de_tugun');
insert into entidadeMeio values ('bombeiros_de_pigit');
insert into entidadeMeio values ('polícia_de_xuqub');
insert into entidadeMeio values ('município_de_lavop');
insert into entidadeMeio values ('bombeiros_de_doxov');
insert into entidadeMeio values ('força aérea_de_xoyov');
insert into entidadeMeio values ('bombeiros_de_cepod');
insert into entidadeMeio values ('exército_de_likok');
insert into entidadeMeio values ('exército_de_guyev');
insert into entidadeMeio values ('município_de_cavak');
insert into entidadeMeio values ('força aérea_de_wipev');
insert into entidadeMeio values ('polícia_de_cixud');
insert into entidadeMeio values ('polícia_de_modev');
insert into entidadeMeio values ('bombeiros_de_beves');
insert into entidadeMeio values ('bombeiros_de_jubay');
insert into entidadeMeio values ('força aérea_de_majoq');
insert into entidadeMeio values ('município_de_wiwoy');
insert into entidadeMeio values ('município_de_dacej');
insert into entidadeMeio values ('polícia_de_juqis');
insert into entidadeMeio values ('bombeiros_de_togiw');
insert into entidadeMeio values ('município_de_huyug');
insert into entidadeMeio values ('município_de_betut');
insert into entidadeMeio values ('força aérea_de_diwop');
insert into entidadeMeio values ('polícia_de_raxaf');
insert into entidadeMeio values ('polícia_de_zupaq');
insert into entidadeMeio values ('exército_de_kijug');
insert into entidadeMeio values ('bombeiros_de_zukib');
insert into entidadeMeio values ('município_de_yuqul');
insert into entidadeMeio values ('município_de_vufaz');
insert into entidadeMeio values ('força aérea_de_gabig');
insert into entidadeMeio values ('polícia_de_semed');
insert into entidadeMeio values ('bombeiros_de_mavas');
insert into entidadeMeio values ('força aérea_de_cuvug');
insert into entidadeMeio values ('força aérea_de_yikel');
insert into entidadeMeio values ('município_de_yoqar');
insert into entidadeMeio values ('município_de_simey');
insert into entidadeMeio values ('força aérea_de_soroh');
insert into entidadeMeio values ('bombeiros_de_jexeb');
insert into entidadeMeio values ('município_de_lawaw');
insert into entidadeMeio values ('bombeiros_de_vigol');
insert into entidadeMeio values ('exército_de_fifaq');
insert into entidadeMeio values ('polícia_de_himoq');
insert into entidadeMeio values ('força aérea_de_darut');
insert into entidadeMeio values ('bombeiros_de_civoc');
insert into entidadeMeio values ('município_de_raxur');
insert into entidadeMeio values ('exército_de_pahuz');
insert into entidadeMeio values ('força aérea_de_renim');
insert into entidadeMeio values ('exército_de_yenew');
insert into entidadeMeio values ('exército_de_levep');
insert into entidadeMeio values ('exército_de_nijen');
insert into entidadeMeio values ('exército_de_bemaq');
insert into entidadeMeio values ('município_de_hihaj');
insert into entidadeMeio values ('bombeiros_de_yupib');
insert into entidadeMeio values ('força aérea_de_bipip');
insert into entidadeMeio values ('município_de_beheb');
insert into entidadeMeio values ('exército_de_tiyey');
insert into entidadeMeio values ('bombeiros_de_jubuc');
insert into entidadeMeio values ('bombeiros_de_sayed');
insert into entidadeMeio values ('força aérea_de_zatac');
insert into entidadeMeio values ('município_de_jetix');
insert into entidadeMeio values ('força aérea_de_woyam');
insert into entidadeMeio values ('exército_de_safes');
insert into entidadeMeio values ('polícia_de_tivuw');
insert into entidadeMeio values ('polícia_de_jidij');
insert into entidadeMeio values ('bombeiros_de_hoqob');
insert into entidadeMeio values ('polícia_de_miyob');
insert into entidadeMeio values ('exército_de_yoxod');
insert into entidadeMeio values ('bombeiros_de_cagih');
insert into entidadeMeio values ('bombeiros_de_tilaw');
insert into entidadeMeio values ('município_de_futis');
insert into entidadeMeio values ('município_de_lifiw');
insert into entidadeMeio values ('bombeiros_de_zolow');
insert into entidadeMeio values ('bombeiros_de_comuw');
insert into entidadeMeio values ('exército_de_gilos');
insert into entidadeMeio values ('polícia_de_tokes');
insert into entidadeMeio values ('força aérea_de_wowew');
insert into entidadeMeio values ('exército_de_vezaf');
insert into entidadeMeio values ('município_de_cohap');
insert into entidadeMeio values ('município_de_vomuw');
insert into entidadeMeio values ('bombeiros_de_qedod');

insert into meio values (1, 'Socorro', 'exército_de_xeguv');
insert into meio values (2, 'Apoio', 'exército_de_sopur');
insert into meio values (3, 'Apoio', 'exército_de_jugap');
insert into meio values (4, 'Socorro', 'bombeiros_de_tumuh');
insert into meio values (5, 'Socorro', 'força aérea_de_mopoj');
insert into meio values (6, 'Socorro', 'polícia_de_zowuj');
insert into meio values (7, 'Combate', 'exército_de_kogix');
insert into meio values (8, 'Combate', 'município_de_yovar');
insert into meio values (9, 'Socorro', 'exército_de_hetob');
insert into meio values (10, 'Apoio', 'polícia_de_ladey');
insert into meio values (11, 'Socorro', 'força aérea_de_deday');
insert into meio values (12, 'Socorro', 'município_de_povot');
insert into meio values (13, 'Combate', 'município_de_lojij');
insert into meio values (14, 'Socorro', 'exército_de_xijok');
insert into meio values (15, 'Apoio', 'força aérea_de_pirav');
insert into meio values (16, 'Apoio', 'força aérea_de_xafep');
insert into meio values (17, 'Combate', 'polícia_de_kefol');
insert into meio values (18, 'Apoio', 'município_de_haxox');
insert into meio values (19, 'Socorro', 'bombeiros_de_josog');
insert into meio values (20, 'Apoio', 'município_de_mehob');
insert into meio values (21, 'Combate', 'município_de_tugun');
insert into meio values (22, 'Combate', 'bombeiros_de_pigit');
insert into meio values (23, 'Socorro', 'polícia_de_xuqub');
insert into meio values (24, 'Socorro', 'município_de_lavop');
insert into meio values (25, 'Apoio', 'bombeiros_de_doxov');
insert into meio values (26, 'Socorro', 'força aérea_de_xoyov');
insert into meio values (27, 'Combate', 'bombeiros_de_cepod');
insert into meio values (28, 'Apoio', 'exército_de_likok');
insert into meio values (29, 'Combate', 'exército_de_guyev');
insert into meio values (30, 'Apoio', 'município_de_cavak');
insert into meio values (31, 'Socorro', 'força aérea_de_wipev');
insert into meio values (32, 'Apoio', 'polícia_de_cixud');
insert into meio values (33, 'Apoio', 'polícia_de_modev');
insert into meio values (34, 'Combate', 'bombeiros_de_beves');
insert into meio values (35, 'Apoio', 'bombeiros_de_jubay');
insert into meio values (36, 'Apoio', 'força aérea_de_majoq');
insert into meio values (37, 'Apoio', 'município_de_wiwoy');
insert into meio values (38, 'Apoio', 'município_de_dacej');
insert into meio values (39, 'Apoio', 'polícia_de_juqis');
insert into meio values (40, 'Socorro', 'bombeiros_de_togiw');
insert into meio values (41, 'Apoio', 'município_de_huyug');
insert into meio values (42, 'Socorro', 'município_de_betut');
insert into meio values (43, 'Apoio', 'força aérea_de_diwop');
insert into meio values (44, 'Apoio', 'polícia_de_raxaf');
insert into meio values (45, 'Apoio', 'polícia_de_zupaq');
insert into meio values (46, 'Socorro', 'exército_de_kijug');
insert into meio values (47, 'Socorro', 'bombeiros_de_zukib');
insert into meio values (48, 'Socorro', 'município_de_yuqul');
insert into meio values (49, 'Apoio', 'município_de_vufaz');
insert into meio values (50, 'Apoio', 'força aérea_de_gabig');
insert into meio values (51, 'Socorro', 'polícia_de_semed');
insert into meio values (52, 'Socorro', 'bombeiros_de_mavas');
insert into meio values (53, 'Socorro', 'força aérea_de_cuvug');
insert into meio values (54, 'Combate', 'força aérea_de_yikel');
insert into meio values (55, 'Combate', 'município_de_yoqar');
insert into meio values (56, 'Apoio', 'município_de_simey');
insert into meio values (57, 'Apoio', 'força aérea_de_soroh');
insert into meio values (58, 'Socorro', 'bombeiros_de_jexeb');
insert into meio values (59, 'Combate', 'município_de_lawaw');
insert into meio values (60, 'Socorro', 'bombeiros_de_vigol');
insert into meio values (61, 'Apoio', 'exército_de_fifaq');
insert into meio values (62, 'Apoio', 'polícia_de_himoq');
insert into meio values (63, 'Combate', 'força aérea_de_darut');
insert into meio values (64, 'Socorro', 'bombeiros_de_civoc');
insert into meio values (65, 'Apoio', 'município_de_raxur');
insert into meio values (66, 'Socorro', 'exército_de_pahuz');
insert into meio values (67, 'Socorro', 'força aérea_de_renim');
insert into meio values (68, 'Apoio', 'exército_de_yenew');
insert into meio values (69, 'Apoio', 'exército_de_levep');
insert into meio values (70, 'Combate', 'exército_de_nijen');
insert into meio values (71, 'Socorro', 'exército_de_bemaq');
insert into meio values (72, 'Apoio', 'município_de_hihaj');
insert into meio values (73, 'Combate', 'bombeiros_de_yupib');
insert into meio values (74, 'Combate', 'força aérea_de_bipip');
insert into meio values (75, 'Apoio', 'município_de_beheb');
insert into meio values (76, 'Apoio', 'exército_de_tiyey');
insert into meio values (77, 'Socorro', 'bombeiros_de_jubuc');
insert into meio values (78, 'Combate', 'bombeiros_de_sayed');
insert into meio values (79, 'Socorro', 'força aérea_de_zatac');
insert into meio values (80, 'Combate', 'município_de_jetix');
insert into meio values (81, 'Combate', 'força aérea_de_woyam');
insert into meio values (82, 'Combate', 'exército_de_safes');
insert into meio values (83, 'Apoio', 'polícia_de_tivuw');
insert into meio values (84, 'Socorro', 'polícia_de_jidij');
insert into meio values (85, 'Combate', 'bombeiros_de_hoqob');
insert into meio values (86, 'Socorro', 'polícia_de_miyob');
insert into meio values (87, 'Socorro', 'exército_de_yoxod');
insert into meio values (88, 'Combate', 'bombeiros_de_cagih');
insert into meio values (89, 'Socorro', 'bombeiros_de_tilaw');
insert into meio values (90, 'Socorro', 'município_de_futis');
insert into meio values (91, 'Combate', 'município_de_lifiw');
insert into meio values (92, 'Socorro', 'bombeiros_de_zolow');
insert into meio values (93, 'Apoio', 'bombeiros_de_comuw');
insert into meio values (94, 'Combate', 'exército_de_gilos');
insert into meio values (95, 'Combate', 'polícia_de_tokes');
insert into meio values (96, 'Socorro', 'força aérea_de_wowew');
insert into meio values (97, 'Socorro', 'exército_de_vezaf');
insert into meio values (98, 'Socorro', 'município_de_cohap');
insert into meio values (99, 'Apoio', 'município_de_vomuw');
insert into meio values (100, 'Combate', 'bombeiros_de_qedod');

insert into meioCombate values (7, 'exército_de_kogix');
insert into meioCombate values (8, 'município_de_yovar');
insert into meioCombate values (13, 'município_de_lojij');
insert into meioCombate values (17, 'polícia_de_kefol');
insert into meioCombate values (21, 'município_de_tugun');
insert into meioCombate values (22, 'bombeiros_de_pigit');
insert into meioCombate values (27, 'bombeiros_de_cepod');
insert into meioCombate values (29, 'exército_de_guyev');
insert into meioCombate values (34, 'bombeiros_de_beves');
insert into meioCombate values (54, 'força aérea_de_yikel');
insert into meioCombate values (55, 'município_de_yoqar');
insert into meioCombate values (59, 'município_de_lawaw');
insert into meioCombate values (63, 'força aérea_de_darut');
insert into meioCombate values (70, 'exército_de_nijen');
insert into meioCombate values (73, 'bombeiros_de_yupib');
insert into meioCombate values (74, 'força aérea_de_bipip');
insert into meioCombate values (78, 'bombeiros_de_sayed');
insert into meioCombate values (80, 'município_de_jetix');
insert into meioCombate values (81, 'força aérea_de_woyam');
insert into meioCombate values (82, 'exército_de_safes');
insert into meioCombate values (85, 'bombeiros_de_hoqob');
insert into meioCombate values (88, 'bombeiros_de_cagih');
insert into meioCombate values (91, 'município_de_lifiw');
insert into meioCombate values (94, 'exército_de_gilos');
insert into meioCombate values (95, 'polícia_de_tokes');
insert into meioCombate values (100, 'bombeiros_de_qedod');

insert into meioApoio values (2, 'exército_de_sopur');
insert into meioApoio values (3, 'exército_de_jugap');
insert into meioApoio values (10, 'polícia_de_ladey');
insert into meioApoio values (15, 'força aérea_de_pirav');
insert into meioApoio values (16, 'força aérea_de_xafep');
insert into meioApoio values (18, 'município_de_haxox');
insert into meioApoio values (20, 'município_de_mehob');
insert into meioApoio values (25, 'bombeiros_de_doxov');
insert into meioApoio values (28, 'exército_de_likok');
insert into meioApoio values (30, 'município_de_cavak');
insert into meioApoio values (32, 'polícia_de_cixud');
insert into meioApoio values (33, 'polícia_de_modev');
insert into meioApoio values (35, 'bombeiros_de_jubay');
insert into meioApoio values (36, 'força aérea_de_majoq');
insert into meioApoio values (37, 'município_de_wiwoy');
insert into meioApoio values (38, 'município_de_dacej');
insert into meioApoio values (39, 'polícia_de_juqis');
insert into meioApoio values (41, 'município_de_huyug');
insert into meioApoio values (43, 'força aérea_de_diwop');
insert into meioApoio values (44, 'polícia_de_raxaf');
insert into meioApoio values (45, 'polícia_de_zupaq');
insert into meioApoio values (49, 'município_de_vufaz');
insert into meioApoio values (50, 'força aérea_de_gabig');
insert into meioApoio values (56, 'município_de_simey');
insert into meioApoio values (57, 'força aérea_de_soroh');
insert into meioApoio values (61, 'exército_de_fifaq');
insert into meioApoio values (62, 'polícia_de_himoq');
insert into meioApoio values (65, 'município_de_raxur');
insert into meioApoio values (68, 'exército_de_yenew');
insert into meioApoio values (69, 'exército_de_levep');
insert into meioApoio values (72, 'município_de_hihaj');
insert into meioApoio values (75, 'município_de_beheb');
insert into meioApoio values (76, 'exército_de_tiyey');
insert into meioApoio values (83, 'polícia_de_tivuw');
insert into meioApoio values (93, 'bombeiros_de_comuw');
insert into meioApoio values (99, 'município_de_vomuw');

insert into meioSocorro values (1, 'exército_de_xeguv');
insert into meioSocorro values (4, 'bombeiros_de_tumuh');
insert into meioSocorro values (5, 'força aérea_de_mopoj');
insert into meioSocorro values (6, 'polícia_de_zowuj');
insert into meioSocorro values (9, 'exército_de_hetob');
insert into meioSocorro values (11, 'força aérea_de_deday');
insert into meioSocorro values (12, 'município_de_povot');
insert into meioSocorro values (14, 'exército_de_xijok');
insert into meioSocorro values (19, 'bombeiros_de_josog');
insert into meioSocorro values (23, 'polícia_de_xuqub');
insert into meioSocorro values (24, 'município_de_lavop');
insert into meioSocorro values (26, 'força aérea_de_xoyov');
insert into meioSocorro values (31, 'força aérea_de_wipev');
insert into meioSocorro values (40, 'bombeiros_de_togiw');
insert into meioSocorro values (42, 'município_de_betut');
insert into meioSocorro values (46, 'exército_de_kijug');
insert into meioSocorro values (47, 'bombeiros_de_zukib');
insert into meioSocorro values (48, 'município_de_yuqul');
insert into meioSocorro values (51, 'polícia_de_semed');
insert into meioSocorro values (52, 'bombeiros_de_mavas');
insert into meioSocorro values (53, 'força aérea_de_cuvug');
insert into meioSocorro values (58, 'bombeiros_de_jexeb');
insert into meioSocorro values (60, 'bombeiros_de_vigol');
insert into meioSocorro values (64, 'bombeiros_de_civoc');
insert into meioSocorro values (66, 'exército_de_pahuz');
insert into meioSocorro values (67, 'força aérea_de_renim');
insert into meioSocorro values (71, 'exército_de_bemaq');
insert into meioSocorro values (77, 'bombeiros_de_jubuc');
insert into meioSocorro values (79, 'força aérea_de_zatac');
insert into meioSocorro values (84, 'polícia_de_jidij');
insert into meioSocorro values (86, 'polícia_de_miyob');
insert into meioSocorro values (87, 'exército_de_yoxod');
insert into meioSocorro values (89, 'bombeiros_de_tilaw');
insert into meioSocorro values (90, 'município_de_futis');
insert into meioSocorro values (92, 'bombeiros_de_zolow');
insert into meioSocorro values (96, 'força aérea_de_wowew');
insert into meioSocorro values (97, 'exército_de_vezaf');
insert into meioSocorro values (98, 'município_de_cohap');

insert into transporta values (1, 'exército_de_xeguv', 60, 1);
insert into transporta values (4, 'bombeiros_de_tumuh', 76, 4);
insert into transporta values (5, 'força aérea_de_mopoj', 18, 5);
insert into transporta values (6, 'polícia_de_zowuj', 48, 6);
insert into transporta values (9, 'exército_de_hetob', 3, 9);
insert into transporta values (11, 'força aérea_de_deday', 58, 11);
insert into transporta values (12, 'município_de_povot', 92, 12);
insert into transporta values (14, 'exército_de_xijok', 19, 14);
insert into transporta values (19, 'bombeiros_de_josog', 30, 19);
insert into transporta values (23, 'polícia_de_xuqub', 20, 23);
insert into transporta values (24, 'município_de_lavop', 75, 24);
insert into transporta values (26, 'força aérea_de_xoyov', 65, 26);
insert into transporta values (31, 'força aérea_de_wipev', 88, 31);
insert into transporta values (40, 'bombeiros_de_togiw', 24, 40);
insert into transporta values (42, 'município_de_betut', 64, 42);
insert into transporta values (46, 'exército_de_kijug', 50, 46);
insert into transporta values (47, 'bombeiros_de_zukib', 14, 47);
insert into transporta values (48, 'município_de_yuqul', 19, 48);
insert into transporta values (51, 'polícia_de_semed', 28, 51);
insert into transporta values (52, 'bombeiros_de_mavas', 95, 52);
insert into transporta values (53, 'força aérea_de_cuvug', 77, 53);
insert into transporta values (58, 'bombeiros_de_jexeb', 96, 58);
insert into transporta values (60, 'bombeiros_de_vigol', 57, 60);
insert into transporta values (64, 'bombeiros_de_civoc', 57, 64);
insert into transporta values (66, 'exército_de_pahuz', 97, 66);
insert into transporta values (67, 'força aérea_de_renim', 69, 67);
insert into transporta values (71, 'exército_de_bemaq', 55, 71);
insert into transporta values (77, 'bombeiros_de_jubuc', 47, 77);
insert into transporta values (79, 'força aérea_de_zatac', 3, 79);
insert into transporta values (84, 'polícia_de_jidij', 51, 84);
insert into transporta values (86, 'polícia_de_miyob', 42, 86);
insert into transporta values (87, 'exército_de_yoxod', 48, 87);
insert into transporta values (89, 'bombeiros_de_tilaw', 41, 89);
insert into transporta values (90, 'município_de_futis', 78, 90);
insert into transporta values (92, 'bombeiros_de_zolow', 10, 92);
insert into transporta values (96, 'força aérea_de_wowew', 32, 96);
insert into transporta values (97, 'exército_de_vezaf', 4, 97);
insert into transporta values (98, 'município_de_cohap', 83, 98);

insert into alocado values (2, 'exército_de_sopur', 58, 2);
insert into alocado values (3, 'exército_de_jugap', 40, 3);
insert into alocado values (10, 'polícia_de_ladey', 57, 10);
insert into alocado values (15, 'força aérea_de_pirav', 39, 15);
insert into alocado values (16, 'força aérea_de_xafep', 11, 16);
insert into alocado values (18, 'município_de_haxox', 37, 18);
insert into alocado values (20, 'município_de_mehob', 41, 20);
insert into alocado values (25, 'bombeiros_de_doxov', 55, 25);
insert into alocado values (28, 'exército_de_likok', 26, 28);
insert into alocado values (30, 'município_de_cavak', 58, 30);
insert into alocado values (32, 'polícia_de_cixud', 2, 32);
insert into alocado values (33, 'polícia_de_modev', 16, 33);
insert into alocado values (35, 'bombeiros_de_jubay', 33, 35);
insert into alocado values (36, 'força aérea_de_majoq', 29, 36);
insert into alocado values (37, 'município_de_wiwoy', 26, 37);
insert into alocado values (38, 'município_de_dacej', 3, 38);
insert into alocado values (39, 'polícia_de_juqis', 44, 39);
insert into alocado values (41, 'município_de_huyug', 51, 41);
insert into alocado values (43, 'força aérea_de_diwop', 47, 43);
insert into alocado values (44, 'polícia_de_raxaf', 12, 44);
insert into alocado values (45, 'polícia_de_zupaq', 4, 45);
insert into alocado values (49, 'município_de_vufaz', 23, 49);
insert into alocado values (50, 'força aérea_de_gabig', 59, 50);
insert into alocado values (56, 'município_de_simey', 28, 56);
insert into alocado values (57, 'força aérea_de_soroh', 30, 57);
insert into alocado values (61, 'exército_de_fifaq', 38, 61);
insert into alocado values (62, 'polícia_de_himoq', 39, 62);
insert into alocado values (65, 'município_de_raxur', 10, 65);
insert into alocado values (68, 'exército_de_yenew', 36, 68);
insert into alocado values (69, 'exército_de_levep', 33, 69);
insert into alocado values (72, 'município_de_hihaj', 6, 72);
insert into alocado values (75, 'município_de_beheb', 49, 75);
insert into alocado values (76, 'exército_de_tiyey', 3, 76);
insert into alocado values (83, 'polícia_de_tivuw', 5, 83);
insert into alocado values (93, 'bombeiros_de_comuw', 28, 93);
insert into alocado values (99, 'município_de_vomuw', 41, 99);

insert into acciona values (1, 'exército_de_xeguv', 1);
insert into acciona values (2, 'exército_de_sopur', 2);
insert into acciona values (3, 'exército_de_jugap', 3);
insert into acciona values (4, 'bombeiros_de_tumuh', 4);
insert into acciona values (5, 'força aérea_de_mopoj', 5);
insert into acciona values (6, 'polícia_de_zowuj', 6);
insert into acciona values (7, 'exército_de_kogix', 7);
insert into acciona values (8, 'município_de_yovar', 8);
insert into acciona values (9, 'exército_de_hetob', 9);
insert into acciona values (10, 'polícia_de_ladey', 10);
insert into acciona values (11, 'força aérea_de_deday', 11);
insert into acciona values (12, 'município_de_povot', 12);
insert into acciona values (13, 'município_de_lojij', 13);
insert into acciona values (14, 'exército_de_xijok', 14);
insert into acciona values (15, 'força aérea_de_pirav', 15);
insert into acciona values (16, 'força aérea_de_xafep', 16);
insert into acciona values (17, 'polícia_de_kefol', 17);
insert into acciona values (18, 'município_de_haxox', 18);
insert into acciona values (19, 'bombeiros_de_josog', 19);
insert into acciona values (20, 'município_de_mehob', 20);
insert into acciona values (21, 'município_de_tugun', 21);
insert into acciona values (22, 'bombeiros_de_pigit', 22);
insert into acciona values (23, 'polícia_de_xuqub', 23);
insert into acciona values (24, 'município_de_lavop', 24);
insert into acciona values (25, 'bombeiros_de_doxov', 25);
insert into acciona values (26, 'força aérea_de_xoyov', 26);
insert into acciona values (27, 'bombeiros_de_cepod', 27);
insert into acciona values (28, 'exército_de_likok', 28);
insert into acciona values (29, 'exército_de_guyev', 29);
insert into acciona values (30, 'município_de_cavak', 30);
insert into acciona values (31, 'força aérea_de_wipev', 31);
insert into acciona values (32, 'polícia_de_cixud', 32);
insert into acciona values (33, 'polícia_de_modev', 33);
insert into acciona values (34, 'bombeiros_de_beves', 34);
insert into acciona values (35, 'bombeiros_de_jubay', 35);
insert into acciona values (36, 'força aérea_de_majoq', 36);
insert into acciona values (37, 'município_de_wiwoy', 37);
insert into acciona values (38, 'município_de_dacej', 38);
insert into acciona values (39, 'polícia_de_juqis', 39);
insert into acciona values (40, 'bombeiros_de_togiw', 40);
insert into acciona values (41, 'município_de_huyug', 41);
insert into acciona values (42, 'município_de_betut', 42);
insert into acciona values (43, 'força aérea_de_diwop', 43);
insert into acciona values (44, 'polícia_de_raxaf', 44);
insert into acciona values (45, 'polícia_de_zupaq', 45);
insert into acciona values (46, 'exército_de_kijug', 46);
insert into acciona values (47, 'bombeiros_de_zukib', 47);
insert into acciona values (48, 'município_de_yuqul', 48);
insert into acciona values (49, 'município_de_vufaz', 49);
insert into acciona values (50, 'força aérea_de_gabig', 50);
insert into acciona values (51, 'polícia_de_semed', 51);
insert into acciona values (52, 'bombeiros_de_mavas', 52);
insert into acciona values (53, 'força aérea_de_cuvug', 53);
insert into acciona values (54, 'força aérea_de_yikel', 54);
insert into acciona values (55, 'município_de_yoqar', 55);
insert into acciona values (56, 'município_de_simey', 56);
insert into acciona values (57, 'força aérea_de_soroh', 57);
insert into acciona values (58, 'bombeiros_de_jexeb', 58);
insert into acciona values (59, 'município_de_lawaw', 59);
insert into acciona values (60, 'bombeiros_de_vigol', 60);
insert into acciona values (61, 'exército_de_fifaq', 61);
insert into acciona values (62, 'polícia_de_himoq', 62);
insert into acciona values (63, 'força aérea_de_darut', 63);
insert into acciona values (64, 'bombeiros_de_civoc', 64);
insert into acciona values (65, 'município_de_raxur', 65);
insert into acciona values (66, 'exército_de_pahuz', 66);
insert into acciona values (67, 'força aérea_de_renim', 67);
insert into acciona values (68, 'exército_de_yenew', 68);
insert into acciona values (69, 'exército_de_levep', 69);
insert into acciona values (70, 'exército_de_nijen', 70);
insert into acciona values (71, 'exército_de_bemaq', 71);
insert into acciona values (72, 'município_de_hihaj', 72);
insert into acciona values (73, 'bombeiros_de_yupib', 73);
insert into acciona values (74, 'força aérea_de_bipip', 74);
insert into acciona values (75, 'município_de_beheb', 75);
insert into acciona values (76, 'exército_de_tiyey', 76);
insert into acciona values (77, 'bombeiros_de_jubuc', 77);
insert into acciona values (78, 'bombeiros_de_sayed', 78);
insert into acciona values (79, 'força aérea_de_zatac', 79);
insert into acciona values (80, 'município_de_jetix', 80);
insert into acciona values (81, 'força aérea_de_woyam', 81);
insert into acciona values (82, 'exército_de_safes', 82);
insert into acciona values (83, 'polícia_de_tivuw', 83);
insert into acciona values (84, 'polícia_de_jidij', 84);
insert into acciona values (85, 'bombeiros_de_hoqob', 85);
insert into acciona values (86, 'polícia_de_miyob', 86);
insert into acciona values (87, 'exército_de_yoxod', 87);
insert into acciona values (88, 'bombeiros_de_cagih', 88);
insert into acciona values (89, 'bombeiros_de_tilaw', 89);
insert into acciona values (90, 'município_de_futis', 90);
insert into acciona values (91, 'município_de_lifiw', 91);
insert into acciona values (92, 'bombeiros_de_zolow', 92);
insert into acciona values (93, 'bombeiros_de_comuw', 93);
insert into acciona values (94, 'exército_de_gilos', 94);
insert into acciona values (95, 'polícia_de_tokes', 95);
insert into acciona values (96, 'força aérea_de_wowew', 96);
insert into acciona values (97, 'exército_de_vezaf', 97);
insert into acciona values (98, 'município_de_cohap', 98);
insert into acciona values (99, 'município_de_vomuw', 99);
insert into acciona values (100, 'bombeiros_de_qedod', 100);

insert into coordenador values (1);
insert into coordenador values (2);
insert into coordenador values (3);
insert into coordenador values (4);
insert into coordenador values (5);
insert into coordenador values (6);
insert into coordenador values (7);
insert into coordenador values (8);
insert into coordenador values (9);
insert into coordenador values (10);
insert into coordenador values (11);
insert into coordenador values (12);
insert into coordenador values (13);
insert into coordenador values (14);
insert into coordenador values (15);
insert into coordenador values (16);
insert into coordenador values (17);
insert into coordenador values (18);
insert into coordenador values (19);
insert into coordenador values (20);
insert into coordenador values (21);
insert into coordenador values (22);
insert into coordenador values (23);
insert into coordenador values (24);
insert into coordenador values (25);
insert into coordenador values (26);
insert into coordenador values (27);
insert into coordenador values (28);
insert into coordenador values (29);
insert into coordenador values (30);
insert into coordenador values (31);
insert into coordenador values (32);
insert into coordenador values (33);
insert into coordenador values (34);
insert into coordenador values (35);
insert into coordenador values (36);
insert into coordenador values (37);
insert into coordenador values (38);
insert into coordenador values (39);
insert into coordenador values (40);
insert into coordenador values (41);
insert into coordenador values (42);
insert into coordenador values (43);
insert into coordenador values (44);
insert into coordenador values (45);
insert into coordenador values (46);
insert into coordenador values (47);
insert into coordenador values (48);
insert into coordenador values (49);
insert into coordenador values (50);
insert into coordenador values (51);
insert into coordenador values (52);
insert into coordenador values (53);
insert into coordenador values (54);
insert into coordenador values (55);
insert into coordenador values (56);
insert into coordenador values (57);
insert into coordenador values (58);
insert into coordenador values (59);
insert into coordenador values (60);
insert into coordenador values (61);
insert into coordenador values (62);
insert into coordenador values (63);
insert into coordenador values (64);
insert into coordenador values (65);
insert into coordenador values (66);
insert into coordenador values (67);
insert into coordenador values (68);
insert into coordenador values (69);
insert into coordenador values (70);
insert into coordenador values (71);
insert into coordenador values (72);
insert into coordenador values (73);
insert into coordenador values (74);
insert into coordenador values (75);
insert into coordenador values (76);
insert into coordenador values (77);
insert into coordenador values (78);
insert into coordenador values (79);
insert into coordenador values (80);
insert into coordenador values (81);
insert into coordenador values (82);
insert into coordenador values (83);
insert into coordenador values (84);
insert into coordenador values (85);
insert into coordenador values (86);
insert into coordenador values (87);
insert into coordenador values (88);
insert into coordenador values (89);
insert into coordenador values (90);
insert into coordenador values (91);
insert into coordenador values (92);
insert into coordenador values (93);
insert into coordenador values (94);
insert into coordenador values (95);
insert into coordenador values (96);
insert into coordenador values (97);
insert into coordenador values (98);
insert into coordenador values (99);
insert into coordenador values (100);

insert into audita values (1, 1, 'exército_de_xeguv', 1, '2019-01-01 15:41:46', '2019-01-02 14:27:21', '2019-01-01','Auditoria do processo 1 que comecou no dia 2019-01-01 15:41:46 e acabou no dia 2019-01-02 14:27:21 da entidade exército_de_xeguv do Meio de Socorro');
insert into audita values (2, 2, 'exército_de_sopur', 2, '2019-01-02 19:25:20', '2019-01-02 21:20:14', '2019-01-02','Auditoria do processo 2 que comecou no dia 2019-01-02 19:25:20 e acabou no dia 2019-01-02 21:20:14 da entidade exército_de_sopur do Meio de Apoio');
insert into audita values (3, 3, 'exército_de_jugap', 3, '2019-01-02 14:40:09', '2019-01-03 01:59:46', '2019-01-02','Auditoria do processo 3 que comecou no dia 2019-01-02 14:40:09 e acabou no dia 2019-01-03 01:59:46 da entidade exército_de_jugap do Meio de Apoio');
insert into audita values (4, 4, 'bombeiros_de_tumuh', 4, '2019-01-03 20:00:36', '2019-01-05 10:58:58', '2019-01-03','Auditoria do processo 4 que comecou no dia 2019-01-03 20:00:36 e acabou no dia 2019-01-05 10:58:58 da entidade bombeiros_de_tumuh do Meio de Socorro');
insert into audita values (5, 5, 'força aérea_de_mopoj', 5, '2019-01-05 17:44:36', '2019-01-05 21:06:37', '2019-01-05','Auditoria do processo 5 que comecou no dia 2019-01-05 17:44:36 e acabou no dia 2019-01-05 21:06:37 da entidade força aérea_de_mopoj do Meio de Socorro');
insert into audita values (6, 6, 'polícia_de_zowuj', 6, '2019-01-04 02:12:54', '2019-01-04 21:50:48', '2019-01-04','Auditoria do processo 6 que comecou no dia 2019-01-04 02:12:54 e acabou no dia 2019-01-04 21:50:48 da entidade polícia_de_zowuj do Meio de Socorro');
insert into audita values (7, 7, 'exército_de_kogix', 7, '2019-01-05 12:30:56', '2019-01-06 06:21:31', '2019-01-05','Auditoria do processo 7 que comecou no dia 2019-01-05 12:30:56 e acabou no dia 2019-01-06 06:21:31 da entidade exército_de_kogix do Meio de Combate');
insert into audita values (8, 8, 'município_de_yovar', 8, '2019-01-06 13:40:39', '2019-01-08 12:12:58', '2019-01-06','Auditoria do processo 8 que comecou no dia 2019-01-06 13:40:39 e acabou no dia 2019-01-08 12:12:58 da entidade município_de_yovar do Meio de Combate');
insert into audita values (9, 9, 'exército_de_hetob', 9, '2019-01-08 10:39:18', '2019-01-09 01:39:39', '2019-01-08','Auditoria do processo 9 que comecou no dia 2019-01-08 10:39:18 e acabou no dia 2019-01-09 01:39:39 da entidade exército_de_hetob do Meio de Socorro');
insert into audita values (10, 10, 'polícia_de_ladey', 10, '2019-01-08 19:04:48', '2019-01-08 22:09:22', '2019-01-08','Auditoria do processo 10 que comecou no dia 2019-01-08 19:04:48 e acabou no dia 2019-01-08 22:09:22 da entidade polícia_de_ladey do Meio de Apoio');
insert into audita values (11, 11, 'força aérea_de_deday', 11, '2019-01-10 22:40:34', '2019-01-10 23:21:53', '2019-01-10','Auditoria do processo 11 que comecou no dia 2019-01-10 22:40:34 e acabou no dia 2019-01-10 23:21:53 da entidade força aérea_de_deday do Meio de Socorro');
insert into audita values (12, 12, 'município_de_povot', 12, '2019-01-10 01:29:45', '2019-01-10 09:51:31', '2019-01-10','Auditoria do processo 12 que comecou no dia 2019-01-10 01:29:45 e acabou no dia 2019-01-10 09:51:31 da entidade município_de_povot do Meio de Socorro');
insert into audita values (13, 13, 'município_de_lojij', 13, '2019-01-08 04:07:12', '2019-01-09 03:36:00', '2019-01-08','Auditoria do processo 13 que comecou no dia 2019-01-08 04:07:12 e acabou no dia 2019-01-09 03:36:00 da entidade município_de_lojij do Meio de Combate');
insert into audita values (14, 14, 'exército_de_xijok', 14, '2019-01-10 15:05:30', '2019-01-11 02:08:11', '2019-01-10','Auditoria do processo 14 que comecou no dia 2019-01-10 15:05:30 e acabou no dia 2019-01-11 02:08:11 da entidade exército_de_xijok do Meio de Socorro');
insert into audita values (15, 15, 'força aérea_de_pirav', 15, '2019-01-12 07:04:58', '2019-01-12 23:46:12', '2019-01-12','Auditoria do processo 15 que comecou no dia 2019-01-12 07:04:58 e acabou no dia 2019-01-12 23:46:12 da entidade força aérea_de_pirav do Meio de Apoio');
insert into audita values (16, 16, 'força aérea_de_xafep', 16, '2019-01-13 19:37:37', '2019-01-15 22:01:33', '2019-01-13','Auditoria do processo 16 que comecou no dia 2019-01-13 19:37:37 e acabou no dia 2019-01-15 22:01:33 da entidade força aérea_de_xafep do Meio de Apoio');
insert into audita values (17, 17, 'polícia_de_kefol', 17, '2019-01-13 00:39:46', '2019-01-13 04:51:37', '2019-01-13','Auditoria do processo 17 que comecou no dia 2019-01-13 00:39:46 e acabou no dia 2019-01-13 04:51:37 da entidade polícia_de_kefol do Meio de Combate');
insert into audita values (18, 18, 'município_de_haxox', 18, '2019-01-15 19:01:21', '2019-01-16 01:01:26', '2019-01-15','Auditoria do processo 18 que comecou no dia 2019-01-15 19:01:21 e acabou no dia 2019-01-16 01:01:26 da entidade município_de_haxox do Meio de Apoio');
insert into audita values (19, 19, 'bombeiros_de_josog', 19, '2019-01-13 15:25:04', '2019-01-13 18:12:18', '2019-01-13','Auditoria do processo 19 que comecou no dia 2019-01-13 15:25:04 e acabou no dia 2019-01-13 18:12:18 da entidade bombeiros_de_josog do Meio de Socorro');
insert into audita values (20, 20, 'município_de_mehob', 20, '2019-01-11 20:04:29', '2019-01-12 09:55:02', '2019-01-11','Auditoria do processo 20 que comecou no dia 2019-01-11 20:04:29 e acabou no dia 2019-01-12 09:55:02 da entidade município_de_mehob do Meio de Apoio');
insert into audita values (21, 21, 'município_de_tugun', 21, '2019-01-15 06:31:12', '2019-01-15 11:35:03', '2019-01-15','Auditoria do processo 21 que comecou no dia 2019-01-15 06:31:12 e acabou no dia 2019-01-15 11:35:03 da entidade município_de_tugun do Meio de Combate');
insert into audita values (22, 22, 'bombeiros_de_pigit', 22, '2019-01-12 11:49:33', '2019-01-13 19:43:29', '2019-01-12','Auditoria do processo 22 que comecou no dia 2019-01-12 11:49:33 e acabou no dia 2019-01-13 19:43:29 da entidade bombeiros_de_pigit do Meio de Combate');
insert into audita values (23, 23, 'polícia_de_xuqub', 23, '2019-01-18 11:30:09', '2019-01-18 17:46:09', '2019-01-18','Auditoria do processo 23 que comecou no dia 2019-01-18 11:30:09 e acabou no dia 2019-01-18 17:46:09 da entidade polícia_de_xuqub do Meio de Socorro');
insert into audita values (24, 24, 'município_de_lavop', 24, '2019-01-18 02:38:03', '2019-01-18 05:40:34', '2019-01-18','Auditoria do processo 24 que comecou no dia 2019-01-18 02:38:03 e acabou no dia 2019-01-18 05:40:34 da entidade município_de_lavop do Meio de Socorro');
insert into audita values (25, 25, 'bombeiros_de_doxov', 25, '2019-01-17 09:22:13', '2019-01-17 15:05:29', '2019-01-17','Auditoria do processo 25 que comecou no dia 2019-01-17 09:22:13 e acabou no dia 2019-01-17 15:05:29 da entidade bombeiros_de_doxov do Meio de Apoio');
insert into audita values (26, 26, 'força aérea_de_xoyov', 26, '2019-01-19 22:05:20', '2019-01-21 05:23:22', '2019-01-19','Auditoria do processo 26 que comecou no dia 2019-01-19 22:05:20 e acabou no dia 2019-01-21 05:23:22 da entidade força aérea_de_xoyov do Meio de Socorro');
insert into audita values (27, 27, 'bombeiros_de_cepod', 27, '2019-01-17 23:12:02', '2019-01-18 05:27:35', '2019-01-17','Auditoria do processo 27 que comecou no dia 2019-01-17 23:12:02 e acabou no dia 2019-01-18 05:27:35 da entidade bombeiros_de_cepod do Meio de Combate');
insert into audita values (28, 28, 'exército_de_likok', 28, '2019-01-19 01:30:51', '2019-01-19 06:13:04', '2019-01-19','Auditoria do processo 28 que comecou no dia 2019-01-19 01:30:51 e acabou no dia 2019-01-19 06:13:04 da entidade exército_de_likok do Meio de Apoio');
insert into audita values (29, 29, 'exército_de_guyev', 29, '2019-01-23 16:15:31', '2019-01-23 22:59:32', '2019-01-23','Auditoria do processo 29 que comecou no dia 2019-01-23 16:15:31 e acabou no dia 2019-01-23 22:59:32 da entidade exército_de_guyev do Meio de Combate');
insert into audita values (30, 30, 'município_de_cavak', 30, '2019-01-19 16:49:06', '2019-01-19 21:33:04', '2019-01-19','Auditoria do processo 30 que comecou no dia 2019-01-19 16:49:06 e acabou no dia 2019-01-19 21:33:04 da entidade município_de_cavak do Meio de Apoio');
insert into audita values (31, 31, 'força aérea_de_wipev', 31, '2019-01-18 05:44:20', '2019-01-18 06:51:15', '2019-01-18','Auditoria do processo 31 que comecou no dia 2019-01-18 05:44:20 e acabou no dia 2019-01-18 06:51:15 da entidade força aérea_de_wipev do Meio de Socorro');
insert into audita values (32, 32, 'polícia_de_cixud', 32, '2019-01-19 13:14:55', '2019-01-21 01:57:16', '2019-01-19','Auditoria do processo 32 que comecou no dia 2019-01-19 13:14:55 e acabou no dia 2019-01-21 01:57:16 da entidade polícia_de_cixud do Meio de Apoio');
insert into audita values (33, 33, 'polícia_de_modev', 33, '2019-01-20 10:34:12', '2019-01-20 12:41:38', '2019-01-20','Auditoria do processo 33 que comecou no dia 2019-01-20 10:34:12 e acabou no dia 2019-01-20 12:41:38 da entidade polícia_de_modev do Meio de Apoio');
insert into audita values (34, 34, 'bombeiros_de_beves', 34, '2019-01-24 07:09:41', '2019-01-25 01:13:42', '2019-01-24','Auditoria do processo 34 que comecou no dia 2019-01-24 07:09:41 e acabou no dia 2019-01-25 01:13:42 da entidade bombeiros_de_beves do Meio de Combate');
insert into audita values (35, 35, 'bombeiros_de_jubay', 35, '2019-01-20 22:41:02', '2019-01-22 02:25:57', '2019-01-20','Auditoria do processo 35 que comecou no dia 2019-01-20 22:41:02 e acabou no dia 2019-01-22 02:25:57 da entidade bombeiros_de_jubay do Meio de Apoio');
insert into audita values (36, 36, 'força aérea_de_majoq', 36, '2019-01-26 11:11:01', '2019-01-26 13:19:50', '2019-01-26','Auditoria do processo 36 que comecou no dia 2019-01-26 11:11:01 e acabou no dia 2019-01-26 13:19:50 da entidade força aérea_de_majoq do Meio de Apoio');
insert into audita values (37, 37, 'município_de_wiwoy', 37, '2019-01-20 06:04:58', '2019-01-20 06:34:32', '2019-01-20','Auditoria do processo 37 que comecou no dia 2019-01-20 06:04:58 e acabou no dia 2019-01-20 06:34:32 da entidade município_de_wiwoy do Meio de Apoio');
insert into audita values (38, 38, 'município_de_dacej', 38, '2019-01-23 20:02:13', '2019-01-25 15:19:01', '2019-01-23','Auditoria do processo 38 que comecou no dia 2019-01-23 20:02:13 e acabou no dia 2019-01-25 15:19:01 da entidade município_de_dacej do Meio de Apoio');
insert into audita values (39, 39, 'polícia_de_juqis', 39, '2019-01-30 05:35:23', '2019-01-30 09:47:58', '2019-01-30','Auditoria do processo 39 que comecou no dia 2019-01-30 05:35:23 e acabou no dia 2019-01-30 09:47:58 da entidade polícia_de_juqis do Meio de Apoio');
insert into audita values (40, 40, 'bombeiros_de_togiw', 40, '2019-01-22 13:34:19', '2019-01-22 14:33:02', '2019-01-22','Auditoria do processo 40 que comecou no dia 2019-01-22 13:34:19 e acabou no dia 2019-01-22 14:33:02 da entidade bombeiros_de_togiw do Meio de Socorro');
insert into audita values (41, 41, 'município_de_huyug', 41, '2019-01-27 00:20:35', '2019-01-27 04:45:42', '2019-01-27','Auditoria do processo 41 que comecou no dia 2019-01-27 00:20:35 e acabou no dia 2019-01-27 04:45:42 da entidade município_de_huyug do Meio de Apoio');
insert into audita values (42, 42, 'município_de_betut', 42, '2019-01-22 08:12:03', '2019-01-22 12:00:33', '2019-01-22','Auditoria do processo 42 que comecou no dia 2019-01-22 08:12:03 e acabou no dia 2019-01-22 12:00:33 da entidade município_de_betut do Meio de Socorro');
insert into audita values (43, 43, 'força aérea_de_diwop', 43, '2019-01-21 10:35:31', '2019-01-22 12:35:54', '2019-01-21','Auditoria do processo 43 que comecou no dia 2019-01-21 10:35:31 e acabou no dia 2019-01-22 12:35:54 da entidade força aérea_de_diwop do Meio de Apoio');
insert into audita values (44, 44, 'polícia_de_raxaf', 44, '2019-01-29 06:59:42', '2019-01-29 18:32:52', '2019-01-29','Auditoria do processo 44 que comecou no dia 2019-01-29 06:59:42 e acabou no dia 2019-01-29 18:32:52 da entidade polícia_de_raxaf do Meio de Apoio');
insert into audita values (45, 45, 'polícia_de_zupaq', 45, '2019-01-30 07:27:52', '2019-01-30 08:33:49', '2019-01-30','Auditoria do processo 45 que comecou no dia 2019-01-30 07:27:52 e acabou no dia 2019-01-30 08:33:49 da entidade polícia_de_zupaq do Meio de Apoio');
insert into audita values (46, 46, 'exército_de_kijug', 46, '2019-01-30 17:58:01', '2019-01-30 19:43:49', '2019-01-30','Auditoria do processo 46 que comecou no dia 2019-01-30 17:58:01 e acabou no dia 2019-01-30 19:43:49 da entidade exército_de_kijug do Meio de Socorro');
insert into audita values (47, 47, 'bombeiros_de_zukib', 47, '2019-01-27 00:47:18', '2019-01-27 14:35:43', '2019-01-27','Auditoria do processo 47 que comecou no dia 2019-01-27 00:47:18 e acabou no dia 2019-01-27 14:35:43 da entidade bombeiros_de_zukib do Meio de Socorro');
insert into audita values (48, 48, 'município_de_yuqul', 48, '2019-02-01 22:10:44', '2019-02-02 04:45:32', '2019-02-01','Auditoria do processo 48 que comecou no dia 2019-02-01 22:10:44 e acabou no dia 2019-02-02 04:45:32 da entidade município_de_yuqul do Meio de Socorro');
insert into audita values (49, 49, 'município_de_vufaz', 49, '2019-01-27 19:22:26', '2019-01-27 20:51:09', '2019-01-27','Auditoria do processo 49 que comecou no dia 2019-01-27 19:22:26 e acabou no dia 2019-01-27 20:51:09 da entidade município_de_vufaz do Meio de Apoio');
insert into audita values (50, 50, 'força aérea_de_gabig', 50, '2019-02-01 18:42:01', '2019-02-04 00:17:29', '2019-02-01','Auditoria do processo 50 que comecou no dia 2019-02-01 18:42:01 e acabou no dia 2019-02-04 00:17:29 da entidade força aérea_de_gabig do Meio de Apoio');
insert into audita values (51, 51, 'polícia_de_semed', 51, '2019-01-27 03:37:33', '2019-01-27 20:00:52', '2019-01-27','Auditoria do processo 51 que comecou no dia 2019-01-27 03:37:33 e acabou no dia 2019-01-27 20:00:52 da entidade polícia_de_semed do Meio de Socorro');
insert into audita values (52, 52, 'bombeiros_de_mavas', 52, '2019-02-02 17:12:18', '2019-02-02 19:06:49', '2019-02-02','Auditoria do processo 52 que comecou no dia 2019-02-02 17:12:18 e acabou no dia 2019-02-02 19:06:49 da entidade bombeiros_de_mavas do Meio de Socorro');
insert into audita values (53, 53, 'força aérea_de_cuvug', 53, '2019-02-01 12:20:42', '2019-02-02 11:46:10', '2019-02-01','Auditoria do processo 53 que comecou no dia 2019-02-01 12:20:42 e acabou no dia 2019-02-02 11:46:10 da entidade força aérea_de_cuvug do Meio de Socorro');
insert into audita values (54, 54, 'força aérea_de_yikel', 54, '2019-01-30 23:11:23', '2019-01-31 08:27:47', '2019-01-30','Auditoria do processo 54 que comecou no dia 2019-01-30 23:11:23 e acabou no dia 2019-01-31 08:27:47 da entidade força aérea_de_yikel do Meio de Combate');
insert into audita values (55, 55, 'município_de_yoqar', 55, '2019-02-05 11:39:25', '2019-02-05 14:32:27', '2019-02-05','Auditoria do processo 55 que comecou no dia 2019-02-05 11:39:25 e acabou no dia 2019-02-05 14:32:27 da entidade município_de_yoqar do Meio de Combate');
insert into audita values (56, 56, 'município_de_simey', 56, '2019-02-06 16:34:53', '2019-02-08 07:51:04', '2019-02-06','Auditoria do processo 56 que comecou no dia 2019-02-06 16:34:53 e acabou no dia 2019-02-08 07:51:04 da entidade município_de_simey do Meio de Apoio');
insert into audita values (57, 57, 'força aérea_de_soroh', 57, '2019-02-03 15:54:30', '2019-02-04 04:59:38', '2019-02-03','Auditoria do processo 57 que comecou no dia 2019-02-03 15:54:30 e acabou no dia 2019-02-04 04:59:38 da entidade força aérea_de_soroh do Meio de Apoio');
insert into audita values (58, 58, 'bombeiros_de_jexeb', 58, '2019-02-08 11:02:18', '2019-02-08 17:10:02', '2019-02-08','Auditoria do processo 58 que comecou no dia 2019-02-08 11:02:18 e acabou no dia 2019-02-08 17:10:02 da entidade bombeiros_de_jexeb do Meio de Socorro');
insert into audita values (59, 59, 'município_de_lawaw', 59, '2019-02-03 20:20:15', '2019-02-04 04:29:31', '2019-02-03','Auditoria do processo 59 que comecou no dia 2019-02-03 20:20:15 e acabou no dia 2019-02-04 04:29:31 da entidade município_de_lawaw do Meio de Combate');
insert into audita values (60, 60, 'bombeiros_de_vigol', 60, '2019-02-02 14:11:29', '2019-02-03 08:44:01', '2019-02-02','Auditoria do processo 60 que comecou no dia 2019-02-02 14:11:29 e acabou no dia 2019-02-03 08:44:01 da entidade bombeiros_de_vigol do Meio de Socorro');
insert into audita values (61, 61, 'exército_de_fifaq', 61, '2019-02-10 06:00:54', '2019-02-10 15:16:38', '2019-02-10','Auditoria do processo 61 que comecou no dia 2019-02-10 06:00:54 e acabou no dia 2019-02-10 15:16:38 da entidade exército_de_fifaq do Meio de Apoio');
insert into audita values (62, 62, 'polícia_de_himoq', 62, '2019-02-11 05:16:36', '2019-02-12 22:16:31', '2019-02-11','Auditoria do processo 62 que comecou no dia 2019-02-11 05:16:36 e acabou no dia 2019-02-12 22:16:31 da entidade polícia_de_himoq do Meio de Apoio');
insert into audita values (63, 63, 'força aérea_de_darut', 63, '2019-02-10 19:03:18', '2019-02-11 02:31:40', '2019-02-10','Auditoria do processo 63 que comecou no dia 2019-02-10 19:03:18 e acabou no dia 2019-02-11 02:31:40 da entidade força aérea_de_darut do Meio de Combate');
insert into audita values (64, 64, 'bombeiros_de_civoc', 64, '2019-02-12 07:19:10', '2019-02-12 11:02:24', '2019-02-12','Auditoria do processo 64 que comecou no dia 2019-02-12 07:19:10 e acabou no dia 2019-02-12 11:02:24 da entidade bombeiros_de_civoc do Meio de Socorro');
insert into audita values (65, 65, 'município_de_raxur', 65, '2019-02-07 16:22:37', '2019-02-08 11:53:58', '2019-02-07','Auditoria do processo 65 que comecou no dia 2019-02-07 16:22:37 e acabou no dia 2019-02-08 11:53:58 da entidade município_de_raxur do Meio de Apoio');
insert into audita values (66, 66, 'exército_de_pahuz', 66, '2019-02-06 08:41:40', '2019-02-07 03:20:44', '2019-02-06','Auditoria do processo 66 que comecou no dia 2019-02-06 08:41:40 e acabou no dia 2019-02-07 03:20:44 da entidade exército_de_pahuz do Meio de Socorro');
insert into audita values (67, 67, 'força aérea_de_renim', 67, '2019-02-09 22:27:17', '2019-02-11 19:39:34', '2019-02-09','Auditoria do processo 67 que comecou no dia 2019-02-09 22:27:17 e acabou no dia 2019-02-11 19:39:34 da entidade força aérea_de_renim do Meio de Socorro');
insert into audita values (68, 68, 'exército_de_yenew', 68, '2019-02-05 17:37:07', '2019-02-06 11:23:22', '2019-02-05','Auditoria do processo 68 que comecou no dia 2019-02-05 17:37:07 e acabou no dia 2019-02-06 11:23:22 da entidade exército_de_yenew do Meio de Apoio');
insert into audita values (69, 69, 'exército_de_levep', 69, '2019-02-14 18:54:40', '2019-02-15 17:07:12', '2019-02-14','Auditoria do processo 69 que comecou no dia 2019-02-14 18:54:40 e acabou no dia 2019-02-15 17:07:12 da entidade exército_de_levep do Meio de Apoio');
insert into audita values (70, 70, 'exército_de_nijen', 70, '2019-02-08 02:33:42', '2019-02-09 04:15:46', '2019-02-08','Auditoria do processo 70 que comecou no dia 2019-02-08 02:33:42 e acabou no dia 2019-02-09 04:15:46 da entidade exército_de_nijen do Meio de Combate');
insert into audita values (71, 71, 'exército_de_bemaq', 71, '2019-02-13 12:49:35', '2019-02-13 15:01:39', '2019-02-13','Auditoria do processo 71 que comecou no dia 2019-02-13 12:49:35 e acabou no dia 2019-02-13 15:01:39 da entidade exército_de_bemaq do Meio de Socorro');
insert into audita values (72, 72, 'município_de_hihaj', 72, '2019-02-14 16:12:49', '2019-02-15 02:15:23', '2019-02-14','Auditoria do processo 72 que comecou no dia 2019-02-14 16:12:49 e acabou no dia 2019-02-15 02:15:23 da entidade município_de_hihaj do Meio de Apoio');
insert into audita values (73, 73, 'bombeiros_de_yupib', 73, '2019-02-11 04:09:01', '2019-02-11 05:33:02', '2019-02-11','Auditoria do processo 73 que comecou no dia 2019-02-11 04:09:01 e acabou no dia 2019-02-11 05:33:02 da entidade bombeiros_de_yupib do Meio de Combate');
insert into audita values (74, 74, 'força aérea_de_bipip', 74, '2019-02-18 22:15:12', '2019-02-19 15:46:49', '2019-02-18','Auditoria do processo 74 que comecou no dia 2019-02-18 22:15:12 e acabou no dia 2019-02-19 15:46:49 da entidade força aérea_de_bipip do Meio de Combate');
insert into audita values (75, 75, 'município_de_beheb', 75, '2019-02-10 02:01:01', '2019-02-10 05:59:13', '2019-02-10','Auditoria do processo 75 que comecou no dia 2019-02-10 02:01:01 e acabou no dia 2019-02-10 05:59:13 da entidade município_de_beheb do Meio de Apoio');
insert into audita values (76, 76, 'exército_de_tiyey', 76, '2019-02-12 08:16:22', '2019-02-14 05:48:09', '2019-02-12','Auditoria do processo 76 que comecou no dia 2019-02-12 08:16:22 e acabou no dia 2019-02-14 05:48:09 da entidade exército_de_tiyey do Meio de Apoio');
insert into audita values (77, 77, 'bombeiros_de_jubuc', 77, '2019-02-17 21:05:49', '2019-02-18 07:58:32', '2019-02-17','Auditoria do processo 77 que comecou no dia 2019-02-17 21:05:49 e acabou no dia 2019-02-18 07:58:32 da entidade bombeiros_de_jubuc do Meio de Socorro');
insert into audita values (78, 78, 'bombeiros_de_sayed', 78, '2019-02-16 13:18:10', '2019-02-17 22:16:03', '2019-02-16','Auditoria do processo 78 que comecou no dia 2019-02-16 13:18:10 e acabou no dia 2019-02-17 22:16:03 da entidade bombeiros_de_sayed do Meio de Combate');
insert into audita values (79, 79, 'força aérea_de_zatac', 79, '2019-02-14 17:01:27', '2019-02-15 04:06:23', '2019-02-14','Auditoria do processo 79 que comecou no dia 2019-02-14 17:01:27 e acabou no dia 2019-02-15 04:06:23 da entidade força aérea_de_zatac do Meio de Socorro');
insert into audita values (80, 80, 'município_de_jetix', 80, '2019-02-11 08:40:11', '2019-02-12 02:51:11', '2019-02-11','Auditoria do processo 80 que comecou no dia 2019-02-11 08:40:11 e acabou no dia 2019-02-12 02:51:11 da entidade município_de_jetix do Meio de Combate');
insert into audita values (81, 81, 'força aérea_de_woyam', 81, '2019-02-14 03:25:46', '2019-02-14 07:30:56', '2019-02-14','Auditoria do processo 81 que comecou no dia 2019-02-14 03:25:46 e acabou no dia 2019-02-14 07:30:56 da entidade força aérea_de_woyam do Meio de Combate');
insert into audita values (82, 82, 'exército_de_safes', 82, '2019-02-21 10:46:49', '2019-02-21 12:58:20', '2019-02-21','Auditoria do processo 82 que comecou no dia 2019-02-21 10:46:49 e acabou no dia 2019-02-21 12:58:20 da entidade exército_de_safes do Meio de Combate');
insert into audita values (83, 83, 'polícia_de_tivuw', 83, '2019-02-20 14:46:03', '2019-02-20 23:48:57', '2019-02-20','Auditoria do processo 83 que comecou no dia 2019-02-20 14:46:03 e acabou no dia 2019-02-20 23:48:57 da entidade polícia_de_tivuw do Meio de Apoio');
insert into audita values (84, 84, 'polícia_de_jidij', 84, '2019-02-21 09:53:05', '2019-02-22 18:02:15', '2019-02-21','Auditoria do processo 84 que comecou no dia 2019-02-21 09:53:05 e acabou no dia 2019-02-22 18:02:15 da entidade polícia_de_jidij do Meio de Socorro');
insert into audita values (85, 85, 'bombeiros_de_hoqob', 85, '2019-02-21 15:40:48', '2019-02-21 21:25:54', '2019-02-21','Auditoria do processo 85 que comecou no dia 2019-02-21 15:40:48 e acabou no dia 2019-02-21 21:25:54 da entidade bombeiros_de_hoqob do Meio de Combate');
insert into audita values (86, 86, 'polícia_de_miyob', 86, '2019-02-22 05:57:37', '2019-02-22 12:00:01', '2019-02-22','Auditoria do processo 86 que comecou no dia 2019-02-22 05:57:37 e acabou no dia 2019-02-22 12:00:01 da entidade polícia_de_miyob do Meio de Socorro');
insert into audita values (87, 87, 'exército_de_yoxod', 87, '2019-02-19 00:15:02', '2019-02-19 00:27:35', '2019-02-19','Auditoria do processo 87 que comecou no dia 2019-02-19 00:15:02 e acabou no dia 2019-02-19 00:27:35 da entidade exército_de_yoxod do Meio de Socorro');
insert into audita values (88, 88, 'bombeiros_de_cagih', 88, '2019-02-23 23:51:56', '2019-02-24 00:31:16', '2019-02-23','Auditoria do processo 88 que comecou no dia 2019-02-23 23:51:56 e acabou no dia 2019-02-24 00:31:16 da entidade bombeiros_de_cagih do Meio de Combate');
insert into audita values (89, 89, 'bombeiros_de_tilaw', 89, '2019-02-22 07:56:33', '2019-02-22 16:17:48', '2019-02-22','Auditoria do processo 89 que comecou no dia 2019-02-22 07:56:33 e acabou no dia 2019-02-22 16:17:48 da entidade bombeiros_de_tilaw do Meio de Socorro');
insert into audita values (90, 90, 'município_de_futis', 90, '2019-02-24 07:31:15', '2019-02-24 09:53:26', '2019-02-24','Auditoria do processo 90 que comecou no dia 2019-02-24 07:31:15 e acabou no dia 2019-02-24 09:53:26 da entidade município_de_futis do Meio de Socorro');
insert into audita values (91, 91, 'município_de_lifiw', 91, '2019-02-22 22:48:13', '2019-02-23 16:48:38', '2019-02-22','Auditoria do processo 91 que comecou no dia 2019-02-22 22:48:13 e acabou no dia 2019-02-23 16:48:38 da entidade município_de_lifiw do Meio de Combate');
insert into audita values (92, 92, 'bombeiros_de_zolow', 92, '2019-02-26 00:03:55', '2019-02-27 03:52:28', '2019-02-26','Auditoria do processo 92 que comecou no dia 2019-02-26 00:03:55 e acabou no dia 2019-02-27 03:52:28 da entidade bombeiros_de_zolow do Meio de Socorro');
insert into audita values (93, 93, 'bombeiros_de_comuw', 93, '2019-02-24 12:03:16', '2019-02-24 19:38:43', '2019-02-24','Auditoria do processo 93 que comecou no dia 2019-02-24 12:03:16 e acabou no dia 2019-02-24 19:38:43 da entidade bombeiros_de_comuw do Meio de Apoio');
insert into audita values (94, 94, 'exército_de_gilos', 94, '2019-02-25 23:45:31', '2019-02-26 09:25:32', '2019-02-25','Auditoria do processo 94 que comecou no dia 2019-02-25 23:45:31 e acabou no dia 2019-02-26 09:25:32 da entidade exército_de_gilos do Meio de Combate');
insert into audita values (95, 95, 'polícia_de_tokes', 95, '2019-02-25 11:58:18', '2019-02-26 19:18:26', '2019-02-25','Auditoria do processo 95 que comecou no dia 2019-02-25 11:58:18 e acabou no dia 2019-02-26 19:18:26 da entidade polícia_de_tokes do Meio de Combate');
insert into audita values (96, 96, 'força aérea_de_wowew', 96, '2019-02-27 12:50:50', '2019-02-27 16:34:23', '2019-02-27','Auditoria do processo 96 que comecou no dia 2019-02-27 12:50:50 e acabou no dia 2019-02-27 16:34:23 da entidade força aérea_de_wowew do Meio de Socorro');
insert into audita values (97, 97, 'exército_de_vezaf', 97, '2019-03-01 16:39:12', '2019-03-01 20:05:03', '2019-03-01','Auditoria do processo 97 que comecou no dia 2019-03-01 16:39:12 e acabou no dia 2019-03-01 20:05:03 da entidade exército_de_vezaf do Meio de Socorro');
insert into audita values (98, 98, 'município_de_cohap', 98, '2019-03-01 20:45:35', '2019-03-01 23:01:29', '2019-03-01','Auditoria do processo 98 que comecou no dia 2019-03-01 20:45:35 e acabou no dia 2019-03-01 23:01:29 da entidade município_de_cohap do Meio de Socorro');
insert into audita values (99, 99, 'município_de_vomuw', 99, '2019-03-01 11:34:55', '2019-03-01 11:34:55', '2019-03-01','Auditoria do processo 99 que comecou no dia 2019-03-01 11:34:55 e acabou no dia 2019-03-01 11:34:55 da entidade município_de_vomuw do Meio de Apoio');
insert into audita values (100, 100, 'bombeiros_de_qedod', 100, '2019-03-01 11:52:27', '2019-03-01 13:32:25', '2019-03-01','Auditoria do processo 100 que comecou no dia 2019-03-01 11:52:27 e acabou no dia 2019-03-01 13:32:25 da entidade bombeiros_de_qedod do Meio de Combate');

insert into solicita values (1, '2018-01-20 13:56:33', 1, '2019-02-01 15:18:31', '2019-02-01 23:37:00');
insert into solicita values (2, '2018-01-20 15:05:26', 2, '2019-02-02 12:02:48', '2019-02-03 01:41:50');
insert into solicita values (3, '2018-01-20 16:54:15', 3, '2019-02-01 19:22:45', '2019-02-02 01:42:18');
insert into solicita values (4, '2018-01-20 17:49:23', 4, '2019-02-02 16:04:30', '2019-02-03 00:02:15');
insert into solicita values (5, '2018-01-20 18:45:14', 5, '2019-02-03 13:35:06', '2019-02-03 20:23:32');
insert into solicita values (6, '2018-01-20 21:20:51', 6, '2019-02-02 20:17:39', '2019-02-03 18:29:40');
insert into solicita values (7, '2018-01-20 23:32:45', 7, '2019-02-03 11:41:18', '2019-02-03 13:57:32');
insert into solicita values (8, '2018-01-21 00:32:19', 8, '2019-02-05 02:49:35', '2019-02-05 10:34:20');
insert into solicita values (9, '2018-01-21 01:26:26', 9, '2019-02-05 02:41:13', '2019-02-05 04:21:53');
insert into solicita values (10, '2018-01-21 01:40:19', 10, '2019-02-04 00:34:02', '2019-02-04 01:20:14');
insert into solicita values (11, '2018-01-21 01:49:52', 11, '2019-02-05 04:45:17', '2019-02-05 20:50:35');
insert into solicita values (12, '2018-01-21 05:14:10', 12, '2019-02-06 23:56:05', '2019-02-07 08:42:30');
insert into solicita values (13, '2018-01-21 07:26:52', 13, '2019-02-05 04:04:54', '2019-02-05 04:09:01');
insert into solicita values (14, '2018-01-21 08:40:04', 14, '2019-02-06 19:15:30', '2019-02-07 21:00:09');
insert into solicita values (15, '2018-01-21 14:22:19', 15, '2019-02-05 17:03:10', '2019-02-05 19:04:28');
insert into solicita values (16, '2018-01-21 16:16:42', 16, '2019-02-04 14:48:30', '2019-02-04 21:48:10');
insert into solicita values (17, '2018-01-21 17:42:20', 17, '2019-02-06 03:47:05', '2019-02-06 07:04:49');
insert into solicita values (18, '2018-01-21 21:05:55', 18, '2019-02-08 07:58:41', '2019-02-08 16:24:13');
insert into solicita values (19, '2018-01-21 23:51:45', 19, '2019-02-06 11:51:48', '2019-02-07 05:53:11');
insert into solicita values (20, '2018-01-22 00:51:28', 20, '2019-02-07 02:20:51', '2019-02-07 03:14:27');
insert into solicita values (21, '2018-01-22 04:58:41', 21, '2019-02-08 09:18:27', '2019-02-08 19:48:38');
insert into solicita values (22, '2018-01-22 05:27:41', 22, '2019-02-07 02:31:38', '2019-02-07 03:05:31');
insert into solicita values (23, '2018-01-22 08:44:15', 23, '2019-02-08 10:03:37', '2019-02-08 11:15:01');
insert into solicita values (24, '2018-01-22 13:44:21', 24, '2019-02-08 02:11:54', '2019-02-08 05:19:29');
insert into solicita values (25, '2018-01-22 15:50:48', 25, '2019-02-06 13:22:02', '2019-02-06 17:26:13');
insert into solicita values (26, '2018-01-22 19:30:01', 26, '2019-02-11 22:38:00', '2019-02-12 01:00:44');
insert into solicita values (27, '2018-01-22 19:33:17', 27, '2019-02-07 10:07:53', '2019-02-07 18:19:12');
insert into solicita values (28, '2018-01-23 00:04:37', 28, '2019-02-10 17:15:04', '2019-02-10 23:54:45');
insert into solicita values (29, '2018-01-23 00:18:16', 29, '2019-02-09 06:09:18', '2019-02-09 10:36:50');
insert into solicita values (30, '2018-01-23 01:05:22', 30, '2019-02-11 04:11:57', '2019-02-11 09:02:50');
insert into solicita values (31, '2018-01-23 04:59:12', 31, '2019-02-10 22:41:31', '2019-02-11 02:43:00');
insert into solicita values (32, '2018-01-23 12:02:45', 32, '2019-02-09 16:34:22', '2019-02-10 21:46:08');
insert into solicita values (33, '2018-01-23 12:21:38', 33, '2019-02-09 13:18:26', '2019-02-10 07:39:37');
insert into solicita values (34, '2018-01-23 12:25:03', 34, '2019-02-13 04:48:32', '2019-02-13 07:06:44');
insert into solicita values (35, '2018-01-23 13:57:05', 35, '2019-02-10 17:13:01', '2019-02-11 04:09:31');
insert into solicita values (36, '2018-01-23 15:11:19', 36, '2019-02-11 07:04:25', '2019-02-11 07:37:15');
insert into solicita values (37, '2018-01-23 18:10:58', 37, '2019-02-11 07:13:13', '2019-02-11 15:55:52');
insert into solicita values (38, '2018-01-24 05:43:38', 38, '2019-02-12 06:03:43', '2019-02-12 13:25:04');
insert into solicita values (39, '2018-01-24 06:10:08', 39, '2019-02-13 22:59:13', '2019-02-14 04:47:57');
insert into solicita values (40, '2018-01-24 08:26:36', 40, '2019-02-10 15:23:33', '2019-02-11 06:18:01');
insert into solicita values (41, '2018-01-24 10:57:40', 41, '2019-02-10 15:04:10', '2019-02-10 22:42:42');
insert into solicita values (42, '2018-01-24 11:14:37', 42, '2019-02-15 18:58:40', '2019-02-15 22:06:20');
insert into solicita values (43, '2018-01-24 13:40:56', 43, '2019-02-14 13:46:48', '2019-02-14 13:56:25');
insert into solicita values (44, '2018-01-24 15:26:45', 44, '2019-02-12 15:38:38', '2019-02-12 17:21:21');
insert into solicita values (45, '2018-01-24 16:35:48', 45, '2019-02-12 19:49:09', '2019-02-12 23:05:39');
insert into solicita values (46, '2018-01-24 20:10:06', 46, '2019-02-13 21:52:55', '2019-02-13 23:39:25');
insert into solicita values (47, '2018-01-24 20:43:46', 47, '2019-02-12 21:49:41', '2019-02-13 02:16:57');
insert into solicita values (48, '2018-01-24 21:32:16', 48, '2019-02-12 18:44:42', '2019-02-12 20:03:32');
insert into solicita values (49, '2018-01-24 22:00:59', 49, '2019-02-18 14:58:09', '2019-02-18 15:35:50');
insert into solicita values (50, '2018-01-24 23:20:27', 50, '2019-02-14 17:58:46', '2019-02-14 21:54:35');
insert into solicita values (51, '2018-01-25 02:13:25', 51, '2019-02-14 22:01:40', '2019-02-15 11:29:50');
insert into solicita values (52, '2018-01-25 03:31:32', 52, '2019-02-17 16:36:04', '2019-02-17 21:37:06');
insert into solicita values (53, '2018-01-25 04:32:36', 53, '2019-02-17 17:50:11', '2019-02-17 21:37:05');
insert into solicita values (54, '2018-01-25 06:57:54', 54, '2019-02-14 11:45:57', '2019-02-15 12:34:37');
insert into solicita values (55, '2018-01-25 07:42:12', 55, '2019-02-17 03:53:04', '2019-02-17 10:06:20');
insert into solicita values (56, '2018-01-25 14:55:29', 56, '2019-02-18 01:39:01', '2019-02-18 13:04:41');
insert into solicita values (57, '2018-01-25 17:05:41', 57, '2019-02-17 13:08:49', '2019-02-18 08:09:13');
insert into solicita values (58, '2018-01-25 17:40:09', 58, '2019-02-16 17:19:21', '2019-02-16 22:19:14');
insert into solicita values (59, '2018-01-25 19:14:52', 59, '2019-02-20 09:47:08', '2019-02-20 10:57:32');
insert into solicita values (60, '2018-01-25 19:15:01', 60, '2019-02-20 04:46:37', '2019-02-20 12:50:34');
insert into solicita values (61, '2018-01-26 00:55:10', 61, '2019-02-17 15:42:17', '2019-02-18 00:43:31');
insert into solicita values (62, '2018-01-26 02:33:14', 62, '2019-02-19 05:16:06', '2019-02-19 22:25:02');
insert into solicita values (63, '2018-01-26 03:13:46', 63, '2019-02-20 06:04:41', '2019-02-20 06:09:32');
insert into solicita values (64, '2018-01-26 05:59:57', 64, '2019-02-18 04:45:51', '2019-02-19 03:05:20');
insert into solicita values (65, '2018-01-26 07:55:58', 65, '2019-02-21 00:54:37', '2019-02-21 00:56:51');
insert into solicita values (66, '2018-01-26 08:03:05', 66, '2019-02-20 10:42:45', '2019-02-20 15:51:50');
insert into solicita values (67, '2018-01-26 13:11:46', 67, '2019-02-18 01:19:05', '2019-02-18 04:08:04');
insert into solicita values (68, '2018-01-26 15:09:44', 68, '2019-02-22 10:23:39', '2019-02-22 16:05:13');
insert into solicita values (69, '2018-01-26 15:39:13', 69, '2019-02-22 04:09:49', '2019-02-22 07:50:24');
insert into solicita values (70, '2018-01-26 16:22:51', 70, '2019-02-19 17:26:50', '2019-02-20 07:33:11');
insert into solicita values (71, '2018-01-26 18:20:37', 71, '2019-02-21 16:24:05', '2019-02-21 17:30:33');
insert into solicita values (72, '2018-01-26 18:42:47', 72, '2019-02-22 12:32:13', '2019-02-23 03:10:35');
insert into solicita values (73, '2018-01-26 19:27:25', 73, '2019-02-20 01:52:01', '2019-02-20 03:14:04');
insert into solicita values (74, '2018-01-27 01:18:55', 74, '2019-02-22 05:11:43', '2019-02-22 19:42:32');
insert into solicita values (75, '2018-01-27 03:29:13', 75, '2019-02-23 01:03:53', '2019-02-23 11:02:01');
insert into solicita values (76, '2018-01-27 04:54:23', 76, '2019-02-21 08:30:59', '2019-02-21 15:50:32');
insert into solicita values (77, '2018-01-27 07:29:32', 77, '2019-02-23 07:23:21', '2019-02-23 17:07:30');
insert into solicita values (78, '2018-01-27 09:24:33', 78, '2019-02-25 19:26:51', '2019-02-25 19:51:59');
insert into solicita values (79, '2018-01-27 10:51:42', 79, '2019-02-23 18:38:38', '2019-02-23 22:45:17');
insert into solicita values (80, '2018-01-27 12:08:41', 80, '2019-02-22 16:29:49', '2019-02-23 01:11:46');
insert into solicita values (81, '2018-01-27 21:55:20', 81, '2019-02-24 12:05:33', '2019-02-25 03:59:45');
insert into solicita values (82, '2018-01-27 23:52:02', 82, '2019-02-25 13:51:49', '2019-02-25 16:31:43');
insert into solicita values (83, '2018-01-28 00:59:32', 83, '2019-02-25 03:10:54', '2019-02-25 04:39:54');
insert into solicita values (84, '2018-01-28 02:03:38', 84, '2019-02-24 21:13:13', '2019-02-25 01:11:53');
insert into solicita values (85, '2018-01-28 09:21:00', 85, '2019-02-23 13:02:30', '2019-02-23 15:04:15');
insert into solicita values (86, '2018-01-28 09:29:19', 86, '2019-02-27 04:50:31', '2019-02-27 14:30:24');
insert into solicita values (87, '2018-01-28 12:08:19', 87, '2019-02-26 23:01:34', '2019-02-27 00:10:25');
insert into solicita values (88, '2018-01-28 12:45:48', 88, '2019-02-28 05:14:09', '2019-02-28 10:14:58');
insert into solicita values (89, '2018-01-28 17:04:02', 89, '2019-02-26 18:36:21', '2019-02-26 21:33:36');
insert into solicita values (90, '2018-01-28 21:10:08', 90, '2019-02-27 14:54:51', '2019-02-27 15:09:06');
insert into solicita values (91, '2018-01-28 21:17:39', 91, '2019-02-27 17:04:30', '2019-02-28 00:37:05');
insert into solicita values (92, '2018-01-29 00:12:56', 92, '2019-02-28 16:19:54', '2019-02-28 21:46:58');
insert into solicita values (93, '2018-01-29 12:22:03', 93, '2019-02-28 21:35:19', '2019-03-01 03:13:47');
insert into solicita values (94, '2018-01-29 13:45:15', 94, '2019-03-01 01:42:13', '2019-03-01 05:11:31');
insert into solicita values (95, '2018-01-29 14:55:03', 95, '2019-02-28 20:22:39', '2019-03-01 01:47:55');
insert into solicita values (96, '2018-01-29 17:51:09', 96, '2019-02-28 20:27:15', '2019-02-28 20:45:41');
insert into solicita values (97, '2018-01-29 18:58:00', 97, '2019-03-01 03:50:10', '2019-03-01 12:19:56');
insert into solicita values (98, '2018-01-29 22:24:17', 98, '2019-03-01 14:32:44', '2019-03-01 20:06:41');
insert into solicita values (99, '2018-01-30 00:54:50', 99, '2019-03-01 19:50:06', '2019-03-02 03:30:47');
insert into solicita values (100, '2018-01-30 01:23:51', 100, '2019-03-02 01:19:03', '2019-03-02 06:57:24');

