insert into camara values (1);
insert into camara values (2);
insert into camara values (3);
insert into camara values (4);
insert into camara values (5);
insert into camara values (6);
insert into camara values (7);
insert into camara values (8);
insert into camara values (9);
insert into camara values (10);
insert into camara values (11);
insert into camara values (12);
insert into camara values (13);
insert into camara values (14);
insert into camara values (15);
insert into camara values (16);
insert into camara values (17);
insert into camara values (18);
insert into camara values (19);
insert into camara values (20);
insert into camara values (21);
insert into camara values (22);
insert into camara values (23);
insert into camara values (24);
insert into camara values (25);
insert into camara values (26);
insert into camara values (27);
insert into camara values (28);
insert into camara values (29);
insert into camara values (30);
insert into camara values (31);
insert into camara values (32);
insert into camara values (33);
insert into camara values (34);
insert into camara values (35);
insert into camara values (36);
insert into camara values (37);
insert into camara values (38);
insert into camara values (39);
insert into camara values (40);
insert into camara values (41);
insert into camara values (42);
insert into camara values (43);
insert into camara values (44);
insert into camara values (45);
insert into camara values (46);
insert into camara values (47);
insert into camara values (48);
insert into camara values (49);
insert into camara values (50);
insert into camara values (51);
insert into camara values (52);
insert into camara values (53);
insert into camara values (54);
insert into camara values (55);
insert into camara values (56);
insert into camara values (57);
insert into camara values (58);
insert into camara values (59);
insert into camara values (60);
insert into camara values (61);
insert into camara values (62);
insert into camara values (63);
insert into camara values (64);
insert into camara values (65);
insert into camara values (66);
insert into camara values (67);
insert into camara values (68);
insert into camara values (69);
insert into camara values (70);
insert into camara values (71);
insert into camara values (72);
insert into camara values (73);
insert into camara values (74);
insert into camara values (75);
insert into camara values (76);
insert into camara values (77);
insert into camara values (78);
insert into camara values (79);
insert into camara values (80);
insert into camara values (81);
insert into camara values (82);
insert into camara values (83);
insert into camara values (84);
insert into camara values (85);
insert into camara values (86);
insert into camara values (87);
insert into camara values (88);
insert into camara values (89);
insert into camara values (90);
insert into camara values (91);
insert into camara values (92);
insert into camara values (93);
insert into camara values (94);
insert into camara values (95);
insert into camara values (96);
insert into camara values (97);
insert into camara values (98);
insert into camara values (99);
insert into camara values (100);

insert into video values ('2018-01-30 03:59:55', '2018-01-20 13:40:14', 1);
insert into video values ('2018-01-20 13:40:14', '2018-01-20 14:58:22', 2);
insert into video values ('2018-01-20 14:58:22', '2018-01-20 15:17:58', 3);
insert into video values ('2018-01-20 15:17:58', '2018-01-20 20:56:11', 4);
insert into video values ('2018-01-20 20:56:11', '2018-01-21 05:06:28', 5);
insert into video values ('2018-01-21 05:06:28', '2018-01-21 05:42:50', 6);
insert into video values ('2018-01-21 05:42:50', '2018-01-21 06:00:09', 7);
insert into video values ('2018-01-21 06:00:09', '2018-01-21 06:15:50', 8);
insert into video values ('2018-01-21 06:15:50', '2018-01-21 07:21:31', 9);
insert into video values ('2018-01-21 07:21:31', '2018-01-21 07:42:08', 10);
insert into video values ('2018-01-21 07:42:08', '2018-01-21 08:54:50', 11);
insert into video values ('2018-01-21 08:54:50', '2018-01-21 09:58:15', 12);
insert into video values ('2018-01-21 09:58:15', '2018-01-21 12:21:03', 13);
insert into video values ('2018-01-21 12:21:03', '2018-01-21 14:54:46', 14);
insert into video values ('2018-01-21 14:54:46', '2018-01-21 18:51:42', 15);
insert into video values ('2018-01-21 18:51:42', '2018-01-21 19:08:40', 16);
insert into video values ('2018-01-21 19:08:40', '2018-01-22 00:17:04', 17);
insert into video values ('2018-01-22 00:17:04', '2018-01-22 04:16:40', 18);
insert into video values ('2018-01-22 04:16:40', '2018-01-22 05:50:49', 19);
insert into video values ('2018-01-22 05:50:49', '2018-01-22 08:03:52', 20);
insert into video values ('2018-01-22 08:03:52', '2018-01-22 10:42:22', 21);
insert into video values ('2018-01-22 10:42:22', '2018-01-22 19:09:44', 22);
insert into video values ('2018-01-22 19:09:44', '2018-01-22 23:15:45', 23);
insert into video values ('2018-01-22 23:15:45', '2018-01-23 10:22:14', 24);
insert into video values ('2018-01-23 10:22:14', '2018-01-23 12:46:39', 25);
insert into video values ('2018-01-23 12:46:39', '2018-01-23 15:06:44', 26);
insert into video values ('2018-01-23 15:06:44', '2018-01-23 18:12:50', 27);
insert into video values ('2018-01-23 18:12:50', '2018-01-23 18:57:01', 28);
insert into video values ('2018-01-23 18:57:01', '2018-01-23 21:09:39', 29);
insert into video values ('2018-01-23 21:09:39', '2018-01-23 22:40:20', 30);
insert into video values ('2018-01-23 22:40:20', '2018-01-23 23:01:50', 31);
insert into video values ('2018-01-23 23:01:50', '2018-01-24 00:08:13', 32);
insert into video values ('2018-01-24 00:08:13', '2018-01-24 04:44:51', 33);
insert into video values ('2018-01-24 04:44:51', '2018-01-24 09:12:20', 34);
insert into video values ('2018-01-24 09:12:20', '2018-01-24 09:24:34', 35);
insert into video values ('2018-01-24 09:24:34', '2018-01-24 10:58:10', 36);
insert into video values ('2018-01-24 10:58:10', '2018-01-24 11:04:27', 37);
insert into video values ('2018-01-24 11:04:27', '2018-01-24 12:45:43', 38);
insert into video values ('2018-01-24 12:45:43', '2018-01-24 18:29:09', 39);
insert into video values ('2018-01-24 18:29:09', '2018-01-24 19:14:27', 40);
insert into video values ('2018-01-24 19:14:27', '2018-01-24 21:49:13', 41);
insert into video values ('2018-01-24 21:49:13', '2018-01-25 02:16:39', 42);
insert into video values ('2018-01-25 02:16:39', '2018-01-25 04:52:08', 43);
insert into video values ('2018-01-25 04:52:08', '2018-01-25 05:03:59', 44);
insert into video values ('2018-01-25 05:03:59', '2018-01-25 05:38:28', 45);
insert into video values ('2018-01-25 05:38:28', '2018-01-25 06:21:52', 46);
insert into video values ('2018-01-25 06:21:52', '2018-01-25 09:03:13', 47);
insert into video values ('2018-01-25 09:03:13', '2018-01-25 10:46:34', 48);
insert into video values ('2018-01-25 10:46:34', '2018-01-25 10:59:25', 49);
insert into video values ('2018-01-25 10:59:25', '2018-01-25 11:35:33', 50);
insert into video values ('2018-01-25 11:35:33', '2018-01-25 13:03:17', 51);
insert into video values ('2018-01-25 13:03:17', '2018-01-25 13:15:34', 52);
insert into video values ('2018-01-25 13:15:34', '2018-01-25 15:49:19', 53);
insert into video values ('2018-01-25 15:49:19', '2018-01-25 16:22:33', 54);
insert into video values ('2018-01-25 16:22:33', '2018-01-25 17:37:41', 55);
insert into video values ('2018-01-25 17:37:41', '2018-01-25 18:33:40', 56);
insert into video values ('2018-01-25 18:33:40', '2018-01-25 19:15:41', 57);
insert into video values ('2018-01-25 19:15:41', '2018-01-25 22:03:37', 58);
insert into video values ('2018-01-25 22:03:37', '2018-01-25 22:03:44', 59);
insert into video values ('2018-01-25 22:03:44', '2018-01-26 01:46:07', 60);
insert into video values ('2018-01-26 01:46:07', '2018-01-26 01:59:46', 61);
insert into video values ('2018-01-26 01:59:46', '2018-01-26 05:01:00', 62);
insert into video values ('2018-01-26 05:01:00', '2018-01-26 15:09:03', 63);
insert into video values ('2018-01-26 15:09:03', '2018-01-26 15:16:08', 64);
insert into video values ('2018-01-26 15:16:08', '2018-01-26 16:45:16', 65);
insert into video values ('2018-01-26 16:45:16', '2018-01-26 20:31:22', 66);
insert into video values ('2018-01-26 20:31:22', '2018-01-27 01:00:58', 67);
insert into video values ('2018-01-27 01:00:58', '2018-01-27 05:03:07', 68);
insert into video values ('2018-01-27 05:03:07', '2018-01-27 05:56:08', 69);
insert into video values ('2018-01-27 05:56:08', '2018-01-27 07:15:16', 70);
insert into video values ('2018-01-27 07:15:16', '2018-01-27 07:21:34', 71);
insert into video values ('2018-01-27 07:21:34', '2018-01-27 10:25:08', 72);
insert into video values ('2018-01-27 10:25:08', '2018-01-27 11:46:32', 73);
insert into video values ('2018-01-27 11:46:32', '2018-01-27 19:04:29', 74);
insert into video values ('2018-01-27 19:04:29', '2018-01-28 00:00:06', 75);
insert into video values ('2018-01-28 00:00:06', '2018-01-28 02:23:33', 76);
insert into video values ('2018-01-28 02:23:33', '2018-01-28 02:25:54', 77);
insert into video values ('2018-01-28 02:25:54', '2018-01-28 09:02:45', 78);
insert into video values ('2018-01-28 09:02:45', '2018-01-28 13:59:01', 79);
insert into video values ('2018-01-28 13:59:01', '2018-01-28 14:00:04', 80);
insert into video values ('2018-01-28 14:00:04', '2018-01-28 16:49:48', 81);
insert into video values ('2018-01-28 16:49:48', '2018-01-28 18:54:22', 82);
insert into video values ('2018-01-28 18:54:22', '2018-01-28 20:00:53', 83);
insert into video values ('2018-01-28 20:00:53', '2018-01-28 20:38:04', 84);
insert into video values ('2018-01-28 20:38:04', '2018-01-28 23:26:47', 85);
insert into video values ('2018-01-28 23:26:47', '2018-01-29 00:33:20', 86);
insert into video values ('2018-01-29 00:33:20', '2018-01-29 01:53:36', 87);
insert into video values ('2018-01-29 01:53:36', '2018-01-29 06:00:54', 88);
insert into video values ('2018-01-29 06:00:54', '2018-01-29 06:08:42', 89);
insert into video values ('2018-01-29 06:08:42', '2018-01-29 08:15:57', 90);
insert into video values ('2018-01-29 08:15:57', '2018-01-29 08:32:32', 91);
insert into video values ('2018-01-29 08:32:32', '2018-01-29 10:32:19', 92);
insert into video values ('2018-01-29 10:32:19', '2018-01-29 11:11:25', 93);
insert into video values ('2018-01-29 11:11:25', '2018-01-29 11:21:23', 94);
insert into video values ('2018-01-29 11:21:23', '2018-01-29 15:25:21', 95);
insert into video values ('2018-01-29 15:25:21', '2018-01-29 16:09:27', 96);
insert into video values ('2018-01-29 16:09:27', '2018-01-29 18:22:07', 97);
insert into video values ('2018-01-29 18:22:07', '2018-01-29 21:45:40', 98);
insert into video values ('2018-01-29 21:45:40', '2018-01-30 02:42:24', 99);
insert into video values ('2018-01-30 02:42:24', '2018-01-30 03:59:55', 100);

insert into segmentoVideo values ('1', '-10 days, 9:40:19', '2018-01-30 03:59:55', 1);
insert into segmentoVideo values ('2', '1:18:08', '2018-01-20 13:40:14', 2);
insert into segmentoVideo values ('3', '0:19:36', '2018-01-20 14:58:22', 3);
insert into segmentoVideo values ('4', '5:38:13', '2018-01-20 15:17:58', 4);
insert into segmentoVideo values ('5', '8:10:17', '2018-01-20 20:56:11', 5);
insert into segmentoVideo values ('6', '0:36:22', '2018-01-21 05:06:28', 6);
insert into segmentoVideo values ('7', '0:17:19', '2018-01-21 05:42:50', 7);
insert into segmentoVideo values ('8', '0:15:41', '2018-01-21 06:00:09', 8);
insert into segmentoVideo values ('9', '1:05:41', '2018-01-21 06:15:50', 9);
insert into segmentoVideo values ('10', '0:20:37', '2018-01-21 07:21:31', 10);
insert into segmentoVideo values ('11', '1:12:42', '2018-01-21 07:42:08', 11);
insert into segmentoVideo values ('12', '1:03:25', '2018-01-21 08:54:50', 12);
insert into segmentoVideo values ('13', '2:22:48', '2018-01-21 09:58:15', 13);
insert into segmentoVideo values ('14', '2:33:43', '2018-01-21 12:21:03', 14);
insert into segmentoVideo values ('15', '3:56:56', '2018-01-21 14:54:46', 15);
insert into segmentoVideo values ('16', '0:16:58', '2018-01-21 18:51:42', 16);
insert into segmentoVideo values ('17', '5:08:24', '2018-01-21 19:08:40', 17);
insert into segmentoVideo values ('18', '3:59:36', '2018-01-22 00:17:04', 18);
insert into segmentoVideo values ('19', '1:34:09', '2018-01-22 04:16:40', 19);
insert into segmentoVideo values ('20', '2:13:03', '2018-01-22 05:50:49', 20);
insert into segmentoVideo values ('21', '2:38:30', '2018-01-22 08:03:52', 21);
insert into segmentoVideo values ('22', '8:27:22', '2018-01-22 10:42:22', 22);
insert into segmentoVideo values ('23', '4:06:01', '2018-01-22 19:09:44', 23);
insert into segmentoVideo values ('24', '11:06:29', '2018-01-22 23:15:45', 24);
insert into segmentoVideo values ('25', '2:24:25', '2018-01-23 10:22:14', 25);
insert into segmentoVideo values ('26', '2:20:05', '2018-01-23 12:46:39', 26);
insert into segmentoVideo values ('27', '3:06:06', '2018-01-23 15:06:44', 27);
insert into segmentoVideo values ('28', '0:44:11', '2018-01-23 18:12:50', 28);
insert into segmentoVideo values ('29', '2:12:38', '2018-01-23 18:57:01', 29);
insert into segmentoVideo values ('30', '1:30:41', '2018-01-23 21:09:39', 30);
insert into segmentoVideo values ('31', '0:21:30', '2018-01-23 22:40:20', 31);
insert into segmentoVideo values ('32', '1:06:23', '2018-01-23 23:01:50', 32);
insert into segmentoVideo values ('33', '4:36:38', '2018-01-24 00:08:13', 33);
insert into segmentoVideo values ('34', '4:27:29', '2018-01-24 04:44:51', 34);
insert into segmentoVideo values ('35', '0:12:14', '2018-01-24 09:12:20', 35);
insert into segmentoVideo values ('36', '1:33:36', '2018-01-24 09:24:34', 36);
insert into segmentoVideo values ('37', '0:06:17', '2018-01-24 10:58:10', 37);
insert into segmentoVideo values ('38', '1:41:16', '2018-01-24 11:04:27', 38);
insert into segmentoVideo values ('39', '5:43:26', '2018-01-24 12:45:43', 39);
insert into segmentoVideo values ('40', '0:45:18', '2018-01-24 18:29:09', 40);
insert into segmentoVideo values ('41', '2:34:46', '2018-01-24 19:14:27', 41);
insert into segmentoVideo values ('42', '4:27:26', '2018-01-24 21:49:13', 42);
insert into segmentoVideo values ('43', '2:35:29', '2018-01-25 02:16:39', 43);
insert into segmentoVideo values ('44', '0:11:51', '2018-01-25 04:52:08', 44);
insert into segmentoVideo values ('45', '0:34:29', '2018-01-25 05:03:59', 45);
insert into segmentoVideo values ('46', '0:43:24', '2018-01-25 05:38:28', 46);
insert into segmentoVideo values ('47', '2:41:21', '2018-01-25 06:21:52', 47);
insert into segmentoVideo values ('48', '1:43:21', '2018-01-25 09:03:13', 48);
insert into segmentoVideo values ('49', '0:12:51', '2018-01-25 10:46:34', 49);
insert into segmentoVideo values ('50', '0:36:08', '2018-01-25 10:59:25', 50);
insert into segmentoVideo values ('51', '1:27:44', '2018-01-25 11:35:33', 51);
insert into segmentoVideo values ('52', '0:12:17', '2018-01-25 13:03:17', 52);
insert into segmentoVideo values ('53', '2:33:45', '2018-01-25 13:15:34', 53);
insert into segmentoVideo values ('54', '0:33:14', '2018-01-25 15:49:19', 54);
insert into segmentoVideo values ('55', '1:15:08', '2018-01-25 16:22:33', 55);
insert into segmentoVideo values ('56', '0:55:59', '2018-01-25 17:37:41', 56);
insert into segmentoVideo values ('57', '0:42:01', '2018-01-25 18:33:40', 57);
insert into segmentoVideo values ('58', '2:47:56', '2018-01-25 19:15:41', 58);
insert into segmentoVideo values ('59', '0:00:07', '2018-01-25 22:03:37', 59);
insert into segmentoVideo values ('60', '3:42:23', '2018-01-25 22:03:44', 60);
insert into segmentoVideo values ('61', '0:13:39', '2018-01-26 01:46:07', 61);
insert into segmentoVideo values ('62', '3:01:14', '2018-01-26 01:59:46', 62);
insert into segmentoVideo values ('63', '10:08:03', '2018-01-26 05:01:00', 63);
insert into segmentoVideo values ('64', '0:07:05', '2018-01-26 15:09:03', 64);
insert into segmentoVideo values ('65', '1:29:08', '2018-01-26 15:16:08', 65);
insert into segmentoVideo values ('66', '3:46:06', '2018-01-26 16:45:16', 66);
insert into segmentoVideo values ('67', '4:29:36', '2018-01-26 20:31:22', 67);
insert into segmentoVideo values ('68', '4:02:09', '2018-01-27 01:00:58', 68);
insert into segmentoVideo values ('69', '0:53:01', '2018-01-27 05:03:07', 69);
insert into segmentoVideo values ('70', '1:19:08', '2018-01-27 05:56:08', 70);
insert into segmentoVideo values ('71', '0:06:18', '2018-01-27 07:15:16', 71);
insert into segmentoVideo values ('72', '3:03:34', '2018-01-27 07:21:34', 72);
insert into segmentoVideo values ('73', '1:21:24', '2018-01-27 10:25:08', 73);
insert into segmentoVideo values ('74', '7:17:57', '2018-01-27 11:46:32', 74);
insert into segmentoVideo values ('75', '4:55:37', '2018-01-27 19:04:29', 75);
insert into segmentoVideo values ('76', '2:23:27', '2018-01-28 00:00:06', 76);
insert into segmentoVideo values ('77', '0:02:21', '2018-01-28 02:23:33', 77);
insert into segmentoVideo values ('78', '6:36:51', '2018-01-28 02:25:54', 78);
insert into segmentoVideo values ('79', '4:56:16', '2018-01-28 09:02:45', 79);
insert into segmentoVideo values ('80', '0:01:03', '2018-01-28 13:59:01', 80);
insert into segmentoVideo values ('81', '2:49:44', '2018-01-28 14:00:04', 81);
insert into segmentoVideo values ('82', '2:04:34', '2018-01-28 16:49:48', 82);
insert into segmentoVideo values ('83', '1:06:31', '2018-01-28 18:54:22', 83);
insert into segmentoVideo values ('84', '0:37:11', '2018-01-28 20:00:53', 84);
insert into segmentoVideo values ('85', '2:48:43', '2018-01-28 20:38:04', 85);
insert into segmentoVideo values ('86', '1:06:33', '2018-01-28 23:26:47', 86);
insert into segmentoVideo values ('87', '1:20:16', '2018-01-29 00:33:20', 87);
insert into segmentoVideo values ('88', '4:07:18', '2018-01-29 01:53:36', 88);
insert into segmentoVideo values ('89', '0:07:48', '2018-01-29 06:00:54', 89);
insert into segmentoVideo values ('90', '2:07:15', '2018-01-29 06:08:42', 90);
insert into segmentoVideo values ('91', '0:16:35', '2018-01-29 08:15:57', 91);
insert into segmentoVideo values ('92', '1:59:47', '2018-01-29 08:32:32', 92);
insert into segmentoVideo values ('93', '0:39:06', '2018-01-29 10:32:19', 93);
insert into segmentoVideo values ('94', '0:09:58', '2018-01-29 11:11:25', 94);
insert into segmentoVideo values ('95', '4:03:58', '2018-01-29 11:21:23', 95);
insert into segmentoVideo values ('96', '0:44:06', '2018-01-29 15:25:21', 96);
insert into segmentoVideo values ('97', '2:12:40', '2018-01-29 16:09:27', 97);
insert into segmentoVideo values ('98', '3:23:33', '2018-01-29 18:22:07', 98);
insert into segmentoVideo values ('99', '4:56:44', '2018-01-29 21:45:40', 99);
insert into segmentoVideo values ('100', '1:17:31', '2018-01-30 02:42:24', 100);

insert into local values ('address1');
insert into local values ('address2');
insert into local values ('address3');
insert into local values ('address4');
insert into local values ('address5');
insert into local values ('address6');
insert into local values ('address7');
insert into local values ('address8');
insert into local values ('address9');
insert into local values ('address10');
insert into local values ('address11');
insert into local values ('address12');
insert into local values ('address13');
insert into local values ('address14');
insert into local values ('address15');
insert into local values ('address16');
insert into local values ('address17');
insert into local values ('address18');
insert into local values ('address19');
insert into local values ('address20');
insert into local values ('address21');
insert into local values ('address22');
insert into local values ('address23');
insert into local values ('address24');
insert into local values ('address25');
insert into local values ('address26');
insert into local values ('address27');
insert into local values ('address28');
insert into local values ('address29');
insert into local values ('address30');
insert into local values ('address31');
insert into local values ('address32');
insert into local values ('address33');
insert into local values ('address34');
insert into local values ('address35');
insert into local values ('address36');
insert into local values ('address37');
insert into local values ('address38');
insert into local values ('address39');
insert into local values ('address40');
insert into local values ('address41');
insert into local values ('address42');
insert into local values ('address43');
insert into local values ('address44');
insert into local values ('address45');
insert into local values ('address46');
insert into local values ('address47');
insert into local values ('address48');
insert into local values ('address49');
insert into local values ('address50');
insert into local values ('address51');
insert into local values ('address52');
insert into local values ('address53');
insert into local values ('address54');
insert into local values ('address55');
insert into local values ('address56');
insert into local values ('address57');
insert into local values ('address58');
insert into local values ('address59');
insert into local values ('address60');
insert into local values ('address61');
insert into local values ('address62');
insert into local values ('address63');
insert into local values ('address64');
insert into local values ('address65');
insert into local values ('address66');
insert into local values ('address67');
insert into local values ('address68');
insert into local values ('address69');
insert into local values ('address70');
insert into local values ('address71');
insert into local values ('address72');
insert into local values ('address73');
insert into local values ('address74');
insert into local values ('address75');
insert into local values ('address76');
insert into local values ('address77');
insert into local values ('address78');
insert into local values ('address79');
insert into local values ('address80');
insert into local values ('address81');
insert into local values ('address82');
insert into local values ('address83');
insert into local values ('address84');
insert into local values ('address85');
insert into local values ('address86');
insert into local values ('address87');
insert into local values ('address88');
insert into local values ('address89');
insert into local values ('address90');
insert into local values ('address91');
insert into local values ('address92');
insert into local values ('address93');
insert into local values ('address94');
insert into local values ('address95');
insert into local values ('address96');
insert into local values ('address97');
insert into local values ('address98');
insert into local values ('address99');
insert into local values ('address100');

insert into vigia values ('address1', '1');
insert into vigia values ('address2', '2');
insert into vigia values ('address3', '3');
insert into vigia values ('address4', '4');
insert into vigia values ('address5', '5');
insert into vigia values ('address6', '6');
insert into vigia values ('address7', '7');
insert into vigia values ('address8', '8');
insert into vigia values ('address9', '9');
insert into vigia values ('address10', '10');
insert into vigia values ('address11', '11');
insert into vigia values ('address12', '12');
insert into vigia values ('address13', '13');
insert into vigia values ('address14', '14');
insert into vigia values ('address15', '15');
insert into vigia values ('address16', '16');
insert into vigia values ('address17', '17');
insert into vigia values ('address18', '18');
insert into vigia values ('address19', '19');
insert into vigia values ('address20', '20');
insert into vigia values ('address21', '21');
insert into vigia values ('address22', '22');
insert into vigia values ('address23', '23');
insert into vigia values ('address24', '24');
insert into vigia values ('address25', '25');
insert into vigia values ('address26', '26');
insert into vigia values ('address27', '27');
insert into vigia values ('address28', '28');
insert into vigia values ('address29', '29');
insert into vigia values ('address30', '30');
insert into vigia values ('address31', '31');
insert into vigia values ('address32', '32');
insert into vigia values ('address33', '33');
insert into vigia values ('address34', '34');
insert into vigia values ('address35', '35');
insert into vigia values ('address36', '36');
insert into vigia values ('address37', '37');
insert into vigia values ('address38', '38');
insert into vigia values ('address39', '39');
insert into vigia values ('address40', '40');
insert into vigia values ('address41', '41');
insert into vigia values ('address42', '42');
insert into vigia values ('address43', '43');
insert into vigia values ('address44', '44');
insert into vigia values ('address45', '45');
insert into vigia values ('address46', '46');
insert into vigia values ('address47', '47');
insert into vigia values ('address48', '48');
insert into vigia values ('address49', '49');
insert into vigia values ('address50', '50');
insert into vigia values ('address51', '51');
insert into vigia values ('address52', '52');
insert into vigia values ('address53', '53');
insert into vigia values ('address54', '54');
insert into vigia values ('address55', '55');
insert into vigia values ('address56', '56');
insert into vigia values ('address57', '57');
insert into vigia values ('address58', '58');
insert into vigia values ('address59', '59');
insert into vigia values ('address60', '60');
insert into vigia values ('address61', '61');
insert into vigia values ('address62', '62');
insert into vigia values ('address63', '63');
insert into vigia values ('address64', '64');
insert into vigia values ('address65', '65');
insert into vigia values ('address66', '66');
insert into vigia values ('address67', '67');
insert into vigia values ('address68', '68');
insert into vigia values ('address69', '69');
insert into vigia values ('address70', '70');
insert into vigia values ('address71', '71');
insert into vigia values ('address72', '72');
insert into vigia values ('address73', '73');
insert into vigia values ('address74', '74');
insert into vigia values ('address75', '75');
insert into vigia values ('address76', '76');
insert into vigia values ('address77', '77');
insert into vigia values ('address78', '78');
insert into vigia values ('address79', '79');
insert into vigia values ('address80', '80');
insert into vigia values ('address81', '81');
insert into vigia values ('address82', '82');
insert into vigia values ('address83', '83');
insert into vigia values ('address84', '84');
insert into vigia values ('address85', '85');
insert into vigia values ('address86', '86');
insert into vigia values ('address87', '87');
insert into vigia values ('address88', '88');
insert into vigia values ('address89', '89');
insert into vigia values ('address90', '90');
insert into vigia values ('address91', '91');
insert into vigia values ('address92', '92');
insert into vigia values ('address93', '93');
insert into vigia values ('address94', '94');
insert into vigia values ('address95', '95');
insert into vigia values ('address96', '96');
insert into vigia values ('address97', '97');
insert into vigia values ('address98', '98');
insert into vigia values ('address99', '99');
insert into vigia values ('address100', '100');

insert into eventoEmergencia values (311721893, '-10 days, 9:40:19', 'viluf', 'address1', '1');
insert into eventoEmergencia values (331206636, '1:18:08', 'bobid', 'address2', '2');
insert into eventoEmergencia values (342266419, '0:19:36', 'tufuy', 'address3', '3');
insert into eventoEmergencia values (904652414, '5:38:13', 'tusuz', 'address4', '4');
insert into eventoEmergencia values (628420312, '8:10:17', 'haqih', 'address5', '5');
insert into eventoEmergencia values (454908386, '0:36:22', 'hoxir', 'address6', '6');
insert into eventoEmergencia values (911537895, '0:17:19', 'hohim', 'address7', '7');
insert into eventoEmergencia values (601887171, '0:15:41', 'bebiy', 'address8', '8');
insert into eventoEmergencia values (137114376, '1:05:41', 'zedat', 'address9', '9');
insert into eventoEmergencia values (154531173, '0:20:37', 'dasut', 'address10', '10');
insert into eventoEmergencia values (967407802, '1:12:42', 'juluh', 'address11', '11');
insert into eventoEmergencia values (739001029, '1:03:25', 'govor', 'address12', '12');
insert into eventoEmergencia values (649652104, '2:22:48', 'waxaj', 'address13', '13');
insert into eventoEmergencia values (429517854, '2:33:43', 'diner', 'address14', '14');
insert into eventoEmergencia values (398659785, '3:56:56', 'wohif', 'address15', '15');
insert into eventoEmergencia values (558719384, '0:16:58', 'bideq', 'address16', '16');
insert into eventoEmergencia values (667360501, '5:08:24', 'hocox', 'address17', '17');
insert into eventoEmergencia values (561090938, '3:59:36', 'qotox', 'address18', '18');
insert into eventoEmergencia values (170660288, '1:34:09', 'dokiy', 'address19', '19');
insert into eventoEmergencia values (415346824, '2:13:03', 'rusot', 'address20', '20');
insert into eventoEmergencia values (172850387, '2:38:30', 'xakuq', 'address21', '21');
insert into eventoEmergencia values (408522332, '8:27:22', 'buvax', 'address22', '22');
insert into eventoEmergencia values (991557957, '4:06:01', 'xigef', 'address23', '23');
insert into eventoEmergencia values (367382165, '11:06:29', 'vucih', 'address24', '24');
insert into eventoEmergencia values (128549831, '2:24:25', 'yonac', 'address25', '25');
insert into eventoEmergencia values (805131343, '2:20:05', 'navux', 'address26', '26');
insert into eventoEmergencia values (109951277, '3:06:06', 'kuxit', 'address27', '27');
insert into eventoEmergencia values (677474923, '0:44:11', 'ritus', 'address28', '28');
insert into eventoEmergencia values (446195885, '2:12:38', 'hifey', 'address29', '29');
insert into eventoEmergencia values (134462637, '1:30:41', 'putab', 'address30', '30');
insert into eventoEmergencia values (519497719, '0:21:30', 'rudim', 'address31', '31');
insert into eventoEmergencia values (931088330, '1:06:23', 'rejuh', 'address32', '32');
insert into eventoEmergencia values (252136889, '4:36:38', 'bodib', 'address33', '33');
insert into eventoEmergencia values (605504340, '4:27:29', 'rekiq', 'address34', '34');
insert into eventoEmergencia values (317510659, '0:12:14', 'toden', 'address35', '35');
insert into eventoEmergencia values (442485611, '1:33:36', 'qabep', 'address36', '36');
insert into eventoEmergencia values (270255437, '0:06:17', 'lemot', 'address37', '37');
insert into eventoEmergencia values (745636478, '1:41:16', 'tiriv', 'address38', '38');
insert into eventoEmergencia values (789977467, '5:43:26', 'gukis', 'address39', '39');
insert into eventoEmergencia values (745367731, '0:45:18', 'fanir', 'address40', '40');
insert into eventoEmergencia values (363041486, '2:34:46', 'tiles', 'address41', '41');
insert into eventoEmergencia values (433127162, '4:27:26', 'cewib', 'address42', '42');
insert into eventoEmergencia values (135584358, '2:35:29', 'nules', 'address43', '43');
insert into eventoEmergencia values (417370162, '0:11:51', 'figab', 'address44', '44');
insert into eventoEmergencia values (596752578, '0:34:29', 'bodik', 'address45', '45');
insert into eventoEmergencia values (422382159, '0:43:24', 'zogac', 'address46', '46');
insert into eventoEmergencia values (229033873, '2:41:21', 'yokav', 'address47', '47');
insert into eventoEmergencia values (666928919, '1:43:21', 'fahoc', 'address48', '48');
insert into eventoEmergencia values (962243910, '0:12:51', 'najiq', 'address49', '49');
insert into eventoEmergencia values (962054169, '0:36:08', 'vepac', 'address50', '50');
insert into eventoEmergencia values (908611653, '1:27:44', 'metaz', 'address51', '51');
insert into eventoEmergencia values (137360478, '0:12:17', 'vodap', 'address52', '52');
insert into eventoEmergencia values (773877325, '2:33:45', 'bapot', 'address53', '53');
insert into eventoEmergencia values (619526293, '0:33:14', 'botaw', 'address54', '54');
insert into eventoEmergencia values (366947755, '1:15:08', 'hakur', 'address55', '55');
insert into eventoEmergencia values (954102668, '0:55:59', 'taqaf', 'address56', '56');
insert into eventoEmergencia values (812637358, '0:42:01', 'simub', 'address57', '57');
insert into eventoEmergencia values (578536165, '2:47:56', 'mujaq', 'address58', '58');
insert into eventoEmergencia values (679347582, '0:00:07', 'vatog', 'address59', '59');
insert into eventoEmergencia values (470548997, '3:42:23', 'nanic', 'address60', '60');
insert into eventoEmergencia values (534378874, '0:13:39', 'deres', 'address61', '61');
insert into eventoEmergencia values (813563137, '3:01:14', 'riguq', 'address62', '62');
insert into eventoEmergencia values (944755287, '10:08:03', 'bubud', 'address63', '63');
insert into eventoEmergencia values (135260999, '0:07:05', 'furit', 'address64', '64');
insert into eventoEmergencia values (413942977, '1:29:08', 'kujiw', 'address65', '65');
insert into eventoEmergencia values (742524791, '3:46:06', 'fawod', 'address66', '66');
insert into eventoEmergencia values (176491175, '4:29:36', 'yuroy', 'address67', '67');
insert into eventoEmergencia values (818976385, '4:02:09', 'dixex', 'address68', '68');
insert into eventoEmergencia values (366892128, '0:53:01', 'dopeg', 'address69', '69');
insert into eventoEmergencia values (197464534, '1:19:08', 'gecic', 'address70', '70');
insert into eventoEmergencia values (317210481, '0:06:18', 'heyot', 'address71', '71');
insert into eventoEmergencia values (994323798, '3:03:34', 'cijoh', 'address72', '72');
insert into eventoEmergencia values (498401416, '1:21:24', 'bohig', 'address73', '73');
insert into eventoEmergencia values (841511768, '7:17:57', 'nizop', 'address74', '74');
insert into eventoEmergencia values (207977564, '4:55:37', 'gisup', 'address75', '75');
insert into eventoEmergencia values (447370604, '2:23:27', 'nesom', 'address76', '76');
insert into eventoEmergencia values (258657339, '0:02:21', 'fulob', 'address77', '77');
insert into eventoEmergencia values (246617624, '6:36:51', 'sijin', 'address78', '78');
insert into eventoEmergencia values (886627924, '4:56:16', 'harun', 'address79', '79');
insert into eventoEmergencia values (629958456, '0:01:03', 'quwum', 'address80', '80');
insert into eventoEmergencia values (201520100, '2:49:44', 'zokeq', 'address81', '81');
insert into eventoEmergencia values (568269691, '2:04:34', 'fexof', 'address82', '82');
insert into eventoEmergencia values (741352051, '1:06:31', 'rejar', 'address83', '83');
insert into eventoEmergencia values (165502658, '0:37:11', 'lifal', 'address84', '84');
insert into eventoEmergencia values (792470027, '2:48:43', 'behav', 'address85', '85');
insert into eventoEmergencia values (772987013, '1:06:33', 'puwat', 'address86', '86');
insert into eventoEmergencia values (698217416, '1:20:16', 'yejux', 'address87', '87');
insert into eventoEmergencia values (921177202, '4:07:18', 'qodoj', 'address88', '88');
insert into eventoEmergencia values (486752166, '0:07:48', 'caqon', 'address89', '89');
insert into eventoEmergencia values (821556680, '2:07:15', 'kuwes', 'address90', '90');
insert into eventoEmergencia values (809134155, '0:16:35', 'taveh', 'address91', '91');
insert into eventoEmergencia values (588687947, '1:59:47', 'puteb', 'address92', '92');
insert into eventoEmergencia values (469134277, '0:39:06', 'ciwuy', 'address93', '93');
insert into eventoEmergencia values (330742572, '0:09:58', 'fidas', 'address94', '94');
insert into eventoEmergencia values (103907147, '4:03:58', 'gujig', 'address95', '95');
insert into eventoEmergencia values (216312083, '0:44:06', 'nexim', 'address96', '96');
insert into eventoEmergencia values (892440469, '2:12:40', 'ratuw', 'address97', '97');
insert into eventoEmergencia values (221403191, '3:23:33', 'mugox', 'address98', '98');
insert into eventoEmergencia values (943386774, '4:56:44', 'fuxiy', 'address99', '99');
insert into eventoEmergencia values (438343580, '1:17:31', 'wagig', 'address100', '100');

insert into processoSocorro values (1);
insert into processoSocorro values (2);
insert into processoSocorro values (3);
insert into processoSocorro values (4);
insert into processoSocorro values (5);
insert into processoSocorro values (6);
insert into processoSocorro values (7);
insert into processoSocorro values (8);
insert into processoSocorro values (9);
insert into processoSocorro values (10);
insert into processoSocorro values (11);
insert into processoSocorro values (12);
insert into processoSocorro values (13);
insert into processoSocorro values (14);
insert into processoSocorro values (15);
insert into processoSocorro values (16);
insert into processoSocorro values (17);
insert into processoSocorro values (18);
insert into processoSocorro values (19);
insert into processoSocorro values (20);
insert into processoSocorro values (21);
insert into processoSocorro values (22);
insert into processoSocorro values (23);
insert into processoSocorro values (24);
insert into processoSocorro values (25);
insert into processoSocorro values (26);
insert into processoSocorro values (27);
insert into processoSocorro values (28);
insert into processoSocorro values (29);
insert into processoSocorro values (30);
insert into processoSocorro values (31);
insert into processoSocorro values (32);
insert into processoSocorro values (33);
insert into processoSocorro values (34);
insert into processoSocorro values (35);
insert into processoSocorro values (36);
insert into processoSocorro values (37);
insert into processoSocorro values (38);
insert into processoSocorro values (39);
insert into processoSocorro values (40);
insert into processoSocorro values (41);
insert into processoSocorro values (42);
insert into processoSocorro values (43);
insert into processoSocorro values (44);
insert into processoSocorro values (45);
insert into processoSocorro values (46);
insert into processoSocorro values (47);
insert into processoSocorro values (48);
insert into processoSocorro values (49);
insert into processoSocorro values (50);
insert into processoSocorro values (51);
insert into processoSocorro values (52);
insert into processoSocorro values (53);
insert into processoSocorro values (54);
insert into processoSocorro values (55);
insert into processoSocorro values (56);
insert into processoSocorro values (57);
insert into processoSocorro values (58);
insert into processoSocorro values (59);
insert into processoSocorro values (60);
insert into processoSocorro values (61);
insert into processoSocorro values (62);
insert into processoSocorro values (63);
insert into processoSocorro values (64);
insert into processoSocorro values (65);
insert into processoSocorro values (66);
insert into processoSocorro values (67);
insert into processoSocorro values (68);
insert into processoSocorro values (69);
insert into processoSocorro values (70);
insert into processoSocorro values (71);
insert into processoSocorro values (72);
insert into processoSocorro values (73);
insert into processoSocorro values (74);
insert into processoSocorro values (75);
insert into processoSocorro values (76);
insert into processoSocorro values (77);
insert into processoSocorro values (78);
insert into processoSocorro values (79);
insert into processoSocorro values (80);
insert into processoSocorro values (81);
insert into processoSocorro values (82);
insert into processoSocorro values (83);
insert into processoSocorro values (84);
insert into processoSocorro values (85);
insert into processoSocorro values (86);
insert into processoSocorro values (87);
insert into processoSocorro values (88);
insert into processoSocorro values (89);
insert into processoSocorro values (90);
insert into processoSocorro values (91);
insert into processoSocorro values (92);
insert into processoSocorro values (93);
insert into processoSocorro values (94);
insert into processoSocorro values (95);
insert into processoSocorro values (96);
insert into processoSocorro values (97);
insert into processoSocorro values (98);
insert into processoSocorro values (99);
insert into processoSocorro values (100);

insert into entidadeMeio values ('bombeiros_de_nihij');
insert into entidadeMeio values ('município_de_tecuf');
insert into entidadeMeio values ('exército_de_zudir');
insert into entidadeMeio values ('município_de_pugil');
insert into entidadeMeio values ('exército_de_lapog');
insert into entidadeMeio values ('exército_de_demiv');
insert into entidadeMeio values ('força aérea_de_salav');
insert into entidadeMeio values ('força aérea_de_tubiw');
insert into entidadeMeio values ('município_de_fuviw');
insert into entidadeMeio values ('bombeiros_de_xukes');
insert into entidadeMeio values ('bombeiros_de_viriy');
insert into entidadeMeio values ('polícia_de_quhaw');
insert into entidadeMeio values ('força aérea_de_pamet');
insert into entidadeMeio values ('exército_de_vobij');
insert into entidadeMeio values ('força aérea_de_qudeq');
insert into entidadeMeio values ('exército_de_cetaq');
insert into entidadeMeio values ('polícia_de_nihaz');
insert into entidadeMeio values ('bombeiros_de_mipuq');
insert into entidadeMeio values ('bombeiros_de_kedap');
insert into entidadeMeio values ('município_de_vafuq');
insert into entidadeMeio values ('município_de_vupog');
insert into entidadeMeio values ('bombeiros_de_volaf');
insert into entidadeMeio values ('exército_de_navux');
insert into entidadeMeio values ('município_de_bolac');
insert into entidadeMeio values ('exército_de_mesaz');
insert into entidadeMeio values ('exército_de_yoniz');
insert into entidadeMeio values ('exército_de_sikeb');
insert into entidadeMeio values ('bombeiros_de_suwep');
insert into entidadeMeio values ('exército_de_xugec');
insert into entidadeMeio values ('força aérea_de_gohuz');
insert into entidadeMeio values ('bombeiros_de_fediy');
insert into entidadeMeio values ('polícia_de_hamih');
insert into entidadeMeio values ('município_de_xepas');
insert into entidadeMeio values ('município_de_wuvun');
insert into entidadeMeio values ('força aérea_de_muwuy');
insert into entidadeMeio values ('polícia_de_koguz');
insert into entidadeMeio values ('polícia_de_toneh');
insert into entidadeMeio values ('bombeiros_de_cajon');
insert into entidadeMeio values ('bombeiros_de_xizad');
insert into entidadeMeio values ('exército_de_jifas');
insert into entidadeMeio values ('bombeiros_de_pomen');
insert into entidadeMeio values ('município_de_soroz');
insert into entidadeMeio values ('força aérea_de_horak');
insert into entidadeMeio values ('força aérea_de_hodod');
insert into entidadeMeio values ('bombeiros_de_turil');
insert into entidadeMeio values ('exército_de_sazuq');
insert into entidadeMeio values ('força aérea_de_qixey');
insert into entidadeMeio values ('exército_de_gocap');
insert into entidadeMeio values ('força aérea_de_degas');
insert into entidadeMeio values ('bombeiros_de_laxac');
insert into entidadeMeio values ('exército_de_vuwol');
insert into entidadeMeio values ('município_de_fibup');
insert into entidadeMeio values ('exército_de_pogik');
insert into entidadeMeio values ('exército_de_qihem');
insert into entidadeMeio values ('força aérea_de_biqov');
insert into entidadeMeio values ('bombeiros_de_cobuw');
insert into entidadeMeio values ('polícia_de_zigak');
insert into entidadeMeio values ('polícia_de_budax');
insert into entidadeMeio values ('polícia_de_wapec');
insert into entidadeMeio values ('força aérea_de_segil');
insert into entidadeMeio values ('exército_de_qozuw');
insert into entidadeMeio values ('força aérea_de_fojic');
insert into entidadeMeio values ('bombeiros_de_difej');
insert into entidadeMeio values ('força aérea_de_jicaw');
insert into entidadeMeio values ('força aérea_de_rejor');
insert into entidadeMeio values ('força aérea_de_tofuz');
insert into entidadeMeio values ('bombeiros_de_viyuh');
insert into entidadeMeio values ('bombeiros_de_mofip');
insert into entidadeMeio values ('bombeiros_de_kozot');
insert into entidadeMeio values ('bombeiros_de_hamuv');
insert into entidadeMeio values ('força aérea_de_qamit');
insert into entidadeMeio values ('força aérea_de_siway');
insert into entidadeMeio values ('polícia_de_ticom');
insert into entidadeMeio values ('força aérea_de_wehex');
insert into entidadeMeio values ('força aérea_de_wicuz');
insert into entidadeMeio values ('polícia_de_wibow');
insert into entidadeMeio values ('polícia_de_yaliv');
insert into entidadeMeio values ('polícia_de_rapin');
insert into entidadeMeio values ('exército_de_zacom');
insert into entidadeMeio values ('exército_de_cunad');
insert into entidadeMeio values ('polícia_de_cupob');
insert into entidadeMeio values ('polícia_de_kawoh');
insert into entidadeMeio values ('município_de_jahum');
insert into entidadeMeio values ('força aérea_de_duqom');
insert into entidadeMeio values ('polícia_de_julal');
insert into entidadeMeio values ('exército_de_kuxur');
insert into entidadeMeio values ('bombeiros_de_gopaf');
insert into entidadeMeio values ('força aérea_de_nizeg');
insert into entidadeMeio values ('exército_de_xuxam');
insert into entidadeMeio values ('bombeiros_de_yiceg');
insert into entidadeMeio values ('exército_de_pilin');
insert into entidadeMeio values ('exército_de_jadaw');
insert into entidadeMeio values ('município_de_voqog');
insert into entidadeMeio values ('bombeiros_de_pakap');
insert into entidadeMeio values ('bombeiros_de_nucag');
insert into entidadeMeio values ('polícia_de_zepig');
insert into entidadeMeio values ('município_de_gorex');
insert into entidadeMeio values ('polícia_de_luwuw');
insert into entidadeMeio values ('exército_de_liziv');
insert into entidadeMeio values ('município_de_duyem');

insert into meio values (1, 'Combate', 'bombeiros_de_nihij');
insert into meio values (2, 'Socorro', 'município_de_tecuf');
insert into meio values (3, 'Socorro', 'exército_de_zudir');
insert into meio values (4, 'Socorro', 'município_de_pugil');
insert into meio values (5, 'Apoio', 'exército_de_lapog');
insert into meio values (6, 'Apoio', 'exército_de_demiv');
insert into meio values (7, 'Apoio', 'força aérea_de_salav');
insert into meio values (8, 'Combate', 'força aérea_de_tubiw');
insert into meio values (9, 'Apoio', 'município_de_fuviw');
insert into meio values (10, 'Apoio', 'bombeiros_de_xukes');
insert into meio values (11, 'Socorro', 'bombeiros_de_viriy');
insert into meio values (12, 'Apoio', 'polícia_de_quhaw');
insert into meio values (13, 'Socorro', 'força aérea_de_pamet');
insert into meio values (14, 'Socorro', 'exército_de_vobij');
insert into meio values (15, 'Socorro', 'força aérea_de_qudeq');
insert into meio values (16, 'Combate', 'exército_de_cetaq');
insert into meio values (17, 'Socorro', 'polícia_de_nihaz');
insert into meio values (18, 'Apoio', 'bombeiros_de_mipuq');
insert into meio values (19, 'Apoio', 'bombeiros_de_kedap');
insert into meio values (20, 'Combate', 'município_de_vafuq');
insert into meio values (21, 'Socorro', 'município_de_vupog');
insert into meio values (22, 'Combate', 'bombeiros_de_volaf');
insert into meio values (23, 'Socorro', 'exército_de_navux');
insert into meio values (24, 'Socorro', 'município_de_bolac');
insert into meio values (25, 'Apoio', 'exército_de_mesaz');
insert into meio values (26, 'Combate', 'exército_de_yoniz');
insert into meio values (27, 'Combate', 'exército_de_sikeb');
insert into meio values (28, 'Socorro', 'bombeiros_de_suwep');
insert into meio values (29, 'Apoio', 'exército_de_xugec');
insert into meio values (30, 'Socorro', 'força aérea_de_gohuz');
insert into meio values (31, 'Apoio', 'bombeiros_de_fediy');
insert into meio values (32, 'Apoio', 'polícia_de_hamih');
insert into meio values (33, 'Combate', 'município_de_xepas');
insert into meio values (34, 'Apoio', 'município_de_wuvun');
insert into meio values (35, 'Socorro', 'força aérea_de_muwuy');
insert into meio values (36, 'Combate', 'polícia_de_koguz');
insert into meio values (37, 'Apoio', 'polícia_de_toneh');
insert into meio values (38, 'Combate', 'bombeiros_de_cajon');
insert into meio values (39, 'Combate', 'bombeiros_de_xizad');
insert into meio values (40, 'Apoio', 'exército_de_jifas');
insert into meio values (41, 'Combate', 'bombeiros_de_pomen');
insert into meio values (42, 'Socorro', 'município_de_soroz');
insert into meio values (43, 'Socorro', 'força aérea_de_horak');
insert into meio values (44, 'Socorro', 'força aérea_de_hodod');
insert into meio values (45, 'Socorro', 'bombeiros_de_turil');
insert into meio values (46, 'Combate', 'exército_de_sazuq');
insert into meio values (47, 'Combate', 'força aérea_de_qixey');
insert into meio values (48, 'Apoio', 'exército_de_gocap');
insert into meio values (49, 'Combate', 'força aérea_de_degas');
insert into meio values (50, 'Apoio', 'bombeiros_de_laxac');
insert into meio values (51, 'Socorro', 'exército_de_vuwol');
insert into meio values (52, 'Combate', 'município_de_fibup');
insert into meio values (53, 'Combate', 'exército_de_pogik');
insert into meio values (54, 'Socorro', 'exército_de_qihem');
insert into meio values (55, 'Socorro', 'força aérea_de_biqov');
insert into meio values (56, 'Socorro', 'bombeiros_de_cobuw');
insert into meio values (57, 'Socorro', 'polícia_de_zigak');
insert into meio values (58, 'Combate', 'polícia_de_budax');
insert into meio values (59, 'Apoio', 'polícia_de_wapec');
insert into meio values (60, 'Combate', 'força aérea_de_segil');
insert into meio values (61, 'Combate', 'exército_de_qozuw');
insert into meio values (62, 'Apoio', 'força aérea_de_fojic');
insert into meio values (63, 'Apoio', 'bombeiros_de_difej');
insert into meio values (64, 'Apoio', 'força aérea_de_jicaw');
insert into meio values (65, 'Socorro', 'força aérea_de_rejor');
insert into meio values (66, 'Socorro', 'força aérea_de_tofuz');
insert into meio values (67, 'Socorro', 'bombeiros_de_viyuh');
insert into meio values (68, 'Apoio', 'bombeiros_de_mofip');
insert into meio values (69, 'Socorro', 'bombeiros_de_kozot');
insert into meio values (70, 'Apoio', 'bombeiros_de_hamuv');
insert into meio values (71, 'Socorro', 'força aérea_de_qamit');
insert into meio values (72, 'Socorro', 'força aérea_de_siway');
insert into meio values (73, 'Apoio', 'polícia_de_ticom');
insert into meio values (74, 'Combate', 'força aérea_de_wehex');
insert into meio values (75, 'Socorro', 'força aérea_de_wicuz');
insert into meio values (76, 'Combate', 'polícia_de_wibow');
insert into meio values (77, 'Socorro', 'polícia_de_yaliv');
insert into meio values (78, 'Socorro', 'polícia_de_rapin');
insert into meio values (79, 'Combate', 'exército_de_zacom');
insert into meio values (80, 'Combate', 'exército_de_cunad');
insert into meio values (81, 'Socorro', 'polícia_de_cupob');
insert into meio values (82, 'Socorro', 'polícia_de_kawoh');
insert into meio values (83, 'Socorro', 'município_de_jahum');
insert into meio values (84, 'Socorro', 'força aérea_de_duqom');
insert into meio values (85, 'Socorro', 'polícia_de_julal');
insert into meio values (86, 'Combate', 'exército_de_kuxur');
insert into meio values (87, 'Apoio', 'bombeiros_de_gopaf');
insert into meio values (88, 'Socorro', 'força aérea_de_nizeg');
insert into meio values (89, 'Apoio', 'exército_de_xuxam');
insert into meio values (90, 'Combate', 'bombeiros_de_yiceg');
insert into meio values (91, 'Socorro', 'exército_de_pilin');
insert into meio values (92, 'Apoio', 'exército_de_jadaw');
insert into meio values (93, 'Socorro', 'município_de_voqog');
insert into meio values (94, 'Apoio', 'bombeiros_de_pakap');
insert into meio values (95, 'Combate', 'bombeiros_de_nucag');
insert into meio values (96, 'Combate', 'polícia_de_zepig');
insert into meio values (97, 'Apoio', 'município_de_gorex');
insert into meio values (98, 'Combate', 'polícia_de_luwuw');
insert into meio values (99, 'Combate', 'exército_de_liziv');
insert into meio values (100, 'Combate', 'município_de_duyem');

insert into meioCombate values (1, 'bombeiros_de_nihij');
insert into meioCombate values (8, 'força aérea_de_tubiw');
insert into meioCombate values (16, 'exército_de_cetaq');
insert into meioCombate values (20, 'município_de_vafuq');
insert into meioCombate values (22, 'bombeiros_de_volaf');
insert into meioCombate values (26, 'exército_de_yoniz');
insert into meioCombate values (27, 'exército_de_sikeb');
insert into meioCombate values (33, 'município_de_xepas');
insert into meioCombate values (36, 'polícia_de_koguz');
insert into meioCombate values (38, 'bombeiros_de_cajon');
insert into meioCombate values (39, 'bombeiros_de_xizad');
insert into meioCombate values (41, 'bombeiros_de_pomen');
insert into meioCombate values (46, 'exército_de_sazuq');
insert into meioCombate values (47, 'força aérea_de_qixey');
insert into meioCombate values (49, 'força aérea_de_degas');
insert into meioCombate values (52, 'município_de_fibup');
insert into meioCombate values (53, 'exército_de_pogik');
insert into meioCombate values (58, 'polícia_de_budax');
insert into meioCombate values (60, 'força aérea_de_segil');
insert into meioCombate values (61, 'exército_de_qozuw');
insert into meioCombate values (74, 'força aérea_de_wehex');
insert into meioCombate values (76, 'polícia_de_wibow');
insert into meioCombate values (79, 'exército_de_zacom');
insert into meioCombate values (80, 'exército_de_cunad');
insert into meioCombate values (86, 'exército_de_kuxur');
insert into meioCombate values (90, 'bombeiros_de_yiceg');
insert into meioCombate values (95, 'bombeiros_de_nucag');
insert into meioCombate values (96, 'polícia_de_zepig');
insert into meioCombate values (98, 'polícia_de_luwuw');
insert into meioCombate values (99, 'exército_de_liziv');
insert into meioCombate values (100, 'município_de_duyem');

insert into meioApoio values (5, 'exército_de_lapog');
insert into meioApoio values (6, 'exército_de_demiv');
insert into meioApoio values (7, 'força aérea_de_salav');
insert into meioApoio values (9, 'município_de_fuviw');
insert into meioApoio values (10, 'bombeiros_de_xukes');
insert into meioApoio values (12, 'polícia_de_quhaw');
insert into meioApoio values (18, 'bombeiros_de_mipuq');
insert into meioApoio values (19, 'bombeiros_de_kedap');
insert into meioApoio values (25, 'exército_de_mesaz');
insert into meioApoio values (29, 'exército_de_xugec');
insert into meioApoio values (31, 'bombeiros_de_fediy');
insert into meioApoio values (32, 'polícia_de_hamih');
insert into meioApoio values (34, 'município_de_wuvun');
insert into meioApoio values (37, 'polícia_de_toneh');
insert into meioApoio values (40, 'exército_de_jifas');
insert into meioApoio values (48, 'exército_de_gocap');
insert into meioApoio values (50, 'bombeiros_de_laxac');
insert into meioApoio values (59, 'polícia_de_wapec');
insert into meioApoio values (62, 'força aérea_de_fojic');
insert into meioApoio values (63, 'bombeiros_de_difej');
insert into meioApoio values (64, 'força aérea_de_jicaw');
insert into meioApoio values (68, 'bombeiros_de_mofip');
insert into meioApoio values (70, 'bombeiros_de_hamuv');
insert into meioApoio values (73, 'polícia_de_ticom');
insert into meioApoio values (87, 'bombeiros_de_gopaf');
insert into meioApoio values (89, 'exército_de_xuxam');
insert into meioApoio values (92, 'exército_de_jadaw');
insert into meioApoio values (94, 'bombeiros_de_pakap');
insert into meioApoio values (97, 'município_de_gorex');

insert into meioSocorro values (2, 'município_de_tecuf');
insert into meioSocorro values (3, 'exército_de_zudir');
insert into meioSocorro values (4, 'município_de_pugil');
insert into meioSocorro values (11, 'bombeiros_de_viriy');
insert into meioSocorro values (13, 'força aérea_de_pamet');
insert into meioSocorro values (14, 'exército_de_vobij');
insert into meioSocorro values (15, 'força aérea_de_qudeq');
insert into meioSocorro values (17, 'polícia_de_nihaz');
insert into meioSocorro values (21, 'município_de_vupog');
insert into meioSocorro values (23, 'exército_de_navux');
insert into meioSocorro values (24, 'município_de_bolac');
insert into meioSocorro values (28, 'bombeiros_de_suwep');
insert into meioSocorro values (30, 'força aérea_de_gohuz');
insert into meioSocorro values (35, 'força aérea_de_muwuy');
insert into meioSocorro values (42, 'município_de_soroz');
insert into meioSocorro values (43, 'força aérea_de_horak');
insert into meioSocorro values (44, 'força aérea_de_hodod');
insert into meioSocorro values (45, 'bombeiros_de_turil');
insert into meioSocorro values (51, 'exército_de_vuwol');
insert into meioSocorro values (54, 'exército_de_qihem');
insert into meioSocorro values (55, 'força aérea_de_biqov');
insert into meioSocorro values (56, 'bombeiros_de_cobuw');
insert into meioSocorro values (57, 'polícia_de_zigak');
insert into meioSocorro values (65, 'força aérea_de_rejor');
insert into meioSocorro values (66, 'força aérea_de_tofuz');
insert into meioSocorro values (67, 'bombeiros_de_viyuh');
insert into meioSocorro values (69, 'bombeiros_de_kozot');
insert into meioSocorro values (71, 'força aérea_de_qamit');
insert into meioSocorro values (72, 'força aérea_de_siway');
insert into meioSocorro values (75, 'força aérea_de_wicuz');
insert into meioSocorro values (77, 'polícia_de_yaliv');
insert into meioSocorro values (78, 'polícia_de_rapin');
insert into meioSocorro values (81, 'polícia_de_cupob');
insert into meioSocorro values (82, 'polícia_de_kawoh');
insert into meioSocorro values (83, 'município_de_jahum');
insert into meioSocorro values (84, 'força aérea_de_duqom');
insert into meioSocorro values (85, 'polícia_de_julal');
insert into meioSocorro values (88, 'força aérea_de_nizeg');
insert into meioSocorro values (91, 'exército_de_pilin');
insert into meioSocorro values (93, 'município_de_voqog');

insert into transporta values (2, 'município_de_tecuf', 86, 2);
insert into transporta values (3, 'exército_de_zudir', 53, 3);
insert into transporta values (4, 'município_de_pugil', 9, 4);
insert into transporta values (11, 'bombeiros_de_viriy', 18, 11);
insert into transporta values (13, 'força aérea_de_pamet', 30, 13);
insert into transporta values (14, 'exército_de_vobij', 83, 14);
insert into transporta values (15, 'força aérea_de_qudeq', 67, 15);
insert into transporta values (17, 'polícia_de_nihaz', 9, 17);
insert into transporta values (21, 'município_de_vupog', 98, 21);
insert into transporta values (23, 'exército_de_navux', 70, 23);
insert into transporta values (24, 'município_de_bolac', 48, 24);
insert into transporta values (28, 'bombeiros_de_suwep', 79, 28);
insert into transporta values (30, 'força aérea_de_gohuz', 69, 30);
insert into transporta values (35, 'força aérea_de_muwuy', 54, 35);
insert into transporta values (42, 'município_de_soroz', 16, 42);
insert into transporta values (43, 'força aérea_de_horak', 68, 43);
insert into transporta values (44, 'força aérea_de_hodod', 97, 44);
insert into transporta values (45, 'bombeiros_de_turil', 79, 45);
insert into transporta values (51, 'exército_de_vuwol', 51, 51);
insert into transporta values (54, 'exército_de_qihem', 60, 54);
insert into transporta values (55, 'força aérea_de_biqov', 50, 55);
insert into transporta values (56, 'bombeiros_de_cobuw', 20, 56);
insert into transporta values (57, 'polícia_de_zigak', 71, 57);
insert into transporta values (65, 'força aérea_de_rejor', 98, 65);
insert into transporta values (66, 'força aérea_de_tofuz', 95, 66);
insert into transporta values (67, 'bombeiros_de_viyuh', 26, 67);
insert into transporta values (69, 'bombeiros_de_kozot', 30, 69);
insert into transporta values (71, 'força aérea_de_qamit', 68, 71);
insert into transporta values (72, 'força aérea_de_siway', 32, 72);
insert into transporta values (75, 'força aérea_de_wicuz', 21, 75);
insert into transporta values (77, 'polícia_de_yaliv', 92, 77);
insert into transporta values (78, 'polícia_de_rapin', 54, 78);
insert into transporta values (81, 'polícia_de_cupob', 10, 81);
insert into transporta values (82, 'polícia_de_kawoh', 16, 82);
insert into transporta values (83, 'município_de_jahum', 59, 83);
insert into transporta values (84, 'força aérea_de_duqom', 11, 84);
insert into transporta values (85, 'polícia_de_julal', 59, 85);
insert into transporta values (88, 'força aérea_de_nizeg', 89, 88);
insert into transporta values (91, 'exército_de_pilin', 36, 91);
insert into transporta values (93, 'município_de_voqog', 2, 93);

insert into alocado values (5, 'exército_de_lapog', 51, 5);
insert into alocado values (6, 'exército_de_demiv', 27, 6);
insert into alocado values (7, 'força aérea_de_salav', 4, 7);
insert into alocado values (9, 'município_de_fuviw', 9, 9);
insert into alocado values (10, 'bombeiros_de_xukes', 60, 10);
insert into alocado values (12, 'polícia_de_quhaw', 58, 12);
insert into alocado values (18, 'bombeiros_de_mipuq', 43, 18);
insert into alocado values (19, 'bombeiros_de_kedap', 18, 19);
insert into alocado values (25, 'exército_de_mesaz', 41, 25);
insert into alocado values (29, 'exército_de_xugec', 31, 29);
insert into alocado values (31, 'bombeiros_de_fediy', 26, 31);
insert into alocado values (32, 'polícia_de_hamih', 1, 32);
insert into alocado values (34, 'município_de_wuvun', 53, 34);
insert into alocado values (37, 'polícia_de_toneh', 55, 37);
insert into alocado values (40, 'exército_de_jifas', 28, 40);
insert into alocado values (48, 'exército_de_gocap', 45, 48);
insert into alocado values (50, 'bombeiros_de_laxac', 41, 50);
insert into alocado values (59, 'polícia_de_wapec', 58, 59);
insert into alocado values (62, 'força aérea_de_fojic', 37, 62);
insert into alocado values (63, 'bombeiros_de_difej', 32, 63);
insert into alocado values (64, 'força aérea_de_jicaw', 10, 64);
insert into alocado values (68, 'bombeiros_de_mofip', 12, 68);
insert into alocado values (70, 'bombeiros_de_hamuv', 54, 70);
insert into alocado values (73, 'polícia_de_ticom', 34, 73);
insert into alocado values (87, 'bombeiros_de_gopaf', 53, 87);
insert into alocado values (89, 'exército_de_xuxam', 19, 89);
insert into alocado values (92, 'exército_de_jadaw', 50, 92);
insert into alocado values (94, 'bombeiros_de_pakap', 15, 94);
insert into alocado values (97, 'município_de_gorex', 48, 97);

insert into acciona values (1, 'bombeiros_de_nihij', 1);
insert into acciona values (2, 'município_de_tecuf', 2);
insert into acciona values (3, 'exército_de_zudir', 3);
insert into acciona values (4, 'município_de_pugil', 4);
insert into acciona values (5, 'exército_de_lapog', 5);
insert into acciona values (6, 'exército_de_demiv', 6);
insert into acciona values (7, 'força aérea_de_salav', 7);
insert into acciona values (8, 'força aérea_de_tubiw', 8);
insert into acciona values (9, 'município_de_fuviw', 9);
insert into acciona values (10, 'bombeiros_de_xukes', 10);
insert into acciona values (11, 'bombeiros_de_viriy', 11);
insert into acciona values (12, 'polícia_de_quhaw', 12);
insert into acciona values (13, 'força aérea_de_pamet', 13);
insert into acciona values (14, 'exército_de_vobij', 14);
insert into acciona values (15, 'força aérea_de_qudeq', 15);
insert into acciona values (16, 'exército_de_cetaq', 16);
insert into acciona values (17, 'polícia_de_nihaz', 17);
insert into acciona values (18, 'bombeiros_de_mipuq', 18);
insert into acciona values (19, 'bombeiros_de_kedap', 19);
insert into acciona values (20, 'município_de_vafuq', 20);
insert into acciona values (21, 'município_de_vupog', 21);
insert into acciona values (22, 'bombeiros_de_volaf', 22);
insert into acciona values (23, 'exército_de_navux', 23);
insert into acciona values (24, 'município_de_bolac', 24);
insert into acciona values (25, 'exército_de_mesaz', 25);
insert into acciona values (26, 'exército_de_yoniz', 26);
insert into acciona values (27, 'exército_de_sikeb', 27);
insert into acciona values (28, 'bombeiros_de_suwep', 28);
insert into acciona values (29, 'exército_de_xugec', 29);
insert into acciona values (30, 'força aérea_de_gohuz', 30);
insert into acciona values (31, 'bombeiros_de_fediy', 31);
insert into acciona values (32, 'polícia_de_hamih', 32);
insert into acciona values (33, 'município_de_xepas', 33);
insert into acciona values (34, 'município_de_wuvun', 34);
insert into acciona values (35, 'força aérea_de_muwuy', 35);
insert into acciona values (36, 'polícia_de_koguz', 36);
insert into acciona values (37, 'polícia_de_toneh', 37);
insert into acciona values (38, 'bombeiros_de_cajon', 38);
insert into acciona values (39, 'bombeiros_de_xizad', 39);
insert into acciona values (40, 'exército_de_jifas', 40);
insert into acciona values (41, 'bombeiros_de_pomen', 41);
insert into acciona values (42, 'município_de_soroz', 42);
insert into acciona values (43, 'força aérea_de_horak', 43);
insert into acciona values (44, 'força aérea_de_hodod', 44);
insert into acciona values (45, 'bombeiros_de_turil', 45);
insert into acciona values (46, 'exército_de_sazuq', 46);
insert into acciona values (47, 'força aérea_de_qixey', 47);
insert into acciona values (48, 'exército_de_gocap', 48);
insert into acciona values (49, 'força aérea_de_degas', 49);
insert into acciona values (50, 'bombeiros_de_laxac', 50);
insert into acciona values (51, 'exército_de_vuwol', 51);
insert into acciona values (52, 'município_de_fibup', 52);
insert into acciona values (53, 'exército_de_pogik', 53);
insert into acciona values (54, 'exército_de_qihem', 54);
insert into acciona values (55, 'força aérea_de_biqov', 55);
insert into acciona values (56, 'bombeiros_de_cobuw', 56);
insert into acciona values (57, 'polícia_de_zigak', 57);
insert into acciona values (58, 'polícia_de_budax', 58);
insert into acciona values (59, 'polícia_de_wapec', 59);
insert into acciona values (60, 'força aérea_de_segil', 60);
insert into acciona values (61, 'exército_de_qozuw', 61);
insert into acciona values (62, 'força aérea_de_fojic', 62);
insert into acciona values (63, 'bombeiros_de_difej', 63);
insert into acciona values (64, 'força aérea_de_jicaw', 64);
insert into acciona values (65, 'força aérea_de_rejor', 65);
insert into acciona values (66, 'força aérea_de_tofuz', 66);
insert into acciona values (67, 'bombeiros_de_viyuh', 67);
insert into acciona values (68, 'bombeiros_de_mofip', 68);
insert into acciona values (69, 'bombeiros_de_kozot', 69);
insert into acciona values (70, 'bombeiros_de_hamuv', 70);
insert into acciona values (71, 'força aérea_de_qamit', 71);
insert into acciona values (72, 'força aérea_de_siway', 72);
insert into acciona values (73, 'polícia_de_ticom', 73);
insert into acciona values (74, 'força aérea_de_wehex', 74);
insert into acciona values (75, 'força aérea_de_wicuz', 75);
insert into acciona values (76, 'polícia_de_wibow', 76);
insert into acciona values (77, 'polícia_de_yaliv', 77);
insert into acciona values (78, 'polícia_de_rapin', 78);
insert into acciona values (79, 'exército_de_zacom', 79);
insert into acciona values (80, 'exército_de_cunad', 80);
insert into acciona values (81, 'polícia_de_cupob', 81);
insert into acciona values (82, 'polícia_de_kawoh', 82);
insert into acciona values (83, 'município_de_jahum', 83);
insert into acciona values (84, 'força aérea_de_duqom', 84);
insert into acciona values (85, 'polícia_de_julal', 85);
insert into acciona values (86, 'exército_de_kuxur', 86);
insert into acciona values (87, 'bombeiros_de_gopaf', 87);
insert into acciona values (88, 'força aérea_de_nizeg', 88);
insert into acciona values (89, 'exército_de_xuxam', 89);
insert into acciona values (90, 'bombeiros_de_yiceg', 90);
insert into acciona values (91, 'exército_de_pilin', 91);
insert into acciona values (92, 'exército_de_jadaw', 92);
insert into acciona values (93, 'município_de_voqog', 93);
insert into acciona values (94, 'bombeiros_de_pakap', 94);
insert into acciona values (95, 'bombeiros_de_nucag', 95);
insert into acciona values (96, 'polícia_de_zepig', 96);
insert into acciona values (97, 'município_de_gorex', 97);
insert into acciona values (98, 'polícia_de_luwuw', 98);
insert into acciona values (99, 'exército_de_liziv', 99);
insert into acciona values (100, 'município_de_duyem', 100);

insert into coordenador values (1);
insert into coordenador values (2);
insert into coordenador values (3);
insert into coordenador values (4);
insert into coordenador values (5);
insert into coordenador values (6);
insert into coordenador values (7);
insert into coordenador values (8);
insert into coordenador values (9);
insert into coordenador values (10);
insert into coordenador values (11);
insert into coordenador values (12);
insert into coordenador values (13);
insert into coordenador values (14);
insert into coordenador values (15);
insert into coordenador values (16);
insert into coordenador values (17);
insert into coordenador values (18);
insert into coordenador values (19);
insert into coordenador values (20);
insert into coordenador values (21);
insert into coordenador values (22);
insert into coordenador values (23);
insert into coordenador values (24);
insert into coordenador values (25);
insert into coordenador values (26);
insert into coordenador values (27);
insert into coordenador values (28);
insert into coordenador values (29);
insert into coordenador values (30);
insert into coordenador values (31);
insert into coordenador values (32);
insert into coordenador values (33);
insert into coordenador values (34);
insert into coordenador values (35);
insert into coordenador values (36);
insert into coordenador values (37);
insert into coordenador values (38);
insert into coordenador values (39);
insert into coordenador values (40);
insert into coordenador values (41);
insert into coordenador values (42);
insert into coordenador values (43);
insert into coordenador values (44);
insert into coordenador values (45);
insert into coordenador values (46);
insert into coordenador values (47);
insert into coordenador values (48);
insert into coordenador values (49);
insert into coordenador values (50);
insert into coordenador values (51);
insert into coordenador values (52);
insert into coordenador values (53);
insert into coordenador values (54);
insert into coordenador values (55);
insert into coordenador values (56);
insert into coordenador values (57);
insert into coordenador values (58);
insert into coordenador values (59);
insert into coordenador values (60);
insert into coordenador values (61);
insert into coordenador values (62);
insert into coordenador values (63);
insert into coordenador values (64);
insert into coordenador values (65);
insert into coordenador values (66);
insert into coordenador values (67);
insert into coordenador values (68);
insert into coordenador values (69);
insert into coordenador values (70);
insert into coordenador values (71);
insert into coordenador values (72);
insert into coordenador values (73);
insert into coordenador values (74);
insert into coordenador values (75);
insert into coordenador values (76);
insert into coordenador values (77);
insert into coordenador values (78);
insert into coordenador values (79);
insert into coordenador values (80);
insert into coordenador values (81);
insert into coordenador values (82);
insert into coordenador values (83);
insert into coordenador values (84);
insert into coordenador values (85);
insert into coordenador values (86);
insert into coordenador values (87);
insert into coordenador values (88);
insert into coordenador values (89);
insert into coordenador values (90);
insert into coordenador values (91);
insert into coordenador values (92);
insert into coordenador values (93);
insert into coordenador values (94);
insert into coordenador values (95);
insert into coordenador values (96);
insert into coordenador values (97);
insert into coordenador values (98);
insert into coordenador values (99);
insert into coordenador values (100);

insert into audita values (1, 1, 'bombeiros_de_nihij', 1, '2019-03-02 02:44:23', '2019-01-02 13:57:28', '2019-03-02','Auditoria do processo 1 que comecou no dia 2019-03-02 02:44:23 e acabou no dia 2019-01-02 13:57:28 da entidade bombeiros_de_nihij do Meio de Combate');
insert into audita values (2, 2, 'município_de_tecuf', 2, '2019-01-01 16:27:15', '2019-01-02 18:58:24', '2019-01-01','Auditoria do processo 2 que comecou no dia 2019-01-01 16:27:15 e acabou no dia 2019-01-02 18:58:24 da entidade município_de_tecuf do Meio de Socorro');
insert into audita values (3, 3, 'exército_de_zudir', 3, '2019-01-04 00:09:00', '2019-01-04 03:00:28', '2019-01-04','Auditoria do processo 3 que comecou no dia 2019-01-04 00:09:00 e acabou no dia 2019-01-04 03:00:28 da entidade exército_de_zudir do Meio de Socorro');
insert into audita values (4, 4, 'município_de_pugil', 4, '2019-01-02 14:52:50', '2019-01-02 22:43:33', '2019-01-02','Auditoria do processo 4 que comecou no dia 2019-01-02 14:52:50 e acabou no dia 2019-01-02 22:43:33 da entidade município_de_pugil do Meio de Socorro');
insert into audita values (5, 5, 'exército_de_lapog', 5, '2019-01-03 18:01:16', '2019-01-04 16:12:02', '2019-01-03','Auditoria do processo 5 que comecou no dia 2019-01-03 18:01:16 e acabou no dia 2019-01-04 16:12:02 da entidade exército_de_lapog do Meio de Apoio');
insert into audita values (6, 6, 'exército_de_demiv', 6, '2019-01-03 23:58:36', '2019-01-04 00:27:30', '2019-01-03','Auditoria do processo 6 que comecou no dia 2019-01-03 23:58:36 e acabou no dia 2019-01-04 00:27:30 da entidade exército_de_demiv do Meio de Apoio');
insert into audita values (7, 7, 'força aérea_de_salav', 7, '2019-01-03 12:47:56', '2019-01-05 07:10:43', '2019-01-03','Auditoria do processo 7 que comecou no dia 2019-01-03 12:47:56 e acabou no dia 2019-01-05 07:10:43 da entidade força aérea_de_salav do Meio de Apoio');
insert into audita values (8, 8, 'força aérea_de_tubiw', 8, '2019-01-04 20:12:01', '2019-01-05 02:27:11', '2019-01-04','Auditoria do processo 8 que comecou no dia 2019-01-04 20:12:01 e acabou no dia 2019-01-05 02:27:11 da entidade força aérea_de_tubiw do Meio de Combate');
insert into audita values (9, 9, 'município_de_fuviw', 9, '2019-01-06 20:53:43', '2019-01-09 17:01:16', '2019-01-06','Auditoria do processo 9 que comecou no dia 2019-01-06 20:53:43 e acabou no dia 2019-01-09 17:01:16 da entidade município_de_fuviw do Meio de Apoio');
insert into audita values (10, 10, 'bombeiros_de_xukes', 10, '2019-01-04 02:25:53', '2019-01-04 15:40:17', '2019-01-04','Auditoria do processo 10 que comecou no dia 2019-01-04 02:25:53 e acabou no dia 2019-01-04 15:40:17 da entidade bombeiros_de_xukes do Meio de Apoio');
insert into audita values (11, 11, 'bombeiros_de_viriy', 11, '2019-01-09 13:00:11', '2019-01-10 03:51:58', '2019-01-09','Auditoria do processo 11 que comecou no dia 2019-01-09 13:00:11 e acabou no dia 2019-01-10 03:51:58 da entidade bombeiros_de_viriy do Meio de Socorro');
insert into audita values (12, 12, 'polícia_de_quhaw', 12, '2019-01-11 23:02:48', '2019-01-12 05:49:45', '2019-01-11','Auditoria do processo 12 que comecou no dia 2019-01-11 23:02:48 e acabou no dia 2019-01-12 05:49:45 da entidade polícia_de_quhaw do Meio de Apoio');
insert into audita values (13, 13, 'força aérea_de_pamet', 13, '2019-01-08 16:40:08', '2019-01-09 06:12:58', '2019-01-08','Auditoria do processo 13 que comecou no dia 2019-01-08 16:40:08 e acabou no dia 2019-01-09 06:12:58 da entidade força aérea_de_pamet do Meio de Socorro');
insert into audita values (14, 14, 'exército_de_vobij', 14, '2019-01-08 21:24:21', '2019-01-09 02:25:05', '2019-01-08','Auditoria do processo 14 que comecou no dia 2019-01-08 21:24:21 e acabou no dia 2019-01-09 02:25:05 da entidade exército_de_vobij do Meio de Socorro');
insert into audita values (15, 15, 'força aérea_de_qudeq', 15, '2019-01-10 22:15:38', '2019-01-11 05:50:20', '2019-01-10','Auditoria do processo 15 que comecou no dia 2019-01-10 22:15:38 e acabou no dia 2019-01-11 05:50:20 da entidade força aérea_de_qudeq do Meio de Socorro');
insert into audita values (16, 16, 'exército_de_cetaq', 16, '2019-01-10 05:11:06', '2019-01-10 11:54:40', '2019-01-10','Auditoria do processo 16 que comecou no dia 2019-01-10 05:11:06 e acabou no dia 2019-01-10 11:54:40 da entidade exército_de_cetaq do Meio de Combate');
insert into audita values (17, 17, 'polícia_de_nihaz', 17, '2019-01-15 17:16:09', '2019-01-16 11:54:29', '2019-01-15','Auditoria do processo 17 que comecou no dia 2019-01-15 17:16:09 e acabou no dia 2019-01-16 11:54:29 da entidade polícia_de_nihaz do Meio de Socorro');
insert into audita values (18, 18, 'bombeiros_de_mipuq', 18, '2019-01-10 04:47:08', '2019-01-11 09:29:56', '2019-01-10','Auditoria do processo 18 que comecou no dia 2019-01-10 04:47:08 e acabou no dia 2019-01-11 09:29:56 da entidade bombeiros_de_mipuq do Meio de Apoio');
insert into audita values (19, 19, 'bombeiros_de_kedap', 19, '2019-01-14 14:06:08', '2019-01-14 22:42:07', '2019-01-14','Auditoria do processo 19 que comecou no dia 2019-01-14 14:06:08 e acabou no dia 2019-01-14 22:42:07 da entidade bombeiros_de_kedap do Meio de Apoio');
insert into audita values (20, 20, 'município_de_vafuq', 20, '2019-01-15 05:15:27', '2019-01-15 12:48:14', '2019-01-15','Auditoria do processo 20 que comecou no dia 2019-01-15 05:15:27 e acabou no dia 2019-01-15 12:48:14 da entidade município_de_vafuq do Meio de Combate');
insert into audita values (21, 21, 'município_de_vupog', 21, '2019-01-10 04:55:08', '2019-01-10 19:12:03', '2019-01-10','Auditoria do processo 21 que comecou no dia 2019-01-10 04:55:08 e acabou no dia 2019-01-10 19:12:03 da entidade município_de_vupog do Meio de Socorro');
insert into audita values (22, 22, 'bombeiros_de_volaf', 22, '2019-01-13 23:44:44', '2019-01-14 00:34:05', '2019-01-13','Auditoria do processo 22 que comecou no dia 2019-01-13 23:44:44 e acabou no dia 2019-01-14 00:34:05 da entidade bombeiros_de_volaf do Meio de Combate');
insert into audita values (23, 23, 'exército_de_navux', 23, '2019-01-17 01:38:55', '2019-01-17 06:35:26', '2019-01-17','Auditoria do processo 23 que comecou no dia 2019-01-17 01:38:55 e acabou no dia 2019-01-17 06:35:26 da entidade exército_de_navux do Meio de Socorro');
insert into audita values (24, 24, 'município_de_bolac', 24, '2019-01-15 00:04:22', '2019-01-15 11:13:17', '2019-01-15','Auditoria do processo 24 que comecou no dia 2019-01-15 00:04:22 e acabou no dia 2019-01-15 11:13:17 da entidade município_de_bolac do Meio de Socorro');
insert into audita values (25, 25, 'exército_de_mesaz', 25, '2019-01-17 02:22:02', '2019-01-17 05:01:16', '2019-01-17','Auditoria do processo 25 que comecou no dia 2019-01-17 02:22:02 e acabou no dia 2019-01-17 05:01:16 da entidade exército_de_mesaz do Meio de Apoio');
insert into audita values (26, 26, 'exército_de_yoniz', 26, '2019-01-14 19:45:45', '2019-01-15 03:13:36', '2019-01-14','Auditoria do processo 26 que comecou no dia 2019-01-14 19:45:45 e acabou no dia 2019-01-15 03:13:36 da entidade exército_de_yoniz do Meio de Combate');
insert into audita values (27, 27, 'exército_de_sikeb', 27, '2019-01-21 18:02:46', '2019-01-21 22:16:35', '2019-01-21','Auditoria do processo 27 que comecou no dia 2019-01-21 18:02:46 e acabou no dia 2019-01-21 22:16:35 da entidade exército_de_sikeb do Meio de Combate');
insert into audita values (28, 28, 'bombeiros_de_suwep', 28, '2019-01-21 14:27:07', '2019-01-21 23:06:44', '2019-01-21','Auditoria do processo 28 que comecou no dia 2019-01-21 14:27:07 e acabou no dia 2019-01-21 23:06:44 da entidade bombeiros_de_suwep do Meio de Socorro');
insert into audita values (29, 29, 'exército_de_xugec', 29, '2019-01-17 04:04:51', '2019-01-18 22:43:52', '2019-01-17','Auditoria do processo 29 que comecou no dia 2019-01-17 04:04:51 e acabou no dia 2019-01-18 22:43:52 da entidade exército_de_xugec do Meio de Apoio');
insert into audita values (30, 30, 'força aérea_de_gohuz', 30, '2019-01-17 00:48:07', '2019-01-18 15:58:46', '2019-01-17','Auditoria do processo 30 que comecou no dia 2019-01-17 00:48:07 e acabou no dia 2019-01-18 15:58:46 da entidade força aérea_de_gohuz do Meio de Socorro');
insert into audita values (31, 31, 'bombeiros_de_fediy', 31, '2019-01-16 16:26:53', '2019-01-17 10:04:09', '2019-01-16','Auditoria do processo 31 que comecou no dia 2019-01-16 16:26:53 e acabou no dia 2019-01-17 10:04:09 da entidade bombeiros_de_fediy do Meio de Apoio');
insert into audita values (32, 32, 'polícia_de_hamih', 32, '2019-01-17 16:23:13', '2019-01-17 20:47:03', '2019-01-17','Auditoria do processo 32 que comecou no dia 2019-01-17 16:23:13 e acabou no dia 2019-01-17 20:47:03 da entidade polícia_de_hamih do Meio de Apoio');
insert into audita values (33, 33, 'município_de_xepas', 33, '2019-01-20 19:25:47', '2019-01-23 14:19:58', '2019-01-20','Auditoria do processo 33 que comecou no dia 2019-01-20 19:25:47 e acabou no dia 2019-01-23 14:19:58 da entidade município_de_xepas do Meio de Combate');
insert into audita values (34, 34, 'município_de_wuvun', 34, '2019-01-23 02:08:58', '2019-01-23 08:59:59', '2019-01-23','Auditoria do processo 34 que comecou no dia 2019-01-23 02:08:58 e acabou no dia 2019-01-23 08:59:59 da entidade município_de_wuvun do Meio de Apoio');
insert into audita values (35, 35, 'força aérea_de_muwuy', 35, '2019-01-18 19:17:16', '2019-01-19 02:21:24', '2019-01-18','Auditoria do processo 35 que comecou no dia 2019-01-18 19:17:16 e acabou no dia 2019-01-19 02:21:24 da entidade força aérea_de_muwuy do Meio de Socorro');
insert into audita values (36, 36, 'polícia_de_koguz', 36, '2019-01-23 09:31:48', '2019-01-24 07:50:50', '2019-01-23','Auditoria do processo 36 que comecou no dia 2019-01-23 09:31:48 e acabou no dia 2019-01-24 07:50:50 da entidade polícia_de_koguz do Meio de Combate');
insert into audita values (37, 37, 'polícia_de_toneh', 37, '2019-01-20 10:22:05', '2019-01-20 15:47:12', '2019-01-20','Auditoria do processo 37 que comecou no dia 2019-01-20 10:22:05 e acabou no dia 2019-01-20 15:47:12 da entidade polícia_de_toneh do Meio de Apoio');
insert into audita values (38, 38, 'bombeiros_de_cajon', 38, '2019-01-20 21:58:36', '2019-01-24 09:16:29', '2019-01-20','Auditoria do processo 38 que comecou no dia 2019-01-20 21:58:36 e acabou no dia 2019-01-24 09:16:29 da entidade bombeiros_de_cajon do Meio de Combate');
insert into audita values (39, 39, 'bombeiros_de_xizad', 39, '2019-01-27 05:35:02', '2019-01-28 19:20:14', '2019-01-27','Auditoria do processo 39 que comecou no dia 2019-01-27 05:35:02 e acabou no dia 2019-01-28 19:20:14 da entidade bombeiros_de_xizad do Meio de Combate');
insert into audita values (40, 40, 'exército_de_jifas', 40, '2019-01-24 03:06:13', '2019-01-25 07:20:46', '2019-01-24','Auditoria do processo 40 que comecou no dia 2019-01-24 03:06:13 e acabou no dia 2019-01-25 07:20:46 da entidade exército_de_jifas do Meio de Apoio');
insert into audita values (41, 41, 'bombeiros_de_pomen', 41, '2019-01-29 01:18:58', '2019-01-29 06:10:17', '2019-01-29','Auditoria do processo 41 que comecou no dia 2019-01-29 01:18:58 e acabou no dia 2019-01-29 06:10:17 da entidade bombeiros_de_pomen do Meio de Combate');
insert into audita values (42, 42, 'município_de_soroz', 42, '2019-01-26 20:19:25', '2019-01-27 21:30:31', '2019-01-26','Auditoria do processo 42 que comecou no dia 2019-01-26 20:19:25 e acabou no dia 2019-01-27 21:30:31 da entidade município_de_soroz do Meio de Socorro');
insert into audita values (43, 43, 'força aérea_de_horak', 43, '2019-01-18 23:08:17', '2019-01-19 10:43:35', '2019-01-18','Auditoria do processo 43 que comecou no dia 2019-01-18 23:08:17 e acabou no dia 2019-01-19 10:43:35 da entidade força aérea_de_horak do Meio de Socorro');
insert into audita values (44, 44, 'força aérea_de_hodod', 44, '2019-01-27 01:07:27', '2019-01-28 08:57:08', '2019-01-27','Auditoria do processo 44 que comecou no dia 2019-01-27 01:07:27 e acabou no dia 2019-01-28 08:57:08 da entidade força aérea_de_hodod do Meio de Socorro');
insert into audita values (45, 45, 'bombeiros_de_turil', 45, '2019-01-26 12:48:42', '2019-01-26 19:45:25', '2019-01-26','Auditoria do processo 45 que comecou no dia 2019-01-26 12:48:42 e acabou no dia 2019-01-26 19:45:25 da entidade bombeiros_de_turil do Meio de Socorro');
insert into audita values (46, 46, 'exército_de_sazuq', 46, '2019-01-25 16:28:16', '2019-01-25 19:18:07', '2019-01-25','Auditoria do processo 46 que comecou no dia 2019-01-25 16:28:16 e acabou no dia 2019-01-25 19:18:07 da entidade exército_de_sazuq do Meio de Combate');
insert into audita values (47, 47, 'força aérea_de_qixey', 47, '2019-02-01 04:50:42', '2019-02-01 15:19:13', '2019-02-01','Auditoria do processo 47 que comecou no dia 2019-02-01 04:50:42 e acabou no dia 2019-02-01 15:19:13 da entidade força aérea_de_qixey do Meio de Combate');
insert into audita values (48, 48, 'exército_de_gocap', 48, '2019-01-31 23:55:48', '2019-02-01 01:13:03', '2019-01-31','Auditoria do processo 48 que comecou no dia 2019-01-31 23:55:48 e acabou no dia 2019-02-01 01:13:03 da entidade exército_de_gocap do Meio de Apoio');
insert into audita values (49, 49, 'força aérea_de_degas', 49, '2019-01-29 20:59:25', '2019-01-31 18:05:28', '2019-01-29','Auditoria do processo 49 que comecou no dia 2019-01-29 20:59:25 e acabou no dia 2019-01-31 18:05:28 da entidade força aérea_de_degas do Meio de Combate');
insert into audita values (50, 50, 'bombeiros_de_laxac', 50, '2019-01-30 05:42:21', '2019-01-30 07:20:12', '2019-01-30','Auditoria do processo 50 que comecou no dia 2019-01-30 05:42:21 e acabou no dia 2019-01-30 07:20:12 da entidade bombeiros_de_laxac do Meio de Apoio');
insert into audita values (51, 51, 'exército_de_vuwol', 51, '2019-02-02 12:20:36', '2019-02-02 14:07:49', '2019-02-02','Auditoria do processo 51 que comecou no dia 2019-02-02 12:20:36 e acabou no dia 2019-02-02 14:07:49 da entidade exército_de_vuwol do Meio de Socorro');
insert into audita values (52, 52, 'município_de_fibup', 52, '2019-02-04 12:47:49', '2019-02-04 23:02:22', '2019-02-04','Auditoria do processo 52 que comecou no dia 2019-02-04 12:47:49 e acabou no dia 2019-02-04 23:02:22 da entidade município_de_fibup do Meio de Combate');
insert into audita values (53, 53, 'exército_de_pogik', 53, '2019-01-29 06:22:02', '2019-01-30 00:05:20', '2019-01-29','Auditoria do processo 53 que comecou no dia 2019-01-29 06:22:02 e acabou no dia 2019-01-30 00:05:20 da entidade exército_de_pogik do Meio de Combate');
insert into audita values (54, 54, 'exército_de_qihem', 54, '2019-02-03 16:18:56', '2019-02-04 00:13:38', '2019-02-03','Auditoria do processo 54 que comecou no dia 2019-02-03 16:18:56 e acabou no dia 2019-02-04 00:13:38 da entidade exército_de_qihem do Meio de Socorro');
insert into audita values (55, 55, 'força aérea_de_biqov', 55, '2019-02-05 18:25:44', '2019-02-05 21:19:30', '2019-02-05','Auditoria do processo 55 que comecou no dia 2019-02-05 18:25:44 e acabou no dia 2019-02-05 21:19:30 da entidade força aérea_de_biqov do Meio de Socorro');
insert into audita values (56, 56, 'bombeiros_de_cobuw', 56, '2019-01-29 11:16:33', '2019-01-30 02:34:01', '2019-01-29','Auditoria do processo 56 que comecou no dia 2019-01-29 11:16:33 e acabou no dia 2019-01-30 02:34:01 da entidade bombeiros_de_cobuw do Meio de Socorro');
insert into audita values (57, 57, 'polícia_de_zigak', 57, '2019-02-03 22:33:21', '2019-02-04 10:43:35', '2019-02-03','Auditoria do processo 57 que comecou no dia 2019-02-03 22:33:21 e acabou no dia 2019-02-04 10:43:35 da entidade polícia_de_zigak do Meio de Socorro');
insert into audita values (58, 58, 'polícia_de_budax', 58, '2019-02-08 02:44:17', '2019-02-08 13:33:40', '2019-02-08','Auditoria do processo 58 que comecou no dia 2019-02-08 02:44:17 e acabou no dia 2019-02-08 13:33:40 da entidade polícia_de_budax do Meio de Combate');
insert into audita values (59, 59, 'polícia_de_wapec', 59, '2019-02-06 13:58:10', '2019-02-06 17:19:12', '2019-02-06','Auditoria do processo 59 que comecou no dia 2019-02-06 13:58:10 e acabou no dia 2019-02-06 17:19:12 da entidade polícia_de_wapec do Meio de Apoio');
insert into audita values (60, 60, 'força aérea_de_segil', 60, '2019-02-07 20:16:09', '2019-02-08 11:21:04', '2019-02-07','Auditoria do processo 60 que comecou no dia 2019-02-07 20:16:09 e acabou no dia 2019-02-08 11:21:04 da entidade força aérea_de_segil do Meio de Combate');
insert into audita values (61, 61, 'exército_de_qozuw', 61, '2019-02-07 16:31:10', '2019-02-08 15:16:46', '2019-02-07','Auditoria do processo 61 que comecou no dia 2019-02-07 16:31:10 e acabou no dia 2019-02-08 15:16:46 da entidade exército_de_qozuw do Meio de Combate');
insert into audita values (62, 62, 'força aérea_de_fojic', 62, '2019-02-07 19:12:01', '2019-02-08 10:46:36', '2019-02-07','Auditoria do processo 62 que comecou no dia 2019-02-07 19:12:01 e acabou no dia 2019-02-08 10:46:36 da entidade força aérea_de_fojic do Meio de Apoio');
insert into audita values (63, 63, 'bombeiros_de_difej', 63, '2019-02-09 15:09:18', '2019-02-09 17:18:10', '2019-02-09','Auditoria do processo 63 que comecou no dia 2019-02-09 15:09:18 e acabou no dia 2019-02-09 17:18:10 da entidade bombeiros_de_difej do Meio de Apoio');
insert into audita values (64, 64, 'força aérea_de_jicaw', 64, '2019-02-12 17:27:16', '2019-02-13 03:56:20', '2019-02-12','Auditoria do processo 64 que comecou no dia 2019-02-12 17:27:16 e acabou no dia 2019-02-13 03:56:20 da entidade força aérea_de_jicaw do Meio de Apoio');
insert into audita values (65, 65, 'força aérea_de_rejor', 65, '2019-02-09 14:02:50', '2019-02-09 20:39:00', '2019-02-09','Auditoria do processo 65 que comecou no dia 2019-02-09 14:02:50 e acabou no dia 2019-02-09 20:39:00 da entidade força aérea_de_rejor do Meio de Socorro');
insert into audita values (66, 66, 'força aérea_de_tofuz', 66, '2019-02-07 08:13:11', '2019-02-07 08:38:36', '2019-02-07','Auditoria do processo 66 que comecou no dia 2019-02-07 08:13:11 e acabou no dia 2019-02-07 08:38:36 da entidade força aérea_de_tofuz do Meio de Socorro');
insert into audita values (67, 67, 'bombeiros_de_viyuh', 67, '2019-02-11 18:25:54', '2019-02-12 20:52:43', '2019-02-11','Auditoria do processo 67 que comecou no dia 2019-02-11 18:25:54 e acabou no dia 2019-02-12 20:52:43 da entidade bombeiros_de_viyuh do Meio de Socorro');
insert into audita values (68, 68, 'bombeiros_de_mofip', 68, '2019-02-08 08:52:37', '2019-02-08 11:48:11', '2019-02-08','Auditoria do processo 68 que comecou no dia 2019-02-08 08:52:37 e acabou no dia 2019-02-08 11:48:11 da entidade bombeiros_de_mofip do Meio de Apoio');
insert into audita values (69, 69, 'bombeiros_de_kozot', 69, '2019-02-14 23:56:56', '2019-02-16 10:45:19', '2019-02-14','Auditoria do processo 69 que comecou no dia 2019-02-14 23:56:56 e acabou no dia 2019-02-16 10:45:19 da entidade bombeiros_de_kozot do Meio de Socorro');
insert into audita values (70, 70, 'bombeiros_de_hamuv', 70, '2019-02-13 01:34:13', '2019-02-14 01:27:35', '2019-02-13','Auditoria do processo 70 que comecou no dia 2019-02-13 01:34:13 e acabou no dia 2019-02-14 01:27:35 da entidade bombeiros_de_hamuv do Meio de Apoio');
insert into audita values (71, 71, 'força aérea_de_qamit', 71, '2019-02-17 03:56:39', '2019-02-17 04:06:01', '2019-02-17','Auditoria do processo 71 que comecou no dia 2019-02-17 03:56:39 e acabou no dia 2019-02-17 04:06:01 da entidade força aérea_de_qamit do Meio de Socorro');
insert into audita values (72, 72, 'força aérea_de_siway', 72, '2019-02-11 13:29:23', '2019-02-12 03:17:10', '2019-02-11','Auditoria do processo 72 que comecou no dia 2019-02-11 13:29:23 e acabou no dia 2019-02-12 03:17:10 da entidade força aérea_de_siway do Meio de Socorro');
insert into audita values (73, 73, 'polícia_de_ticom', 73, '2019-02-09 20:57:55', '2019-02-10 08:15:39', '2019-02-09','Auditoria do processo 73 que comecou no dia 2019-02-09 20:57:55 e acabou no dia 2019-02-10 08:15:39 da entidade polícia_de_ticom do Meio de Apoio');
insert into audita values (74, 74, 'força aérea_de_wehex', 74, '2019-02-12 22:00:42', '2019-02-13 11:51:49', '2019-02-12','Auditoria do processo 74 que comecou no dia 2019-02-12 22:00:42 e acabou no dia 2019-02-13 11:51:49 da entidade força aérea_de_wehex do Meio de Combate');
insert into audita values (75, 75, 'força aérea_de_wicuz', 75, '2019-02-11 09:07:48', '2019-02-13 14:22:39', '2019-02-11','Auditoria do processo 75 que comecou no dia 2019-02-11 09:07:48 e acabou no dia 2019-02-13 14:22:39 da entidade força aérea_de_wicuz do Meio de Socorro');
insert into audita values (76, 76, 'polícia_de_wibow', 76, '2019-02-15 20:30:53', '2019-02-16 07:34:09', '2019-02-15','Auditoria do processo 76 que comecou no dia 2019-02-15 20:30:53 e acabou no dia 2019-02-16 07:34:09 da entidade polícia_de_wibow do Meio de Combate');
insert into audita values (77, 77, 'polícia_de_yaliv', 77, '2019-02-18 15:08:22', '2019-02-20 00:14:07', '2019-02-18','Auditoria do processo 77 que comecou no dia 2019-02-18 15:08:22 e acabou no dia 2019-02-20 00:14:07 da entidade polícia_de_yaliv do Meio de Socorro');
insert into audita values (78, 78, 'polícia_de_rapin', 78, '2019-02-17 11:37:27', '2019-02-17 23:21:32', '2019-02-17','Auditoria do processo 78 que comecou no dia 2019-02-17 11:37:27 e acabou no dia 2019-02-17 23:21:32 da entidade polícia_de_rapin do Meio de Socorro');
insert into audita values (79, 79, 'exército_de_zacom', 79, '2019-02-16 05:05:38', '2019-02-17 09:44:08', '2019-02-16','Auditoria do processo 79 que comecou no dia 2019-02-16 05:05:38 e acabou no dia 2019-02-17 09:44:08 da entidade exército_de_zacom do Meio de Combate');
insert into audita values (80, 80, 'exército_de_cunad', 80, '2019-02-17 06:42:19', '2019-02-17 17:11:24', '2019-02-17','Auditoria do processo 80 que comecou no dia 2019-02-17 06:42:19 e acabou no dia 2019-02-17 17:11:24 da entidade exército_de_cunad do Meio de Combate');
insert into audita values (81, 81, 'polícia_de_cupob', 81, '2019-02-17 03:10:18', '2019-02-17 19:56:16', '2019-02-17','Auditoria do processo 81 que comecou no dia 2019-02-17 03:10:18 e acabou no dia 2019-02-17 19:56:16 da entidade polícia_de_cupob do Meio de Socorro');
insert into audita values (82, 82, 'polícia_de_kawoh', 82, '2019-02-17 16:22:15', '2019-02-17 23:17:13', '2019-02-17','Auditoria do processo 82 que comecou no dia 2019-02-17 16:22:15 e acabou no dia 2019-02-17 23:17:13 da entidade polícia_de_kawoh do Meio de Socorro');
insert into audita values (83, 83, 'município_de_jahum', 83, '2019-02-22 02:47:39', '2019-02-22 05:09:06', '2019-02-22','Auditoria do processo 83 que comecou no dia 2019-02-22 02:47:39 e acabou no dia 2019-02-22 05:09:06 da entidade município_de_jahum do Meio de Socorro');
insert into audita values (84, 84, 'força aérea_de_duqom', 84, '2019-02-20 22:21:39', '2019-02-21 10:25:26', '2019-02-20','Auditoria do processo 84 que comecou no dia 2019-02-20 22:21:39 e acabou no dia 2019-02-21 10:25:26 da entidade força aérea_de_duqom do Meio de Socorro');
insert into audita values (85, 85, 'polícia_de_julal', 85, '2019-02-19 08:43:55', '2019-02-19 09:28:15', '2019-02-19','Auditoria do processo 85 que comecou no dia 2019-02-19 08:43:55 e acabou no dia 2019-02-19 09:28:15 da entidade polícia_de_julal do Meio de Socorro');
insert into audita values (86, 86, 'exército_de_kuxur', 86, '2019-02-21 02:01:05', '2019-02-21 10:20:15', '2019-02-21','Auditoria do processo 86 que comecou no dia 2019-02-21 02:01:05 e acabou no dia 2019-02-21 10:20:15 da entidade exército_de_kuxur do Meio de Combate');
insert into audita values (87, 87, 'bombeiros_de_gopaf', 87, '2019-02-20 16:55:47', '2019-02-22 08:11:25', '2019-02-20','Auditoria do processo 87 que comecou no dia 2019-02-20 16:55:47 e acabou no dia 2019-02-22 08:11:25 da entidade bombeiros_de_gopaf do Meio de Apoio');
insert into audita values (88, 88, 'força aérea_de_nizeg', 88, '2019-02-23 15:18:55', '2019-02-25 21:47:10', '2019-02-23','Auditoria do processo 88 que comecou no dia 2019-02-23 15:18:55 e acabou no dia 2019-02-25 21:47:10 da entidade força aérea_de_nizeg do Meio de Socorro');
insert into audita values (89, 89, 'exército_de_xuxam', 89, '2019-02-24 14:46:15', '2019-02-25 23:09:35', '2019-02-24','Auditoria do processo 89 que comecou no dia 2019-02-24 14:46:15 e acabou no dia 2019-02-25 23:09:35 da entidade exército_de_xuxam do Meio de Apoio');
insert into audita values (90, 90, 'bombeiros_de_yiceg', 90, '2019-02-24 07:34:01', '2019-02-24 14:58:49', '2019-02-24','Auditoria do processo 90 que comecou no dia 2019-02-24 07:34:01 e acabou no dia 2019-02-24 14:58:49 da entidade bombeiros_de_yiceg do Meio de Combate');
insert into audita values (91, 91, 'exército_de_pilin', 91, '2019-02-25 00:25:34', '2019-02-25 07:57:50', '2019-02-25','Auditoria do processo 91 que comecou no dia 2019-02-25 00:25:34 e acabou no dia 2019-02-25 07:57:50 da entidade exército_de_pilin do Meio de Socorro');
insert into audita values (92, 92, 'exército_de_jadaw', 92, '2019-02-24 14:10:13', '2019-02-25 11:15:54', '2019-02-24','Auditoria do processo 92 que comecou no dia 2019-02-24 14:10:13 e acabou no dia 2019-02-25 11:15:54 da entidade exército_de_jadaw do Meio de Apoio');
insert into audita values (93, 93, 'município_de_voqog', 93, '2019-02-26 01:44:21', '2019-02-27 03:05:11', '2019-02-26','Auditoria do processo 93 que comecou no dia 2019-02-26 01:44:21 e acabou no dia 2019-02-27 03:05:11 da entidade município_de_voqog do Meio de Socorro');
insert into audita values (94, 94, 'bombeiros_de_pakap', 94, '2019-02-27 19:45:55', '2019-02-27 21:58:21', '2019-02-27','Auditoria do processo 94 que comecou no dia 2019-02-27 19:45:55 e acabou no dia 2019-02-27 21:58:21 da entidade bombeiros_de_pakap do Meio de Apoio');
insert into audita values (95, 95, 'bombeiros_de_nucag', 95, '2019-02-28 03:53:53', '2019-02-28 08:35:19', '2019-02-28','Auditoria do processo 95 que comecou no dia 2019-02-28 03:53:53 e acabou no dia 2019-02-28 08:35:19 da entidade bombeiros_de_nucag do Meio de Combate');
insert into audita values (96, 96, 'polícia_de_zepig', 96, '2019-02-23 04:49:55', '2019-02-26 23:31:32', '2019-02-23','Auditoria do processo 96 que comecou no dia 2019-02-23 04:49:55 e acabou no dia 2019-02-26 23:31:32 da entidade polícia_de_zepig do Meio de Combate');
insert into audita values (97, 97, 'município_de_gorex', 97, '2019-02-26 12:32:35', '2019-03-01 00:22:50', '2019-02-26','Auditoria do processo 97 que comecou no dia 2019-02-26 12:32:35 e acabou no dia 2019-03-01 00:22:50 da entidade município_de_gorex do Meio de Apoio');
insert into audita values (98, 98, 'polícia_de_luwuw', 98, '2019-02-26 20:49:12', '2019-02-27 02:40:26', '2019-02-26','Auditoria do processo 98 que comecou no dia 2019-02-26 20:49:12 e acabou no dia 2019-02-27 02:40:26 da entidade polícia_de_luwuw do Meio de Combate');
insert into audita values (99, 99, 'exército_de_liziv', 99, '2019-02-28 00:40:23', '2019-02-28 06:14:43', '2019-02-28','Auditoria do processo 99 que comecou no dia 2019-02-28 00:40:23 e acabou no dia 2019-02-28 06:14:43 da entidade exército_de_liziv do Meio de Combate');
insert into audita values (100, 100, 'município_de_duyem', 100, '2019-02-27 17:11:42', '2019-02-28 11:46:22', '2019-02-27','Auditoria do processo 100 que comecou no dia 2019-02-27 17:11:42 e acabou no dia 2019-02-28 11:46:22 da entidade município_de_duyem do Meio de Combate');

insert into solicita values (1, '2018-01-30 03:59:55', 1, '2019-03-02 01:52:11', '2019-02-01 16:31:02');
insert into solicita values (2, '2018-01-20 13:40:14', 2, '2019-02-01 14:38:57', '2019-02-02 04:56:04');
insert into solicita values (3, '2018-01-20 14:58:22', 3, '2019-02-02 13:51:23', '2019-02-02 14:56:51');
insert into solicita values (4, '2018-01-20 15:17:58', 4, '2019-02-01 20:18:31', '2019-02-02 00:31:01');
insert into solicita values (5, '2018-01-20 20:56:11', 5, '2019-02-02 04:35:15', '2019-02-02 09:02:56');
insert into solicita values (6, '2018-01-21 05:06:28', 6, '2019-02-02 21:05:12', '2019-02-03 09:36:36');
insert into solicita values (7, '2018-01-21 05:42:50', 7, '2019-02-02 19:53:01', '2019-02-03 13:41:50');
insert into solicita values (8, '2018-01-21 06:00:09', 8, '2019-02-04 01:22:54', '2019-02-04 06:14:40');
insert into solicita values (9, '2018-01-21 06:15:50', 9, '2019-02-03 16:32:32', '2019-02-04 05:47:51');
insert into solicita values (10, '2018-01-21 07:21:31', 10, '2019-02-04 04:43:58', '2019-02-04 05:22:14');
insert into solicita values (11, '2018-01-21 07:42:08', 11, '2019-02-03 06:51:46', '2019-02-04 07:03:36');
insert into solicita values (12, '2018-01-21 08:54:50', 12, '2019-02-03 12:33:55', '2019-02-03 14:49:16');
insert into solicita values (13, '2018-01-21 09:58:15', 13, '2019-02-05 05:54:44', '2019-02-05 10:54:54');
insert into solicita values (14, '2018-01-21 12:21:03', 14, '2019-02-04 07:21:11', '2019-02-04 09:13:53');
insert into solicita values (15, '2018-01-21 14:54:46', 15, '2019-02-05 19:20:39', '2019-02-05 20:09:00');
insert into solicita values (16, '2018-01-21 18:51:42', 16, '2019-02-07 22:07:32', '2019-02-07 22:51:07');
insert into solicita values (17, '2018-01-21 19:08:40', 17, '2019-02-05 16:41:38', '2019-02-05 18:01:45');
insert into solicita values (18, '2018-01-22 00:17:04', 18, '2019-02-05 20:19:05', '2019-02-05 20:59:09');
insert into solicita values (19, '2018-01-22 04:16:40', 19, '2019-02-06 20:35:23', '2019-02-07 05:51:59');
insert into solicita values (20, '2018-01-22 05:50:49', 20, '2019-02-06 01:05:22', '2019-02-06 08:11:59');
insert into solicita values (21, '2018-01-22 08:03:52', 21, '2019-02-08 18:05:00', '2019-02-08 19:48:29');
insert into solicita values (22, '2018-01-22 10:42:22', 22, '2019-02-06 22:37:06', '2019-02-07 11:03:46');
insert into solicita values (23, '2018-01-22 19:09:44', 23, '2019-02-07 21:03:58', '2019-02-08 03:07:57');
insert into solicita values (24, '2018-01-22 23:15:45', 24, '2019-02-07 18:03:17', '2019-02-08 02:36:11');
insert into solicita values (25, '2018-01-23 10:22:14', 25, '2019-02-07 03:07:58', '2019-02-07 08:08:40');
insert into solicita values (26, '2018-01-23 12:46:39', 26, '2019-02-07 20:08:45', '2019-02-08 00:56:55');
insert into solicita values (27, '2018-01-23 15:06:44', 27, '2019-02-08 00:38:31', '2019-02-08 04:04:04');
insert into solicita values (28, '2018-01-23 18:12:50', 28, '2019-02-09 22:25:42', '2019-02-10 03:15:47');
insert into solicita values (29, '2018-01-23 18:57:01', 29, '2019-02-11 03:09:18', '2019-02-11 06:07:40');
insert into solicita values (30, '2018-01-23 21:09:39', 30, '2019-02-10 03:22:54', '2019-02-10 20:41:12');
insert into solicita values (31, '2018-01-23 22:40:20', 31, '2019-02-08 18:20:51', '2019-02-09 02:55:45');
insert into solicita values (32, '2018-01-23 23:01:50', 32, '2019-02-11 06:35:46', '2019-02-11 10:37:17');
insert into solicita values (33, '2018-01-24 00:08:13', 33, '2019-02-11 14:16:07', '2019-02-11 20:09:56');
insert into solicita values (34, '2018-01-24 04:44:51', 34, '2019-02-10 21:04:48', '2019-02-11 01:58:37');
insert into solicita values (35, '2018-01-24 09:12:20', 35, '2019-02-09 18:15:52', '2019-02-09 20:50:06');
insert into solicita values (36, '2018-01-24 09:24:34', 36, '2019-02-10 11:50:22', '2019-02-10 17:51:04');
insert into solicita values (37, '2018-01-24 10:58:10', 37, '2019-02-10 08:39:04', '2019-02-10 12:42:06');
insert into solicita values (38, '2018-01-24 11:04:27', 38, '2019-02-13 06:02:57', '2019-02-14 00:55:05');
insert into solicita values (39, '2018-01-24 12:45:43', 39, '2019-02-14 08:21:51', '2019-02-15 04:43:23');
insert into solicita values (40, '2018-01-24 18:29:09', 40, '2019-02-13 05:59:14', '2019-02-13 11:06:01');
insert into solicita values (41, '2018-01-24 19:14:27', 41, '2019-02-15 11:41:40', '2019-02-15 13:32:38');
insert into solicita values (42, '2018-01-24 21:49:13', 42, '2019-02-12 23:28:58', '2019-02-13 10:43:32');
insert into solicita values (43, '2018-01-25 02:16:39', 43, '2019-02-15 00:27:04', '2019-02-15 00:55:05');
insert into solicita values (44, '2018-01-25 04:52:08', 44, '2019-02-13 21:23:48', '2019-02-14 13:02:33');
insert into solicita values (45, '2018-01-25 05:03:59', 45, '2019-02-14 17:23:21', '2019-02-15 11:24:35');
insert into solicita values (46, '2018-01-25 05:38:28', 46, '2019-02-15 02:58:45', '2019-02-15 15:07:02');
insert into solicita values (47, '2018-01-25 06:21:52', 47, '2019-02-16 00:02:00', '2019-02-16 09:32:26');
insert into solicita values (48, '2018-01-25 09:03:13', 48, '2019-02-13 11:44:19', '2019-02-13 18:37:48');
insert into solicita values (49, '2018-01-25 10:46:34', 49, '2019-02-17 00:11:31', '2019-02-17 03:08:56');
insert into solicita values (50, '2018-01-25 10:59:25', 50, '2019-02-14 02:52:57', '2019-02-14 05:12:01');
insert into solicita values (51, '2018-01-25 11:35:33', 51, '2019-02-14 12:53:28', '2019-02-14 16:40:28');
insert into solicita values (52, '2018-01-25 13:03:17', 52, '2019-02-17 02:15:55', '2019-02-17 06:52:11');
insert into solicita values (53, '2018-01-25 13:15:34', 53, '2019-02-17 19:02:50', '2019-02-18 02:14:33');
insert into solicita values (54, '2018-01-25 15:49:19', 54, '2019-02-17 23:30:41', '2019-02-18 03:45:35');
insert into solicita values (55, '2018-01-25 16:22:33', 55, '2019-02-16 21:32:46', '2019-02-17 02:10:30');
insert into solicita values (56, '2018-01-25 17:37:41', 56, '2019-02-17 09:22:32', '2019-02-17 10:20:30');
insert into solicita values (57, '2018-01-25 18:33:40', 57, '2019-02-18 04:17:46', '2019-02-18 04:54:52');
insert into solicita values (58, '2018-01-25 19:15:41', 58, '2019-02-15 18:40:06', '2019-02-15 21:34:24');
insert into solicita values (59, '2018-01-25 22:03:37', 59, '2019-02-18 21:36:06', '2019-02-18 21:49:08');
insert into solicita values (60, '2018-01-25 22:03:44', 60, '2019-02-18 06:40:20', '2019-02-18 11:12:14');
insert into solicita values (61, '2018-01-26 01:46:07', 61, '2019-02-17 09:07:45', '2019-02-18 04:48:27');
insert into solicita values (62, '2018-01-26 01:59:46', 62, '2019-02-19 02:27:32', '2019-02-20 04:47:55');
insert into solicita values (63, '2018-01-26 05:01:00', 63, '2019-02-19 16:40:28', '2019-02-19 21:36:56');
insert into solicita values (64, '2018-01-26 15:09:03', 64, '2019-02-21 23:31:29', '2019-02-22 07:37:40');
insert into solicita values (65, '2018-01-26 15:16:08', 65, '2019-02-18 17:19:06', '2019-02-18 22:59:12');
insert into solicita values (66, '2018-01-26 16:45:16', 66, '2019-02-21 18:22:34', '2019-02-22 03:11:39');
insert into solicita values (67, '2018-01-26 20:31:22', 67, '2019-02-21 08:44:03', '2019-02-21 09:42:29');
insert into solicita values (68, '2018-01-27 01:00:58', 68, '2019-02-19 17:39:30', '2019-02-20 00:57:59');
insert into solicita values (69, '2018-01-27 05:03:07', 69, '2019-02-21 00:08:35', '2019-02-21 08:26:26');
insert into solicita values (70, '2018-01-27 05:56:08', 70, '2019-02-21 22:59:05', '2019-02-22 00:30:43');
insert into solicita values (71, '2018-01-27 07:15:16', 71, '2019-02-21 03:40:24', '2019-02-21 09:12:54');
insert into solicita values (72, '2018-01-27 07:21:34', 72, '2019-02-23 00:49:09', '2019-02-23 00:55:55');
insert into solicita values (73, '2018-01-27 10:25:08', 73, '2019-02-22 22:47:38', '2019-02-23 00:20:08');
insert into solicita values (74, '2018-01-27 11:46:32', 74, '2019-02-22 02:10:33', '2019-02-23 05:40:44');
insert into solicita values (75, '2018-01-27 19:04:29', 75, '2019-02-22 02:58:02', '2019-02-22 09:01:01');
insert into solicita values (76, '2018-01-28 00:00:06', 76, '2019-02-23 17:18:33', '2019-02-24 00:09:34');
insert into solicita values (77, '2018-01-28 02:23:33', 77, '2019-02-22 21:17:56', '2019-02-23 00:44:55');
insert into solicita values (78, '2018-01-28 02:25:54', 78, '2019-02-21 23:18:00', '2019-02-22 07:07:41');
insert into solicita values (79, '2018-01-28 09:02:45', 79, '2019-02-24 06:30:44', '2019-02-24 18:47:46');
insert into solicita values (80, '2018-01-28 13:59:01', 80, '2019-02-23 07:53:10', '2019-02-24 01:26:55');
insert into solicita values (81, '2018-01-28 14:00:04', 81, '2019-02-22 03:49:18', '2019-02-22 05:13:09');
insert into solicita values (82, '2018-01-28 16:49:48', 82, '2019-02-21 12:50:06', '2019-02-22 00:00:52');
insert into solicita values (83, '2018-01-28 18:54:22', 83, '2019-02-23 15:38:18', '2019-02-24 02:12:08');
insert into solicita values (84, '2018-01-28 20:00:53', 84, '2019-02-25 08:59:25', '2019-02-26 00:40:56');
insert into solicita values (85, '2018-01-28 20:38:04', 85, '2019-02-25 09:56:17', '2019-02-25 13:16:49');
insert into solicita values (86, '2018-01-28 23:26:47', 86, '2019-02-27 17:11:52', '2019-02-28 02:31:03');
insert into solicita values (87, '2018-01-29 00:33:20', 87, '2019-02-28 02:56:43', '2019-02-28 08:47:55');
insert into solicita values (88, '2018-01-29 01:53:36', 88, '2019-02-26 19:07:46', '2019-02-26 21:09:42');
insert into solicita values (89, '2018-01-29 06:00:54', 89, '2019-02-26 02:21:42', '2019-02-26 05:11:19');
insert into solicita values (90, '2018-01-29 06:08:42', 90, '2019-02-26 11:02:07', '2019-02-26 15:15:13');
insert into solicita values (91, '2018-01-29 08:15:57', 91, '2019-02-27 12:49:35', '2019-02-27 13:51:58');
insert into solicita values (92, '2018-01-29 08:32:32', 92, '2019-02-27 14:42:49', '2019-02-27 20:30:01');
insert into solicita values (93, '2018-01-29 10:32:19', 93, '2019-02-27 18:56:45', '2019-02-28 02:25:45');
insert into solicita values (94, '2018-01-29 11:11:25', 94, '2019-02-27 22:25:01', '2019-02-28 00:44:53');
insert into solicita values (95, '2018-01-29 11:21:23', 95, '2019-02-28 22:38:35', '2019-03-01 01:05:57');
insert into solicita values (96, '2018-01-29 15:25:21', 96, '2019-03-01 03:16:53', '2019-03-01 05:34:20');
insert into solicita values (97, '2018-01-29 16:09:27', 97, '2019-02-28 21:23:59', '2019-02-28 22:53:47');
insert into solicita values (98, '2018-01-29 18:22:07', 98, '2019-03-01 10:06:51', '2019-03-01 13:06:23');
insert into solicita values (99, '2018-01-29 21:45:40', 99, '2019-03-01 17:57:01', '2019-03-02 06:13:06');
insert into solicita values (100, '2018-01-30 02:42:24', 100, '2019-03-02 01:43:58', '2019-03-02 04:05:49');

