insert into camara values (1);
insert into camara values (2);
insert into camara values (3);
insert into camara values (4);
insert into camara values (5);
insert into camara values (6);
insert into camara values (7);
insert into camara values (8);
insert into camara values (9);
insert into camara values (10);
insert into camara values (11);
insert into camara values (12);
insert into camara values (13);
insert into camara values (14);
insert into camara values (15);
insert into camara values (16);
insert into camara values (17);
insert into camara values (18);
insert into camara values (19);
insert into camara values (20);
insert into camara values (21);
insert into camara values (22);
insert into camara values (23);
insert into camara values (24);
insert into camara values (25);
insert into camara values (26);
insert into camara values (27);
insert into camara values (28);
insert into camara values (29);
insert into camara values (30);
insert into camara values (31);
insert into camara values (32);
insert into camara values (33);
insert into camara values (34);
insert into camara values (35);
insert into camara values (36);
insert into camara values (37);
insert into camara values (38);
insert into camara values (39);
insert into camara values (40);
insert into camara values (41);
insert into camara values (42);
insert into camara values (43);
insert into camara values (44);
insert into camara values (45);
insert into camara values (46);
insert into camara values (47);
insert into camara values (48);
insert into camara values (49);
insert into camara values (50);
insert into camara values (51);
insert into camara values (52);
insert into camara values (53);
insert into camara values (54);
insert into camara values (55);
insert into camara values (56);
insert into camara values (57);
insert into camara values (58);
insert into camara values (59);
insert into camara values (60);
insert into camara values (61);
insert into camara values (62);
insert into camara values (63);
insert into camara values (64);
insert into camara values (65);
insert into camara values (66);
insert into camara values (67);
insert into camara values (68);
insert into camara values (69);
insert into camara values (70);
insert into camara values (71);
insert into camara values (72);
insert into camara values (73);
insert into camara values (74);
insert into camara values (75);
insert into camara values (76);
insert into camara values (77);
insert into camara values (78);
insert into camara values (79);
insert into camara values (80);
insert into camara values (81);
insert into camara values (82);
insert into camara values (83);
insert into camara values (84);
insert into camara values (85);
insert into camara values (86);
insert into camara values (87);
insert into camara values (88);
insert into camara values (89);
insert into camara values (90);
insert into camara values (91);
insert into camara values (92);
insert into camara values (93);
insert into camara values (94);
insert into camara values (95);
insert into camara values (96);
insert into camara values (97);
insert into camara values (98);
insert into camara values (99);
insert into camara values (100);

insert into video values ('2018-01-20 15:35:15', '2018-01-20 15:43:08', 1);
insert into video values ('2018-01-20 15:43:08', '2018-01-20 16:58:17', 2);
insert into video values ('2018-01-20 16:58:17', '2018-01-20 21:17:22', 3);
insert into video values ('2018-01-20 21:17:22', '2018-01-20 21:37:21', 4);
insert into video values ('2018-01-20 21:37:21', '2018-01-21 03:30:03', 5);
insert into video values ('2018-01-21 03:30:03', '2018-01-21 04:43:58', 6);
insert into video values ('2018-01-21 04:43:58', '2018-01-21 04:49:00', 7);
insert into video values ('2018-01-21 04:49:00', '2018-01-21 07:07:11', 8);
insert into video values ('2018-01-21 07:07:11', '2018-01-21 11:50:54', 9);
insert into video values ('2018-01-21 11:50:54', '2018-01-21 13:18:47', 10);
insert into video values ('2018-01-21 13:18:47', '2018-01-21 18:45:33', 11);
insert into video values ('2018-01-21 18:45:33', '2018-01-21 22:19:40', 12);
insert into video values ('2018-01-21 22:19:40', '2018-01-21 22:52:49', 13);
insert into video values ('2018-01-21 22:52:49', '2018-01-22 02:04:24', 14);
insert into video values ('2018-01-22 02:04:24', '2018-01-22 03:13:18', 15);
insert into video values ('2018-01-22 03:13:18', '2018-01-22 05:12:16', 16);
insert into video values ('2018-01-22 05:12:16', '2018-01-22 07:30:46', 17);
insert into video values ('2018-01-22 07:30:46', '2018-01-22 07:38:58', 18);
insert into video values ('2018-01-22 07:38:58', '2018-01-22 08:09:36', 19);
insert into video values ('2018-01-22 08:09:36', '2018-01-22 09:53:44', 20);
insert into video values ('2018-01-22 09:53:44', '2018-01-22 11:56:48', 21);
insert into video values ('2018-01-22 11:56:48', '2018-01-22 13:53:16', 22);
insert into video values ('2018-01-22 13:53:16', '2018-01-22 17:17:18', 23);
insert into video values ('2018-01-22 17:17:18', '2018-01-22 21:58:34', 24);
insert into video values ('2018-01-22 21:58:34', '2018-01-22 22:28:18', 25);
insert into video values ('2018-01-22 22:28:18', '2018-01-23 00:58:42', 26);
insert into video values ('2018-01-23 00:58:42', '2018-01-23 01:42:18', 27);
insert into video values ('2018-01-23 01:42:18', '2018-01-23 08:21:14', 28);
insert into video values ('2018-01-23 08:21:14', '2018-01-23 08:26:22', 29);
insert into video values ('2018-01-23 08:26:22', '2018-01-23 08:35:47', 30);
insert into video values ('2018-01-23 08:35:47', '2018-01-23 09:27:38', 31);
insert into video values ('2018-01-23 09:27:38', '2018-01-23 10:49:13', 32);
insert into video values ('2018-01-23 10:49:13', '2018-01-23 15:38:37', 33);
insert into video values ('2018-01-23 15:38:37', '2018-01-23 15:40:58', 34);
insert into video values ('2018-01-23 15:40:58', '2018-01-23 19:21:25', 35);
insert into video values ('2018-01-23 19:21:25', '2018-01-23 22:31:27', 36);
insert into video values ('2018-01-23 22:31:27', '2018-01-23 23:33:49', 37);
insert into video values ('2018-01-23 23:33:49', '2018-01-24 04:10:58', 38);
insert into video values ('2018-01-24 04:10:58', '2018-01-24 05:07:44', 39);
insert into video values ('2018-01-24 05:07:44', '2018-01-24 05:22:52', 40);
insert into video values ('2018-01-24 05:22:52', '2018-01-24 06:48:30', 41);
insert into video values ('2018-01-24 06:48:30', '2018-01-24 07:43:42', 42);
insert into video values ('2018-01-24 07:43:42', '2018-01-24 08:54:27', 43);
insert into video values ('2018-01-24 08:54:27', '2018-01-24 10:08:00', 44);
insert into video values ('2018-01-24 10:08:00', '2018-01-24 11:25:12', 45);
insert into video values ('2018-01-24 11:25:12', '2018-01-24 12:22:42', 46);
insert into video values ('2018-01-24 12:22:42', '2018-01-24 13:13:39', 47);
insert into video values ('2018-01-24 13:13:39', '2018-01-24 13:34:26', 48);
insert into video values ('2018-01-24 13:34:26', '2018-01-24 16:18:45', 49);
insert into video values ('2018-01-24 16:18:45', '2018-01-24 16:54:05', 50);
insert into video values ('2018-01-24 16:54:05', '2018-01-24 19:25:01', 51);
insert into video values ('2018-01-24 19:25:01', '2018-01-24 20:41:16', 52);
insert into video values ('2018-01-24 20:41:16', '2018-01-24 22:37:57', 53);
insert into video values ('2018-01-24 22:37:57', '2018-01-25 00:05:19', 54);
insert into video values ('2018-01-25 00:05:19', '2018-01-25 00:21:18', 55);
insert into video values ('2018-01-25 00:21:18', '2018-01-25 02:05:08', 56);
insert into video values ('2018-01-25 02:05:08', '2018-01-25 04:04:46', 57);
insert into video values ('2018-01-25 04:04:46', '2018-01-25 12:17:31', 58);
insert into video values ('2018-01-25 12:17:31', '2018-01-25 16:06:47', 59);
insert into video values ('2018-01-25 16:06:47', '2018-01-25 18:05:39', 60);
insert into video values ('2018-01-25 18:05:39', '2018-01-25 19:47:41', 61);
insert into video values ('2018-01-25 19:47:41', '2018-01-26 01:40:38', 62);
insert into video values ('2018-01-26 01:40:38', '2018-01-26 04:55:08', 63);
insert into video values ('2018-01-26 04:55:08', '2018-01-26 07:25:50', 64);
insert into video values ('2018-01-26 07:25:50', '2018-01-26 08:42:14', 65);
insert into video values ('2018-01-26 08:42:14', '2018-01-26 11:58:50', 66);
insert into video values ('2018-01-26 11:58:50', '2018-01-26 16:19:21', 67);
insert into video values ('2018-01-26 16:19:21', '2018-01-26 17:20:00', 68);
insert into video values ('2018-01-26 17:20:00', '2018-01-26 17:46:48', 69);
insert into video values ('2018-01-26 17:46:48', '2018-01-26 18:04:08', 70);
insert into video values ('2018-01-26 18:04:08', '2018-01-26 18:29:23', 71);
insert into video values ('2018-01-26 18:29:23', '2018-01-26 21:33:38', 72);
insert into video values ('2018-01-26 21:33:38', '2018-01-26 23:06:30', 73);
insert into video values ('2018-01-26 23:06:30', '2018-01-26 23:34:32', 74);
insert into video values ('2018-01-26 23:34:32', '2018-01-27 02:08:01', 75);
insert into video values ('2018-01-27 02:08:01', '2018-01-27 02:57:50', 76);
insert into video values ('2018-01-27 02:57:50', '2018-01-27 06:29:57', 77);
insert into video values ('2018-01-27 06:29:57', '2018-01-27 07:31:10', 78);
insert into video values ('2018-01-27 07:31:10', '2018-01-27 13:04:21', 79);
insert into video values ('2018-01-27 13:04:21', '2018-01-27 13:15:53', 80);
insert into video values ('2018-01-27 13:15:53', '2018-01-27 15:11:42', 81);
insert into video values ('2018-01-27 15:11:42', '2018-01-27 16:06:30', 82);
insert into video values ('2018-01-27 16:06:30', '2018-01-27 19:31:43', 83);
insert into video values ('2018-01-27 19:31:43', '2018-01-27 20:19:53', 84);
insert into video values ('2018-01-27 20:19:53', '2018-01-28 01:31:53', 85);
insert into video values ('2018-01-28 01:31:53', '2018-01-28 02:57:53', 86);
insert into video values ('2018-01-28 02:57:53', '2018-01-28 05:05:15', 87);
insert into video values ('2018-01-28 05:05:15', '2018-01-28 09:03:56', 88);
insert into video values ('2018-01-28 09:03:56', '2018-01-28 16:08:09', 89);
insert into video values ('2018-01-28 16:08:09', '2018-01-29 06:55:37', 90);
insert into video values ('2018-01-29 06:55:37', '2018-01-29 08:59:43', 91);
insert into video values ('2018-01-29 08:59:43', '2018-01-29 12:05:09', 92);
insert into video values ('2018-01-29 12:05:09', '2018-01-29 14:05:58', 93);
insert into video values ('2018-01-29 14:05:58', '2018-01-29 14:35:28', 94);
insert into video values ('2018-01-29 14:35:28', '2018-01-29 19:57:22', 95);
insert into video values ('2018-01-29 19:57:22', '2018-01-29 20:46:54', 96);
insert into video values ('2018-01-29 20:46:54', '2018-01-29 21:31:32', 97);
insert into video values ('2018-01-29 21:31:32', '2018-01-29 22:07:01', 98);
insert into video values ('2018-01-29 22:07:01', '2018-01-30 01:15:34', 99);
insert into video values ('2018-01-30 01:15:34', '2018-01-30 02:31:17', 100);

insert into segmentoVideo values (1, '0:07:53', '2018-01-20 15:35:15', 1);
insert into segmentoVideo values (2, '1:15:09', '2018-01-20 15:43:08', 2);
insert into segmentoVideo values (3, '4:19:05', '2018-01-20 16:58:17', 3);
insert into segmentoVideo values (4, '0:19:59', '2018-01-20 21:17:22', 4);
insert into segmentoVideo values (5, '5:52:42', '2018-01-20 21:37:21', 5);
insert into segmentoVideo values (6, '1:13:55', '2018-01-21 03:30:03', 6);
insert into segmentoVideo values (7, '0:05:02', '2018-01-21 04:43:58', 7);
insert into segmentoVideo values (8, '2:18:11', '2018-01-21 04:49:00', 8);
insert into segmentoVideo values (9, '4:43:43', '2018-01-21 07:07:11', 9);
insert into segmentoVideo values (10, '1:27:53', '2018-01-21 11:50:54', 10);
insert into segmentoVideo values (11, '5:26:46', '2018-01-21 13:18:47', 11);
insert into segmentoVideo values (12, '3:34:07', '2018-01-21 18:45:33', 12);
insert into segmentoVideo values (13, '0:33:09', '2018-01-21 22:19:40', 13);
insert into segmentoVideo values (14, '3:11:35', '2018-01-21 22:52:49', 14);
insert into segmentoVideo values (15, '1:08:54', '2018-01-22 02:04:24', 15);
insert into segmentoVideo values (16, '1:58:58', '2018-01-22 03:13:18', 16);
insert into segmentoVideo values (17, '2:18:30', '2018-01-22 05:12:16', 17);
insert into segmentoVideo values (18, '0:08:12', '2018-01-22 07:30:46', 18);
insert into segmentoVideo values (19, '0:30:38', '2018-01-22 07:38:58', 19);
insert into segmentoVideo values (20, '1:44:08', '2018-01-22 08:09:36', 20);
insert into segmentoVideo values (21, '2:03:04', '2018-01-22 09:53:44', 21);
insert into segmentoVideo values (22, '1:56:28', '2018-01-22 11:56:48', 22);
insert into segmentoVideo values (23, '3:24:02', '2018-01-22 13:53:16', 23);
insert into segmentoVideo values (24, '4:41:16', '2018-01-22 17:17:18', 24);
insert into segmentoVideo values (25, '0:29:44', '2018-01-22 21:58:34', 25);
insert into segmentoVideo values (26, '2:30:24', '2018-01-22 22:28:18', 26);
insert into segmentoVideo values (27, '0:43:36', '2018-01-23 00:58:42', 27);
insert into segmentoVideo values (28, '6:38:56', '2018-01-23 01:42:18', 28);
insert into segmentoVideo values (29, '0:05:08', '2018-01-23 08:21:14', 29);
insert into segmentoVideo values (30, '0:09:25', '2018-01-23 08:26:22', 30);
insert into segmentoVideo values (31, '0:51:51', '2018-01-23 08:35:47', 31);
insert into segmentoVideo values (32, '1:21:35', '2018-01-23 09:27:38', 32);
insert into segmentoVideo values (33, '4:49:24', '2018-01-23 10:49:13', 33);
insert into segmentoVideo values (34, '0:02:21', '2018-01-23 15:38:37', 34);
insert into segmentoVideo values (35, '3:40:27', '2018-01-23 15:40:58', 35);
insert into segmentoVideo values (36, '3:10:02', '2018-01-23 19:21:25', 36);
insert into segmentoVideo values (37, '1:02:22', '2018-01-23 22:31:27', 37);
insert into segmentoVideo values (38, '4:37:09', '2018-01-23 23:33:49', 38);
insert into segmentoVideo values (39, '0:56:46', '2018-01-24 04:10:58', 39);
insert into segmentoVideo values (40, '0:15:08', '2018-01-24 05:07:44', 40);
insert into segmentoVideo values (41, '1:25:38', '2018-01-24 05:22:52', 41);
insert into segmentoVideo values (42, '0:55:12', '2018-01-24 06:48:30', 42);
insert into segmentoVideo values (43, '1:10:45', '2018-01-24 07:43:42', 43);
insert into segmentoVideo values (44, '1:13:33', '2018-01-24 08:54:27', 44);
insert into segmentoVideo values (45, '1:17:12', '2018-01-24 10:08:00', 45);
insert into segmentoVideo values (46, '0:57:30', '2018-01-24 11:25:12', 46);
insert into segmentoVideo values (47, '0:50:57', '2018-01-24 12:22:42', 47);
insert into segmentoVideo values (48, '0:20:47', '2018-01-24 13:13:39', 48);
insert into segmentoVideo values (49, '2:44:19', '2018-01-24 13:34:26', 49);
insert into segmentoVideo values (50, '0:35:20', '2018-01-24 16:18:45', 50);
insert into segmentoVideo values (51, '2:30:56', '2018-01-24 16:54:05', 51);
insert into segmentoVideo values (52, '1:16:15', '2018-01-24 19:25:01', 52);
insert into segmentoVideo values (53, '1:56:41', '2018-01-24 20:41:16', 53);
insert into segmentoVideo values (54, '1:27:22', '2018-01-24 22:37:57', 54);
insert into segmentoVideo values (55, '0:15:59', '2018-01-25 00:05:19', 55);
insert into segmentoVideo values (56, '1:43:50', '2018-01-25 00:21:18', 56);
insert into segmentoVideo values (57, '1:59:38', '2018-01-25 02:05:08', 57);
insert into segmentoVideo values (58, '8:12:45', '2018-01-25 04:04:46', 58);
insert into segmentoVideo values (59, '3:49:16', '2018-01-25 12:17:31', 59);
insert into segmentoVideo values (60, '1:58:52', '2018-01-25 16:06:47', 60);
insert into segmentoVideo values (61, '1:42:02', '2018-01-25 18:05:39', 61);
insert into segmentoVideo values (62, '5:52:57', '2018-01-25 19:47:41', 62);
insert into segmentoVideo values (63, '3:14:30', '2018-01-26 01:40:38', 63);
insert into segmentoVideo values (64, '2:30:42', '2018-01-26 04:55:08', 64);
insert into segmentoVideo values (65, '1:16:24', '2018-01-26 07:25:50', 65);
insert into segmentoVideo values (66, '3:16:36', '2018-01-26 08:42:14', 66);
insert into segmentoVideo values (67, '4:20:31', '2018-01-26 11:58:50', 67);
insert into segmentoVideo values (68, '1:00:39', '2018-01-26 16:19:21', 68);
insert into segmentoVideo values (69, '0:26:48', '2018-01-26 17:20:00', 69);
insert into segmentoVideo values (70, '0:17:20', '2018-01-26 17:46:48', 70);
insert into segmentoVideo values (71, '0:25:15', '2018-01-26 18:04:08', 71);
insert into segmentoVideo values (72, '3:04:15', '2018-01-26 18:29:23', 72);
insert into segmentoVideo values (73, '1:32:52', '2018-01-26 21:33:38', 73);
insert into segmentoVideo values (74, '0:28:02', '2018-01-26 23:06:30', 74);
insert into segmentoVideo values (75, '2:33:29', '2018-01-26 23:34:32', 75);
insert into segmentoVideo values (76, '0:49:49', '2018-01-27 02:08:01', 76);
insert into segmentoVideo values (77, '3:32:07', '2018-01-27 02:57:50', 77);
insert into segmentoVideo values (78, '1:01:13', '2018-01-27 06:29:57', 78);
insert into segmentoVideo values (79, '5:33:11', '2018-01-27 07:31:10', 79);
insert into segmentoVideo values (80, '0:11:32', '2018-01-27 13:04:21', 80);
insert into segmentoVideo values (81, '1:55:49', '2018-01-27 13:15:53', 81);
insert into segmentoVideo values (82, '0:54:48', '2018-01-27 15:11:42', 82);
insert into segmentoVideo values (83, '3:25:13', '2018-01-27 16:06:30', 83);
insert into segmentoVideo values (84, '0:48:10', '2018-01-27 19:31:43', 84);
insert into segmentoVideo values (85, '5:12:00', '2018-01-27 20:19:53', 85);
insert into segmentoVideo values (86, '1:26:00', '2018-01-28 01:31:53', 86);
insert into segmentoVideo values (87, '2:07:22', '2018-01-28 02:57:53', 87);
insert into segmentoVideo values (88, '3:58:41', '2018-01-28 05:05:15', 88);
insert into segmentoVideo values (89, '7:04:13', '2018-01-28 09:03:56', 89);
insert into segmentoVideo values (90, '14:47:28', '2018-01-28 16:08:09', 90);
insert into segmentoVideo values (91, '2:04:06', '2018-01-29 06:55:37', 91);
insert into segmentoVideo values (92, '3:05:26', '2018-01-29 08:59:43', 92);
insert into segmentoVideo values (93, '2:00:49', '2018-01-29 12:05:09', 93);
insert into segmentoVideo values (94, '0:29:30', '2018-01-29 14:05:58', 94);
insert into segmentoVideo values (95, '5:21:54', '2018-01-29 14:35:28', 95);
insert into segmentoVideo values (96, '0:49:32', '2018-01-29 19:57:22', 96);
insert into segmentoVideo values (97, '0:44:38', '2018-01-29 20:46:54', 97);
insert into segmentoVideo values (98, '0:35:29', '2018-01-29 21:31:32', 98);
insert into segmentoVideo values (99, '3:08:33', '2018-01-29 22:07:01', 99);
insert into segmentoVideo values (100, '1:15:43', '2018-01-30 01:15:34', 100);

insert into local values ('address1');
insert into local values ('address2');
insert into local values ('address3');
insert into local values ('address4');
insert into local values ('address5');
insert into local values ('address6');
insert into local values ('address7');
insert into local values ('address8');
insert into local values ('address9');
insert into local values ('address10');
insert into local values ('address11');
insert into local values ('address12');
insert into local values ('address13');
insert into local values ('address14');
insert into local values ('address15');
insert into local values ('address16');
insert into local values ('address17');
insert into local values ('address18');
insert into local values ('address19');
insert into local values ('address20');
insert into local values ('address21');
insert into local values ('address22');
insert into local values ('address23');
insert into local values ('address24');
insert into local values ('address25');
insert into local values ('address26');
insert into local values ('address27');
insert into local values ('address28');
insert into local values ('address29');
insert into local values ('address30');
insert into local values ('address31');
insert into local values ('address32');
insert into local values ('address33');
insert into local values ('address34');
insert into local values ('address35');
insert into local values ('address36');
insert into local values ('address37');
insert into local values ('address38');
insert into local values ('address39');
insert into local values ('address40');
insert into local values ('address41');
insert into local values ('address42');
insert into local values ('address43');
insert into local values ('address44');
insert into local values ('address45');
insert into local values ('address46');
insert into local values ('address47');
insert into local values ('address48');
insert into local values ('address49');
insert into local values ('address50');
insert into local values ('address51');
insert into local values ('address52');
insert into local values ('address53');
insert into local values ('address54');
insert into local values ('address55');
insert into local values ('address56');
insert into local values ('address57');
insert into local values ('address58');
insert into local values ('address59');
insert into local values ('address60');
insert into local values ('address61');
insert into local values ('address62');
insert into local values ('address63');
insert into local values ('address64');
insert into local values ('address65');
insert into local values ('address66');
insert into local values ('address67');
insert into local values ('address68');
insert into local values ('address69');
insert into local values ('address70');
insert into local values ('address71');
insert into local values ('address72');
insert into local values ('address73');
insert into local values ('address74');
insert into local values ('address75');
insert into local values ('address76');
insert into local values ('address77');
insert into local values ('address78');
insert into local values ('address79');
insert into local values ('address80');
insert into local values ('address81');
insert into local values ('address82');
insert into local values ('address83');
insert into local values ('address84');
insert into local values ('address85');
insert into local values ('address86');
insert into local values ('address87');
insert into local values ('address88');
insert into local values ('address89');
insert into local values ('address90');
insert into local values ('address91');
insert into local values ('address92');
insert into local values ('address93');
insert into local values ('address94');
insert into local values ('address95');
insert into local values ('address96');
insert into local values ('address97');
insert into local values ('address98');
insert into local values ('address99');
insert into local values ('address100');

insert into vigia values ('address1', 1);
insert into vigia values ('address2', 2);
insert into vigia values ('address3', 3);
insert into vigia values ('address4', 4);
insert into vigia values ('address5', 5);
insert into vigia values ('address6', 6);
insert into vigia values ('address7', 7);
insert into vigia values ('address8', 8);
insert into vigia values ('address9', 9);
insert into vigia values ('address10', 10);
insert into vigia values ('address11', 11);
insert into vigia values ('address12', 12);
insert into vigia values ('address13', 13);
insert into vigia values ('address14', 14);
insert into vigia values ('address15', 15);
insert into vigia values ('address16', 16);
insert into vigia values ('address17', 17);
insert into vigia values ('address18', 18);
insert into vigia values ('address19', 19);
insert into vigia values ('address20', 20);
insert into vigia values ('address21', 21);
insert into vigia values ('address22', 22);
insert into vigia values ('address23', 23);
insert into vigia values ('address24', 24);
insert into vigia values ('address25', 25);
insert into vigia values ('address26', 26);
insert into vigia values ('address27', 27);
insert into vigia values ('address28', 28);
insert into vigia values ('address29', 29);
insert into vigia values ('address30', 30);
insert into vigia values ('address31', 31);
insert into vigia values ('address32', 32);
insert into vigia values ('address33', 33);
insert into vigia values ('address34', 34);
insert into vigia values ('address35', 35);
insert into vigia values ('address36', 36);
insert into vigia values ('address37', 37);
insert into vigia values ('address38', 38);
insert into vigia values ('address39', 39);
insert into vigia values ('address40', 40);
insert into vigia values ('address41', 41);
insert into vigia values ('address42', 42);
insert into vigia values ('address43', 43);
insert into vigia values ('address44', 44);
insert into vigia values ('address45', 45);
insert into vigia values ('address46', 46);
insert into vigia values ('address47', 47);
insert into vigia values ('address48', 48);
insert into vigia values ('address49', 49);
insert into vigia values ('address50', 50);
insert into vigia values ('address51', 51);
insert into vigia values ('address52', 52);
insert into vigia values ('address53', 53);
insert into vigia values ('address54', 54);
insert into vigia values ('address55', 55);
insert into vigia values ('address56', 56);
insert into vigia values ('address57', 57);
insert into vigia values ('address58', 58);
insert into vigia values ('address59', 59);
insert into vigia values ('address60', 60);
insert into vigia values ('address61', 61);
insert into vigia values ('address62', 62);
insert into vigia values ('address63', 63);
insert into vigia values ('address64', 64);
insert into vigia values ('address65', 65);
insert into vigia values ('address66', 66);
insert into vigia values ('address67', 67);
insert into vigia values ('address68', 68);
insert into vigia values ('address69', 69);
insert into vigia values ('address70', 70);
insert into vigia values ('address71', 71);
insert into vigia values ('address72', 72);
insert into vigia values ('address73', 73);
insert into vigia values ('address74', 74);
insert into vigia values ('address75', 75);
insert into vigia values ('address76', 76);
insert into vigia values ('address77', 77);
insert into vigia values ('address78', 78);
insert into vigia values ('address79', 79);
insert into vigia values ('address80', 80);
insert into vigia values ('address81', 81);
insert into vigia values ('address82', 82);
insert into vigia values ('address83', 83);
insert into vigia values ('address84', 84);
insert into vigia values ('address85', 85);
insert into vigia values ('address86', 86);
insert into vigia values ('address87', 87);
insert into vigia values ('address88', 88);
insert into vigia values ('address89', 89);
insert into vigia values ('address90', 90);
insert into vigia values ('address91', 91);
insert into vigia values ('address92', 92);
insert into vigia values ('address93', 93);
insert into vigia values ('address94', 94);
insert into vigia values ('address95', 95);
insert into vigia values ('address96', 96);
insert into vigia values ('address97', 97);
insert into vigia values ('address98', 98);
insert into vigia values ('address99', 99);
insert into vigia values ('address100', 100);

insert into processoSocorro values (1);
insert into processoSocorro values (2);
insert into processoSocorro values (3);
insert into processoSocorro values (4);
insert into processoSocorro values (5);
insert into processoSocorro values (6);
insert into processoSocorro values (7);
insert into processoSocorro values (8);
insert into processoSocorro values (9);
insert into processoSocorro values (10);
insert into processoSocorro values (11);
insert into processoSocorro values (12);
insert into processoSocorro values (13);
insert into processoSocorro values (14);
insert into processoSocorro values (15);
insert into processoSocorro values (16);
insert into processoSocorro values (17);
insert into processoSocorro values (18);
insert into processoSocorro values (19);
insert into processoSocorro values (20);
insert into processoSocorro values (21);
insert into processoSocorro values (22);
insert into processoSocorro values (23);
insert into processoSocorro values (24);
insert into processoSocorro values (25);
insert into processoSocorro values (26);
insert into processoSocorro values (27);
insert into processoSocorro values (28);
insert into processoSocorro values (29);
insert into processoSocorro values (30);
insert into processoSocorro values (31);
insert into processoSocorro values (32);
insert into processoSocorro values (33);
insert into processoSocorro values (34);
insert into processoSocorro values (35);
insert into processoSocorro values (36);
insert into processoSocorro values (37);
insert into processoSocorro values (38);
insert into processoSocorro values (39);
insert into processoSocorro values (40);
insert into processoSocorro values (41);
insert into processoSocorro values (42);
insert into processoSocorro values (43);
insert into processoSocorro values (44);
insert into processoSocorro values (45);
insert into processoSocorro values (46);
insert into processoSocorro values (47);
insert into processoSocorro values (48);
insert into processoSocorro values (49);
insert into processoSocorro values (50);
insert into processoSocorro values (51);
insert into processoSocorro values (52);
insert into processoSocorro values (53);
insert into processoSocorro values (54);
insert into processoSocorro values (55);
insert into processoSocorro values (56);
insert into processoSocorro values (57);
insert into processoSocorro values (58);
insert into processoSocorro values (59);
insert into processoSocorro values (60);
insert into processoSocorro values (61);
insert into processoSocorro values (62);
insert into processoSocorro values (63);
insert into processoSocorro values (64);
insert into processoSocorro values (65);
insert into processoSocorro values (66);
insert into processoSocorro values (67);
insert into processoSocorro values (68);
insert into processoSocorro values (69);
insert into processoSocorro values (70);
insert into processoSocorro values (71);
insert into processoSocorro values (72);
insert into processoSocorro values (73);
insert into processoSocorro values (74);
insert into processoSocorro values (75);
insert into processoSocorro values (76);
insert into processoSocorro values (77);
insert into processoSocorro values (78);
insert into processoSocorro values (79);
insert into processoSocorro values (80);
insert into processoSocorro values (81);
insert into processoSocorro values (82);
insert into processoSocorro values (83);
insert into processoSocorro values (84);
insert into processoSocorro values (85);
insert into processoSocorro values (86);
insert into processoSocorro values (87);
insert into processoSocorro values (88);
insert into processoSocorro values (89);
insert into processoSocorro values (90);
insert into processoSocorro values (91);
insert into processoSocorro values (92);
insert into processoSocorro values (93);
insert into processoSocorro values (94);
insert into processoSocorro values (95);
insert into processoSocorro values (96);
insert into processoSocorro values (97);
insert into processoSocorro values (98);
insert into processoSocorro values (99);
insert into processoSocorro values (100);

insert into eventoEmergencia values (824668063, '2018-01-20 15:35:15', 'bexiw', 'address1', 1);
insert into eventoEmergencia values (253636806, '2018-01-20 15:43:08', 'nipuv', 'address2', 2);
insert into eventoEmergencia values (800141211, '2018-01-20 16:58:17', 'benem', 'address3', 3);
insert into eventoEmergencia values (506894428, '2018-01-20 21:17:22', 'xiyur', 'address4', 4);
insert into eventoEmergencia values (148977736, '2018-01-20 21:37:21', 'fozib', 'address5', 5);
insert into eventoEmergencia values (585414436, '2018-01-21 03:30:03', 'livid', 'address6', 6);
insert into eventoEmergencia values (465127592, '2018-01-21 04:43:58', 'dajok', 'address7', 7);
insert into eventoEmergencia values (659919111, '2018-01-21 04:49:00', 'tilib', 'address8', 8);
insert into eventoEmergencia values (741724992, '2018-01-21 07:07:11', 'bawiv', 'address9', 9);
insert into eventoEmergencia values (430401260, '2018-01-21 11:50:54', 'vaney', 'address10', 10);
insert into eventoEmergencia values (691523404, '2018-01-21 13:18:47', 'woluk', 'address11', 11);
insert into eventoEmergencia values (531802986, '2018-01-21 18:45:33', 'xojuz', 'address12', 12);
insert into eventoEmergencia values (863316347, '2018-01-21 22:19:40', 'dipiq', 'address13', 13);
insert into eventoEmergencia values (514959950, '2018-01-21 22:52:49', 'meqal', 'address14', 14);
insert into eventoEmergencia values (617231447, '2018-01-22 02:04:24', 'mepec', 'address15', 15);
insert into eventoEmergencia values (591023679, '2018-01-22 03:13:18', 'hokek', 'address16', 16);
insert into eventoEmergencia values (221635595, '2018-01-22 05:12:16', 'wumaq', 'address17', 17);
insert into eventoEmergencia values (468029898, '2018-01-22 07:30:46', 'hemup', 'address18', 18);
insert into eventoEmergencia values (106195599, '2018-01-22 07:38:58', 'powur', 'address19', 19);
insert into eventoEmergencia values (108684281, '2018-01-22 08:09:36', 'dezol', 'address20', 20);
insert into eventoEmergencia values (609025636, '2018-01-22 09:53:44', 'misis', 'address21', 21);
insert into eventoEmergencia values (827993963, '2018-01-22 11:56:48', 'tilab', 'address22', 22);
insert into eventoEmergencia values (180519457, '2018-01-22 13:53:16', 'daqab', 'address23', 23);
insert into eventoEmergencia values (762808024, '2018-01-22 17:17:18', 'bojef', 'address24', 24);
insert into eventoEmergencia values (196876013, '2018-01-22 21:58:34', 'waxov', 'address25', 25);
insert into eventoEmergencia values (769395834, '2018-01-22 22:28:18', 'yopop', 'address26', 26);
insert into eventoEmergencia values (113702471, '2018-01-23 00:58:42', 'raquz', 'address27', 27);
insert into eventoEmergencia values (892828500, '2018-01-23 01:42:18', 'yuhec', 'address28', 28);
insert into eventoEmergencia values (425230369, '2018-01-23 08:21:14', 'sufit', 'address29', 29);
insert into eventoEmergencia values (589755820, '2018-01-23 08:26:22', 'yibin', 'address30', 30);
insert into eventoEmergencia values (482688186, '2018-01-23 08:35:47', 'buqac', 'address31', 31);
insert into eventoEmergencia values (901467983, '2018-01-23 09:27:38', 'lofux', 'address32', 32);
insert into eventoEmergencia values (983885866, '2018-01-23 10:49:13', 'xisuz', 'address33', 33);
insert into eventoEmergencia values (108001915, '2018-01-23 15:38:37', 'gaziv', 'address34', 34);
insert into eventoEmergencia values (565657918, '2018-01-23 15:40:58', 'demun', 'address35', 35);
insert into eventoEmergencia values (930576972, '2018-01-23 19:21:25', 'wigut', 'address36', 36);
insert into eventoEmergencia values (643657862, '2018-01-23 22:31:27', 'pebej', 'address37', 37);
insert into eventoEmergencia values (741135634, '2018-01-23 23:33:49', 'nijom', 'address38', 38);
insert into eventoEmergencia values (297309220, '2018-01-24 04:10:58', 'fefud', 'address39', 39);
insert into eventoEmergencia values (424095925, '2018-01-24 05:07:44', 'yusom', 'address40', 40);
insert into eventoEmergencia values (129073441, '2018-01-24 05:22:52', 'xugiq', 'address41', 41);
insert into eventoEmergencia values (654928718, '2018-01-24 06:48:30', 'ranas', 'address42', 42);
insert into eventoEmergencia values (669532485, '2018-01-24 07:43:42', 'zawar', 'address43', 43);
insert into eventoEmergencia values (479081482, '2018-01-24 08:54:27', 'qufuk', 'address44', 44);
insert into eventoEmergencia values (857568419, '2018-01-24 10:08:00', 'yeyut', 'address45', 45);
insert into eventoEmergencia values (145931915, '2018-01-24 11:25:12', 'hafuh', 'address46', 46);
insert into eventoEmergencia values (749232330, '2018-01-24 12:22:42', 'dehaz', 'address47', 47);
insert into eventoEmergencia values (134930426, '2018-01-24 13:13:39', 'fucig', 'address48', 48);
insert into eventoEmergencia values (677794970, '2018-01-24 13:34:26', 'pukon', 'address49', 49);
insert into eventoEmergencia values (866947816, '2018-01-24 16:18:45', 'bowod', 'address50', 50);
insert into eventoEmergencia values (625751068, '2018-01-24 16:54:05', 'canuj', 'address51', 51);
insert into eventoEmergencia values (867170618, '2018-01-24 19:25:01', 'jepez', 'address52', 52);
insert into eventoEmergencia values (519082999, '2018-01-24 20:41:16', 'fimut', 'address53', 53);
insert into eventoEmergencia values (549377157, '2018-01-24 22:37:57', 'rojag', 'address54', 54);
insert into eventoEmergencia values (571710319, '2018-01-25 00:05:19', 'nufep', 'address55', 55);
insert into eventoEmergencia values (621003893, '2018-01-25 00:21:18', 'sovoz', 'address56', 56);
insert into eventoEmergencia values (249500286, '2018-01-25 02:05:08', 'zasay', 'address57', 57);
insert into eventoEmergencia values (782561422, '2018-01-25 04:04:46', 'mozim', 'address58', 58);
insert into eventoEmergencia values (808098564, '2018-01-25 12:17:31', 'jujoz', 'address59', 59);
insert into eventoEmergencia values (781370368, '2018-01-25 16:06:47', 'vopuq', 'address60', 60);
insert into eventoEmergencia values (304110981, '2018-01-25 18:05:39', 'rocuz', 'address61', 61);
insert into eventoEmergencia values (675166900, '2018-01-25 19:47:41', 'cinus', 'address62', 62);
insert into eventoEmergencia values (159827340, '2018-01-26 01:40:38', 'woral', 'address63', 63);
insert into eventoEmergencia values (589406768, '2018-01-26 04:55:08', 'fujuy', 'address64', 64);
insert into eventoEmergencia values (524220509, '2018-01-26 07:25:50', 'homag', 'address65', 65);
insert into eventoEmergencia values (327138442, '2018-01-26 08:42:14', 'xilif', 'address66', 66);
insert into eventoEmergencia values (113305406, '2018-01-26 11:58:50', 'tanol', 'address67', 67);
insert into eventoEmergencia values (180257437, '2018-01-26 16:19:21', 'cotar', 'address68', 68);
insert into eventoEmergencia values (257058135, '2018-01-26 17:20:00', 'baxip', 'address69', 69);
insert into eventoEmergencia values (444696998, '2018-01-26 17:46:48', 'mudex', 'address70', 70);
insert into eventoEmergencia values (724209510, '2018-01-26 18:04:08', 'yavax', 'address71', 71);
insert into eventoEmergencia values (251830563, '2018-01-26 18:29:23', 'zurab', 'address72', 72);
insert into eventoEmergencia values (790828914, '2018-01-26 21:33:38', 'hugeh', 'address73', 73);
insert into eventoEmergencia values (479832874, '2018-01-26 23:06:30', 'veyiq', 'address74', 74);
insert into eventoEmergencia values (209603105, '2018-01-26 23:34:32', 'yobuy', 'address75', 75);
insert into eventoEmergencia values (419642379, '2018-01-27 02:08:01', 'xekek', 'address76', 76);
insert into eventoEmergencia values (512324037, '2018-01-27 02:57:50', 'piqub', 'address77', 77);
insert into eventoEmergencia values (815918963, '2018-01-27 06:29:57', 'wegos', 'address78', 78);
insert into eventoEmergencia values (182568539, '2018-01-27 07:31:10', 'zuwaq', 'address79', 79);
insert into eventoEmergencia values (800510850, '2018-01-27 13:04:21', 'kakiq', 'address80', 80);
insert into eventoEmergencia values (706631014, '2018-01-27 13:15:53', 'gequx', 'address81', 81);
insert into eventoEmergencia values (284237812, '2018-01-27 15:11:42', 'wuqiz', 'address82', 82);
insert into eventoEmergencia values (707467914, '2018-01-27 16:06:30', 'titoy', 'address83', 83);
insert into eventoEmergencia values (999726793, '2018-01-27 19:31:43', 'vugep', 'address84', 84);
insert into eventoEmergencia values (182688906, '2018-01-27 20:19:53', 'pofer', 'address85', 85);
insert into eventoEmergencia values (364068525, '2018-01-28 01:31:53', 'hitet', 'address86', 86);
insert into eventoEmergencia values (156040622, '2018-01-28 02:57:53', 'penon', 'address87', 87);
insert into eventoEmergencia values (297456918, '2018-01-28 05:05:15', 'huxek', 'address88', 88);
insert into eventoEmergencia values (847497735, '2018-01-28 09:03:56', 'zepod', 'address89', 89);
insert into eventoEmergencia values (406791039, '2018-01-28 16:08:09', 'cagav', 'address90', 90);
insert into eventoEmergencia values (796404085, '2018-01-29 06:55:37', 'nicub', 'address91', 91);
insert into eventoEmergencia values (279522987, '2018-01-29 08:59:43', 'fuzoj', 'address92', 92);
insert into eventoEmergencia values (527226331, '2018-01-29 12:05:09', 'sutah', 'address93', 93);
insert into eventoEmergencia values (989630044, '2018-01-29 14:05:58', 'wonaj', 'address94', 94);
insert into eventoEmergencia values (922490365, '2018-01-29 14:35:28', 'qokug', 'address95', 95);
insert into eventoEmergencia values (377623781, '2018-01-29 19:57:22', 'yarez', 'address96', 96);
insert into eventoEmergencia values (246848510, '2018-01-29 20:46:54', 'saqac', 'address97', 97);
insert into eventoEmergencia values (385911103, '2018-01-29 21:31:32', 'babur', 'address98', 98);
insert into eventoEmergencia values (493675931, '2018-01-29 22:07:01', 'newew', 'address99', 99);
insert into eventoEmergencia values (114464263, '2018-01-30 01:15:34', 'juqel', 'address100', 100);

insert into entidadeMeio values ('exercito_de_kawoq');
insert into entidadeMeio values ('municipio_de_dosib');
insert into entidadeMeio values ('policia_de_fiqey');
insert into entidadeMeio values ('bombeiros_de_tigab');
insert into entidadeMeio values ('forca aerea_de_gotuz');
insert into entidadeMeio values ('municipio_de_bafis');
insert into entidadeMeio values ('exercito_de_yurig');
insert into entidadeMeio values ('municipio_de_picav');
insert into entidadeMeio values ('policia_de_jibol');
insert into entidadeMeio values ('municipio_de_viqaj');
insert into entidadeMeio values ('forca aerea_de_kunol');
insert into entidadeMeio values ('bombeiros_de_zoton');
insert into entidadeMeio values ('exercito_de_xucex');
insert into entidadeMeio values ('policia_de_gijos');
insert into entidadeMeio values ('policia_de_taziv');
insert into entidadeMeio values ('policia_de_sanuk');
insert into entidadeMeio values ('forca aerea_de_gomuf');
insert into entidadeMeio values ('forca aerea_de_suvuv');
insert into entidadeMeio values ('municipio_de_cowur');
insert into entidadeMeio values ('exercito_de_juruz');
insert into entidadeMeio values ('policia_de_yubel');
insert into entidadeMeio values ('bombeiros_de_tonuc');
insert into entidadeMeio values ('policia_de_nusis');
insert into entidadeMeio values ('municipio_de_radik');
insert into entidadeMeio values ('municipio_de_fepik');
insert into entidadeMeio values ('municipio_de_qebem');
insert into entidadeMeio values ('municipio_de_puqaf');
insert into entidadeMeio values ('bombeiros_de_jodox');
insert into entidadeMeio values ('municipio_de_pucav');
insert into entidadeMeio values ('municipio_de_qenek');
insert into entidadeMeio values ('exercito_de_rojod');
insert into entidadeMeio values ('municipio_de_nosab');
insert into entidadeMeio values ('forca aerea_de_helis');
insert into entidadeMeio values ('exercito_de_kazap');
insert into entidadeMeio values ('exercito_de_cebit');
insert into entidadeMeio values ('policia_de_qehux');
insert into entidadeMeio values ('bombeiros_de_lezel');
insert into entidadeMeio values ('exercito_de_mowab');
insert into entidadeMeio values ('bombeiros_de_cohul');
insert into entidadeMeio values ('bombeiros_de_dixor');
insert into entidadeMeio values ('exercito_de_yedoy');
insert into entidadeMeio values ('policia_de_hadiy');
insert into entidadeMeio values ('exercito_de_jozen');
insert into entidadeMeio values ('forca aerea_de_joyoy');
insert into entidadeMeio values ('policia_de_gigiw');
insert into entidadeMeio values ('bombeiros_de_rarej');
insert into entidadeMeio values ('policia_de_paqic');
insert into entidadeMeio values ('bombeiros_de_noxig');
insert into entidadeMeio values ('exercito_de_gowox');
insert into entidadeMeio values ('policia_de_nalep');
insert into entidadeMeio values ('bombeiros_de_mobun');
insert into entidadeMeio values ('forca aerea_de_numet');
insert into entidadeMeio values ('exercito_de_qowob');
insert into entidadeMeio values ('forca aerea_de_qiwek');
insert into entidadeMeio values ('bombeiros_de_loziv');
insert into entidadeMeio values ('exercito_de_kotuz');
insert into entidadeMeio values ('municipio_de_buhut');
insert into entidadeMeio values ('bombeiros_de_hipot');
insert into entidadeMeio values ('municipio_de_fulix');
insert into entidadeMeio values ('forca aerea_de_naqac');
insert into entidadeMeio values ('municipio_de_xojaf');
insert into entidadeMeio values ('exercito_de_famep');
insert into entidadeMeio values ('bombeiros_de_vipov');
insert into entidadeMeio values ('forca aerea_de_fixex');
insert into entidadeMeio values ('policia_de_jetek');
insert into entidadeMeio values ('exercito_de_muqob');
insert into entidadeMeio values ('bombeiros_de_leveh');
insert into entidadeMeio values ('municipio_de_zubuk');
insert into entidadeMeio values ('bombeiros_de_nomuk');
insert into entidadeMeio values ('bombeiros_de_nilon');
insert into entidadeMeio values ('forca aerea_de_wutil');
insert into entidadeMeio values ('municipio_de_nelos');
insert into entidadeMeio values ('municipio_de_kohil');
insert into entidadeMeio values ('forca aerea_de_najas');
insert into entidadeMeio values ('policia_de_zolig');
insert into entidadeMeio values ('forca aerea_de_doyup');
insert into entidadeMeio values ('forca aerea_de_vusez');
insert into entidadeMeio values ('exercito_de_pemaj');
insert into entidadeMeio values ('bombeiros_de_pigoy');
insert into entidadeMeio values ('exercito_de_luyon');
insert into entidadeMeio values ('forca aerea_de_dosic');
insert into entidadeMeio values ('forca aerea_de_xekos');
insert into entidadeMeio values ('policia_de_lizud');
insert into entidadeMeio values ('bombeiros_de_panel');
insert into entidadeMeio values ('municipio_de_lodis');
insert into entidadeMeio values ('exercito_de_suwir');
insert into entidadeMeio values ('exercito_de_muvat');
insert into entidadeMeio values ('policia_de_bafup');
insert into entidadeMeio values ('policia_de_katin');
insert into entidadeMeio values ('forca aerea_de_parim');
insert into entidadeMeio values ('municipio_de_nenom');
insert into entidadeMeio values ('policia_de_povib');
insert into entidadeMeio values ('forca aerea_de_semiw');
insert into entidadeMeio values ('forca aerea_de_pejuq');
insert into entidadeMeio values ('bombeiros_de_nuzaz');
insert into entidadeMeio values ('bombeiros_de_meyah');
insert into entidadeMeio values ('bombeiros_de_joyoq');
insert into entidadeMeio values ('policia_de_hujil');
insert into entidadeMeio values ('forca aerea_de_dexay');
insert into entidadeMeio values ('exercito_de_casok');

insert into meio values (1, 'Combate', 'exercito_de_kawoq');
insert into meio values (2, 'Combate', 'municipio_de_dosib');
insert into meio values (3, 'Combate', 'policia_de_fiqey');
insert into meio values (4, 'Socorro', 'bombeiros_de_tigab');
insert into meio values (5, 'Socorro', 'forca aerea_de_gotuz');
insert into meio values (6, 'Combate', 'municipio_de_bafis');
insert into meio values (7, 'Apoio', 'exercito_de_yurig');
insert into meio values (8, 'Combate', 'municipio_de_picav');
insert into meio values (9, 'Apoio', 'policia_de_jibol');
insert into meio values (10, 'Apoio', 'municipio_de_viqaj');
insert into meio values (11, 'Socorro', 'forca aerea_de_kunol');
insert into meio values (12, 'Apoio', 'bombeiros_de_zoton');
insert into meio values (13, 'Apoio', 'exercito_de_xucex');
insert into meio values (14, 'Apoio', 'policia_de_gijos');
insert into meio values (15, 'Combate', 'policia_de_taziv');
insert into meio values (16, 'Socorro', 'policia_de_sanuk');
insert into meio values (17, 'Apoio', 'forca aerea_de_gomuf');
insert into meio values (18, 'Socorro', 'forca aerea_de_suvuv');
insert into meio values (19, 'Apoio', 'municipio_de_cowur');
insert into meio values (20, 'Combate', 'exercito_de_juruz');
insert into meio values (21, 'Combate', 'policia_de_yubel');
insert into meio values (22, 'Apoio', 'bombeiros_de_tonuc');
insert into meio values (23, 'Combate', 'policia_de_nusis');
insert into meio values (24, 'Apoio', 'municipio_de_radik');
insert into meio values (25, 'Combate', 'municipio_de_fepik');
insert into meio values (26, 'Apoio', 'municipio_de_qebem');
insert into meio values (27, 'Socorro', 'municipio_de_puqaf');
insert into meio values (28, 'Combate', 'bombeiros_de_jodox');
insert into meio values (29, 'Socorro', 'municipio_de_pucav');
insert into meio values (30, 'Apoio', 'municipio_de_qenek');
insert into meio values (31, 'Combate', 'exercito_de_rojod');
insert into meio values (32, 'Combate', 'municipio_de_nosab');
insert into meio values (33, 'Socorro', 'forca aerea_de_helis');
insert into meio values (34, 'Socorro', 'exercito_de_kazap');
insert into meio values (35, 'Socorro', 'exercito_de_cebit');
insert into meio values (36, 'Socorro', 'policia_de_qehux');
insert into meio values (37, 'Apoio', 'bombeiros_de_lezel');
insert into meio values (38, 'Socorro', 'exercito_de_mowab');
insert into meio values (39, 'Socorro', 'bombeiros_de_cohul');
insert into meio values (40, 'Apoio', 'bombeiros_de_dixor');
insert into meio values (41, 'Socorro', 'exercito_de_yedoy');
insert into meio values (42, 'Socorro', 'policia_de_hadiy');
insert into meio values (43, 'Socorro', 'exercito_de_jozen');
insert into meio values (44, 'Combate', 'forca aerea_de_joyoy');
insert into meio values (45, 'Socorro', 'policia_de_gigiw');
insert into meio values (46, 'Combate', 'bombeiros_de_rarej');
insert into meio values (47, 'Combate', 'policia_de_paqic');
insert into meio values (48, 'Socorro', 'bombeiros_de_noxig');
insert into meio values (49, 'Apoio', 'exercito_de_gowox');
insert into meio values (50, 'Apoio', 'policia_de_nalep');
insert into meio values (51, 'Combate', 'bombeiros_de_mobun');
insert into meio values (52, 'Combate', 'forca aerea_de_numet');
insert into meio values (53, 'Socorro', 'exercito_de_qowob');
insert into meio values (54, 'Apoio', 'forca aerea_de_qiwek');
insert into meio values (55, 'Socorro', 'bombeiros_de_loziv');
insert into meio values (56, 'Apoio', 'exercito_de_kotuz');
insert into meio values (57, 'Socorro', 'municipio_de_buhut');
insert into meio values (58, 'Socorro', 'bombeiros_de_hipot');
insert into meio values (59, 'Apoio', 'municipio_de_fulix');
insert into meio values (60, 'Combate', 'forca aerea_de_naqac');
insert into meio values (61, 'Apoio', 'municipio_de_xojaf');
insert into meio values (62, 'Combate', 'exercito_de_famep');
insert into meio values (63, 'Apoio', 'bombeiros_de_vipov');
insert into meio values (64, 'Combate', 'forca aerea_de_fixex');
insert into meio values (65, 'Combate', 'policia_de_jetek');
insert into meio values (66, 'Socorro', 'exercito_de_muqob');
insert into meio values (67, 'Apoio', 'bombeiros_de_leveh');
insert into meio values (68, 'Combate', 'municipio_de_zubuk');
insert into meio values (69, 'Apoio', 'bombeiros_de_nomuk');
insert into meio values (70, 'Combate', 'bombeiros_de_nilon');
insert into meio values (71, 'Apoio', 'forca aerea_de_wutil');
insert into meio values (72, 'Combate', 'municipio_de_nelos');
insert into meio values (73, 'Socorro', 'municipio_de_kohil');
insert into meio values (74, 'Combate', 'forca aerea_de_najas');
insert into meio values (75, 'Socorro', 'policia_de_zolig');
insert into meio values (76, 'Apoio', 'forca aerea_de_doyup');
insert into meio values (77, 'Apoio', 'forca aerea_de_vusez');
insert into meio values (78, 'Combate', 'exercito_de_pemaj');
insert into meio values (79, 'Socorro', 'bombeiros_de_pigoy');
insert into meio values (80, 'Apoio', 'exercito_de_luyon');
insert into meio values (81, 'Socorro', 'forca aerea_de_dosic');
insert into meio values (82, 'Socorro', 'forca aerea_de_xekos');
insert into meio values (83, 'Combate', 'policia_de_lizud');
insert into meio values (84, 'Combate', 'bombeiros_de_panel');
insert into meio values (85, 'Socorro', 'municipio_de_lodis');
insert into meio values (86, 'Socorro', 'exercito_de_suwir');
insert into meio values (87, 'Socorro', 'exercito_de_muvat');
insert into meio values (88, 'Apoio', 'policia_de_bafup');
insert into meio values (89, 'Apoio', 'policia_de_katin');
insert into meio values (90, 'Combate', 'forca aerea_de_parim');
insert into meio values (91, 'Combate', 'municipio_de_nenom');
insert into meio values (92, 'Socorro', 'policia_de_povib');
insert into meio values (93, 'Combate', 'forca aerea_de_semiw');
insert into meio values (94, 'Socorro', 'forca aerea_de_pejuq');
insert into meio values (95, 'Socorro', 'bombeiros_de_nuzaz');
insert into meio values (96, 'Combate', 'bombeiros_de_meyah');
insert into meio values (97, 'Combate', 'bombeiros_de_joyoq');
insert into meio values (98, 'Apoio', 'policia_de_hujil');
insert into meio values (99, 'Socorro', 'forca aerea_de_dexay');
insert into meio values (100, 'Combate', 'exercito_de_casok');

insert into meioCombate values (1, 'exercito_de_kawoq');
insert into meioCombate values (2, 'municipio_de_dosib');
insert into meioCombate values (3, 'policia_de_fiqey');
insert into meioCombate values (6, 'municipio_de_bafis');
insert into meioCombate values (8, 'municipio_de_picav');
insert into meioCombate values (15, 'policia_de_taziv');
insert into meioCombate values (20, 'exercito_de_juruz');
insert into meioCombate values (21, 'policia_de_yubel');
insert into meioCombate values (23, 'policia_de_nusis');
insert into meioCombate values (25, 'municipio_de_fepik');
insert into meioCombate values (28, 'bombeiros_de_jodox');
insert into meioCombate values (31, 'exercito_de_rojod');
insert into meioCombate values (32, 'municipio_de_nosab');
insert into meioCombate values (44, 'forca aerea_de_joyoy');
insert into meioCombate values (46, 'bombeiros_de_rarej');
insert into meioCombate values (47, 'policia_de_paqic');
insert into meioCombate values (51, 'bombeiros_de_mobun');
insert into meioCombate values (52, 'forca aerea_de_numet');
insert into meioCombate values (60, 'forca aerea_de_naqac');
insert into meioCombate values (62, 'exercito_de_famep');
insert into meioCombate values (64, 'forca aerea_de_fixex');
insert into meioCombate values (65, 'policia_de_jetek');
insert into meioCombate values (68, 'municipio_de_zubuk');
insert into meioCombate values (70, 'bombeiros_de_nilon');
insert into meioCombate values (72, 'municipio_de_nelos');
insert into meioCombate values (74, 'forca aerea_de_najas');
insert into meioCombate values (78, 'exercito_de_pemaj');
insert into meioCombate values (83, 'policia_de_lizud');
insert into meioCombate values (84, 'bombeiros_de_panel');
insert into meioCombate values (90, 'forca aerea_de_parim');
insert into meioCombate values (91, 'municipio_de_nenom');
insert into meioCombate values (93, 'forca aerea_de_semiw');
insert into meioCombate values (96, 'bombeiros_de_meyah');
insert into meioCombate values (97, 'bombeiros_de_joyoq');
insert into meioCombate values (100, 'exercito_de_casok');

insert into meioApoio values (7, 'exercito_de_yurig');
insert into meioApoio values (9, 'policia_de_jibol');
insert into meioApoio values (10, 'municipio_de_viqaj');
insert into meioApoio values (12, 'bombeiros_de_zoton');
insert into meioApoio values (13, 'exercito_de_xucex');
insert into meioApoio values (14, 'policia_de_gijos');
insert into meioApoio values (17, 'forca aerea_de_gomuf');
insert into meioApoio values (19, 'municipio_de_cowur');
insert into meioApoio values (22, 'bombeiros_de_tonuc');
insert into meioApoio values (24, 'municipio_de_radik');
insert into meioApoio values (26, 'municipio_de_qebem');
insert into meioApoio values (30, 'municipio_de_qenek');
insert into meioApoio values (37, 'bombeiros_de_lezel');
insert into meioApoio values (40, 'bombeiros_de_dixor');
insert into meioApoio values (49, 'exercito_de_gowox');
insert into meioApoio values (50, 'policia_de_nalep');
insert into meioApoio values (54, 'forca aerea_de_qiwek');
insert into meioApoio values (56, 'exercito_de_kotuz');
insert into meioApoio values (59, 'municipio_de_fulix');
insert into meioApoio values (61, 'municipio_de_xojaf');
insert into meioApoio values (63, 'bombeiros_de_vipov');
insert into meioApoio values (67, 'bombeiros_de_leveh');
insert into meioApoio values (69, 'bombeiros_de_nomuk');
insert into meioApoio values (71, 'forca aerea_de_wutil');
insert into meioApoio values (76, 'forca aerea_de_doyup');
insert into meioApoio values (77, 'forca aerea_de_vusez');
insert into meioApoio values (80, 'exercito_de_luyon');
insert into meioApoio values (88, 'policia_de_bafup');
insert into meioApoio values (89, 'policia_de_katin');
insert into meioApoio values (98, 'policia_de_hujil');

insert into meioSocorro values (4, 'bombeiros_de_tigab');
insert into meioSocorro values (5, 'forca aerea_de_gotuz');
insert into meioSocorro values (11, 'forca aerea_de_kunol');
insert into meioSocorro values (16, 'policia_de_sanuk');
insert into meioSocorro values (18, 'forca aerea_de_suvuv');
insert into meioSocorro values (27, 'municipio_de_puqaf');
insert into meioSocorro values (29, 'municipio_de_pucav');
insert into meioSocorro values (33, 'forca aerea_de_helis');
insert into meioSocorro values (34, 'exercito_de_kazap');
insert into meioSocorro values (35, 'exercito_de_cebit');
insert into meioSocorro values (36, 'policia_de_qehux');
insert into meioSocorro values (38, 'exercito_de_mowab');
insert into meioSocorro values (39, 'bombeiros_de_cohul');
insert into meioSocorro values (41, 'exercito_de_yedoy');
insert into meioSocorro values (42, 'policia_de_hadiy');
insert into meioSocorro values (43, 'exercito_de_jozen');
insert into meioSocorro values (45, 'policia_de_gigiw');
insert into meioSocorro values (48, 'bombeiros_de_noxig');
insert into meioSocorro values (53, 'exercito_de_qowob');
insert into meioSocorro values (55, 'bombeiros_de_loziv');
insert into meioSocorro values (57, 'municipio_de_buhut');
insert into meioSocorro values (58, 'bombeiros_de_hipot');
insert into meioSocorro values (66, 'exercito_de_muqob');
insert into meioSocorro values (73, 'municipio_de_kohil');
insert into meioSocorro values (75, 'policia_de_zolig');
insert into meioSocorro values (79, 'bombeiros_de_pigoy');
insert into meioSocorro values (81, 'forca aerea_de_dosic');
insert into meioSocorro values (82, 'forca aerea_de_xekos');
insert into meioSocorro values (85, 'municipio_de_lodis');
insert into meioSocorro values (86, 'exercito_de_suwir');
insert into meioSocorro values (87, 'exercito_de_muvat');
insert into meioSocorro values (92, 'policia_de_povib');
insert into meioSocorro values (94, 'forca aerea_de_pejuq');
insert into meioSocorro values (95, 'bombeiros_de_nuzaz');
insert into meioSocorro values (99, 'forca aerea_de_dexay');

insert into transporta values (4, 'bombeiros_de_tigab', 24, 4);
insert into transporta values (5, 'forca aerea_de_gotuz', 46, 5);
insert into transporta values (11, 'forca aerea_de_kunol', 10, 11);
insert into transporta values (16, 'policia_de_sanuk', 90, 16);
insert into transporta values (18, 'forca aerea_de_suvuv', 92, 18);
insert into transporta values (27, 'municipio_de_puqaf', 98, 27);
insert into transporta values (29, 'municipio_de_pucav', 76, 29);
insert into transporta values (33, 'forca aerea_de_helis', 51, 33);
insert into transporta values (34, 'exercito_de_kazap', 27, 34);
insert into transporta values (35, 'exercito_de_cebit', 96, 35);
insert into transporta values (36, 'policia_de_qehux', 86, 36);
insert into transporta values (38, 'exercito_de_mowab', 22, 38);
insert into transporta values (39, 'bombeiros_de_cohul', 98, 39);
insert into transporta values (41, 'exercito_de_yedoy', 2, 41);
insert into transporta values (42, 'policia_de_hadiy', 96, 42);
insert into transporta values (43, 'exercito_de_jozen', 73, 43);
insert into transporta values (45, 'policia_de_gigiw', 48, 45);
insert into transporta values (48, 'bombeiros_de_noxig', 93, 48);
insert into transporta values (53, 'exercito_de_qowob', 87, 53);
insert into transporta values (55, 'bombeiros_de_loziv', 19, 55);
insert into transporta values (57, 'municipio_de_buhut', 40, 57);
insert into transporta values (58, 'bombeiros_de_hipot', 23, 58);
insert into transporta values (66, 'exercito_de_muqob', 93, 66);
insert into transporta values (73, 'municipio_de_kohil', 73, 73);
insert into transporta values (75, 'policia_de_zolig', 1, 75);
insert into transporta values (79, 'bombeiros_de_pigoy', 27, 79);
insert into transporta values (81, 'forca aerea_de_dosic', 2, 81);
insert into transporta values (82, 'forca aerea_de_xekos', 3, 82);
insert into transporta values (85, 'municipio_de_lodis', 61, 85);
insert into transporta values (86, 'exercito_de_suwir', 18, 86);
insert into transporta values (87, 'exercito_de_muvat', 52, 87);
insert into transporta values (92, 'policia_de_povib', 66, 92);
insert into transporta values (94, 'forca aerea_de_pejuq', 33, 94);
insert into transporta values (95, 'bombeiros_de_nuzaz', 43, 95);
insert into transporta values (99, 'forca aerea_de_dexay', 9, 99);

insert into alocado values (7, 'exercito_de_yurig', 46, 7);
insert into alocado values (9, 'policia_de_jibol', 11, 9);
insert into alocado values (10, 'municipio_de_viqaj', 2, 10);
insert into alocado values (12, 'bombeiros_de_zoton', 15, 12);
insert into alocado values (13, 'exercito_de_xucex', 22, 13);
insert into alocado values (14, 'policia_de_gijos', 43, 14);
insert into alocado values (17, 'forca aerea_de_gomuf', 51, 17);
insert into alocado values (19, 'municipio_de_cowur', 28, 19);
insert into alocado values (22, 'bombeiros_de_tonuc', 49, 22);
insert into alocado values (24, 'municipio_de_radik', 12, 24);
insert into alocado values (26, 'municipio_de_qebem', 5, 26);
insert into alocado values (30, 'municipio_de_qenek', 7, 30);
insert into alocado values (37, 'bombeiros_de_lezel', 50, 37);
insert into alocado values (40, 'bombeiros_de_dixor', 10, 40);
insert into alocado values (49, 'exercito_de_gowox', 53, 49);
insert into alocado values (50, 'policia_de_nalep', 9, 50);
insert into alocado values (54, 'forca aerea_de_qiwek', 29, 54);
insert into alocado values (56, 'exercito_de_kotuz', 46, 56);
insert into alocado values (59, 'municipio_de_fulix', 19, 59);
insert into alocado values (61, 'municipio_de_xojaf', 12, 61);
insert into alocado values (63, 'bombeiros_de_vipov', 38, 63);
insert into alocado values (67, 'bombeiros_de_leveh', 26, 67);
insert into alocado values (69, 'bombeiros_de_nomuk', 45, 69);
insert into alocado values (71, 'forca aerea_de_wutil', 16, 71);
insert into alocado values (76, 'forca aerea_de_doyup', 44, 76);
insert into alocado values (77, 'forca aerea_de_vusez', 33, 77);
insert into alocado values (80, 'exercito_de_luyon', 31, 80);
insert into alocado values (88, 'policia_de_bafup', 18, 88);
insert into alocado values (89, 'policia_de_katin', 22, 89);
insert into alocado values (98, 'policia_de_hujil', 34, 98);

insert into acciona values (1, 'exercito_de_kawoq', 1);
insert into acciona values (2, 'municipio_de_dosib', 2);
insert into acciona values (3, 'policia_de_fiqey', 3);
insert into acciona values (4, 'bombeiros_de_tigab', 4);
insert into acciona values (5, 'forca aerea_de_gotuz', 5);
insert into acciona values (6, 'municipio_de_bafis', 6);
insert into acciona values (7, 'exercito_de_yurig', 7);
insert into acciona values (8, 'municipio_de_picav', 8);
insert into acciona values (9, 'policia_de_jibol', 9);
insert into acciona values (10, 'municipio_de_viqaj', 10);
insert into acciona values (11, 'forca aerea_de_kunol', 11);
insert into acciona values (12, 'bombeiros_de_zoton', 12);
insert into acciona values (13, 'exercito_de_xucex', 13);
insert into acciona values (14, 'policia_de_gijos', 14);
insert into acciona values (15, 'policia_de_taziv', 15);
insert into acciona values (16, 'policia_de_sanuk', 16);
insert into acciona values (17, 'forca aerea_de_gomuf', 17);
insert into acciona values (18, 'forca aerea_de_suvuv', 18);
insert into acciona values (19, 'municipio_de_cowur', 19);
insert into acciona values (20, 'exercito_de_juruz', 20);
insert into acciona values (21, 'policia_de_yubel', 21);
insert into acciona values (22, 'bombeiros_de_tonuc', 22);
insert into acciona values (23, 'policia_de_nusis', 23);
insert into acciona values (24, 'municipio_de_radik', 24);
insert into acciona values (25, 'municipio_de_fepik', 25);
insert into acciona values (26, 'municipio_de_qebem', 26);
insert into acciona values (27, 'municipio_de_puqaf', 27);
insert into acciona values (28, 'bombeiros_de_jodox', 28);
insert into acciona values (29, 'municipio_de_pucav', 29);
insert into acciona values (30, 'municipio_de_qenek', 30);
insert into acciona values (31, 'exercito_de_rojod', 31);
insert into acciona values (32, 'municipio_de_nosab', 32);
insert into acciona values (33, 'forca aerea_de_helis', 33);
insert into acciona values (34, 'exercito_de_kazap', 34);
insert into acciona values (35, 'exercito_de_cebit', 35);
insert into acciona values (36, 'policia_de_qehux', 36);
insert into acciona values (37, 'bombeiros_de_lezel', 37);
insert into acciona values (38, 'exercito_de_mowab', 38);
insert into acciona values (39, 'bombeiros_de_cohul', 39);
insert into acciona values (40, 'bombeiros_de_dixor', 40);
insert into acciona values (41, 'exercito_de_yedoy', 41);
insert into acciona values (42, 'policia_de_hadiy', 42);
insert into acciona values (43, 'exercito_de_jozen', 43);
insert into acciona values (44, 'forca aerea_de_joyoy', 44);
insert into acciona values (45, 'policia_de_gigiw', 45);
insert into acciona values (46, 'bombeiros_de_rarej', 46);
insert into acciona values (47, 'policia_de_paqic', 47);
insert into acciona values (48, 'bombeiros_de_noxig', 48);
insert into acciona values (49, 'exercito_de_gowox', 49);
insert into acciona values (50, 'policia_de_nalep', 50);
insert into acciona values (51, 'bombeiros_de_mobun', 51);
insert into acciona values (52, 'forca aerea_de_numet', 52);
insert into acciona values (53, 'exercito_de_qowob', 53);
insert into acciona values (54, 'forca aerea_de_qiwek', 54);
insert into acciona values (55, 'bombeiros_de_loziv', 55);
insert into acciona values (56, 'exercito_de_kotuz', 56);
insert into acciona values (57, 'municipio_de_buhut', 57);
insert into acciona values (58, 'bombeiros_de_hipot', 58);
insert into acciona values (59, 'municipio_de_fulix', 59);
insert into acciona values (60, 'forca aerea_de_naqac', 60);
insert into acciona values (61, 'municipio_de_xojaf', 61);
insert into acciona values (62, 'exercito_de_famep', 62);
insert into acciona values (63, 'bombeiros_de_vipov', 63);
insert into acciona values (64, 'forca aerea_de_fixex', 64);
insert into acciona values (65, 'policia_de_jetek', 65);
insert into acciona values (66, 'exercito_de_muqob', 66);
insert into acciona values (67, 'bombeiros_de_leveh', 67);
insert into acciona values (68, 'municipio_de_zubuk', 68);
insert into acciona values (69, 'bombeiros_de_nomuk', 69);
insert into acciona values (70, 'bombeiros_de_nilon', 70);
insert into acciona values (71, 'forca aerea_de_wutil', 71);
insert into acciona values (72, 'municipio_de_nelos', 72);
insert into acciona values (73, 'municipio_de_kohil', 73);
insert into acciona values (74, 'forca aerea_de_najas', 74);
insert into acciona values (75, 'policia_de_zolig', 75);
insert into acciona values (76, 'forca aerea_de_doyup', 76);
insert into acciona values (77, 'forca aerea_de_vusez', 77);
insert into acciona values (78, 'exercito_de_pemaj', 78);
insert into acciona values (79, 'bombeiros_de_pigoy', 79);
insert into acciona values (80, 'exercito_de_luyon', 80);
insert into acciona values (81, 'forca aerea_de_dosic', 81);
insert into acciona values (82, 'forca aerea_de_xekos', 82);
insert into acciona values (83, 'policia_de_lizud', 83);
insert into acciona values (84, 'bombeiros_de_panel', 84);
insert into acciona values (85, 'municipio_de_lodis', 85);
insert into acciona values (86, 'exercito_de_suwir', 86);
insert into acciona values (87, 'exercito_de_muvat', 87);
insert into acciona values (88, 'policia_de_bafup', 88);
insert into acciona values (89, 'policia_de_katin', 89);
insert into acciona values (90, 'forca aerea_de_parim', 90);
insert into acciona values (91, 'municipio_de_nenom', 91);
insert into acciona values (92, 'policia_de_povib', 92);
insert into acciona values (93, 'forca aerea_de_semiw', 93);
insert into acciona values (94, 'forca aerea_de_pejuq', 94);
insert into acciona values (95, 'bombeiros_de_nuzaz', 95);
insert into acciona values (96, 'bombeiros_de_meyah', 96);
insert into acciona values (97, 'bombeiros_de_joyoq', 97);
insert into acciona values (98, 'policia_de_hujil', 98);
insert into acciona values (99, 'forca aerea_de_dexay', 99);
insert into acciona values (100, 'exercito_de_casok', 100);

insert into coordenador values (1);
insert into coordenador values (2);
insert into coordenador values (3);
insert into coordenador values (4);
insert into coordenador values (5);
insert into coordenador values (6);
insert into coordenador values (7);
insert into coordenador values (8);
insert into coordenador values (9);
insert into coordenador values (10);
insert into coordenador values (11);
insert into coordenador values (12);
insert into coordenador values (13);
insert into coordenador values (14);
insert into coordenador values (15);
insert into coordenador values (16);
insert into coordenador values (17);
insert into coordenador values (18);
insert into coordenador values (19);
insert into coordenador values (20);
insert into coordenador values (21);
insert into coordenador values (22);
insert into coordenador values (23);
insert into coordenador values (24);
insert into coordenador values (25);
insert into coordenador values (26);
insert into coordenador values (27);
insert into coordenador values (28);
insert into coordenador values (29);
insert into coordenador values (30);
insert into coordenador values (31);
insert into coordenador values (32);
insert into coordenador values (33);
insert into coordenador values (34);
insert into coordenador values (35);
insert into coordenador values (36);
insert into coordenador values (37);
insert into coordenador values (38);
insert into coordenador values (39);
insert into coordenador values (40);
insert into coordenador values (41);
insert into coordenador values (42);
insert into coordenador values (43);
insert into coordenador values (44);
insert into coordenador values (45);
insert into coordenador values (46);
insert into coordenador values (47);
insert into coordenador values (48);
insert into coordenador values (49);
insert into coordenador values (50);
insert into coordenador values (51);
insert into coordenador values (52);
insert into coordenador values (53);
insert into coordenador values (54);
insert into coordenador values (55);
insert into coordenador values (56);
insert into coordenador values (57);
insert into coordenador values (58);
insert into coordenador values (59);
insert into coordenador values (60);
insert into coordenador values (61);
insert into coordenador values (62);
insert into coordenador values (63);
insert into coordenador values (64);
insert into coordenador values (65);
insert into coordenador values (66);
insert into coordenador values (67);
insert into coordenador values (68);
insert into coordenador values (69);
insert into coordenador values (70);
insert into coordenador values (71);
insert into coordenador values (72);
insert into coordenador values (73);
insert into coordenador values (74);
insert into coordenador values (75);
insert into coordenador values (76);
insert into coordenador values (77);
insert into coordenador values (78);
insert into coordenador values (79);
insert into coordenador values (80);
insert into coordenador values (81);
insert into coordenador values (82);
insert into coordenador values (83);
insert into coordenador values (84);
insert into coordenador values (85);
insert into coordenador values (86);
insert into coordenador values (87);
insert into coordenador values (88);
insert into coordenador values (89);
insert into coordenador values (90);
insert into coordenador values (91);
insert into coordenador values (92);
insert into coordenador values (93);
insert into coordenador values (94);
insert into coordenador values (95);
insert into coordenador values (96);
insert into coordenador values (97);
insert into coordenador values (98);
insert into coordenador values (99);
insert into coordenador values (100);

insert into audita values (1, 1, 'exercito_de_kawoq', 1, '2018-01-01 19:03:18', '2018-01-02 07:55:13', '2018-01-01','Auditoria do processo 1 que comecou no dia 2018-01-01 19:03:18 e acabou no dia 2018-01-02 07:55:13 da entidade exercito_de_kawoq do Meio de Combate');
insert into audita values (2, 2, 'municipio_de_dosib', 2, '2018-01-04 19:37:16', '2018-01-05 02:20:24', '2018-01-04','Auditoria do processo 2 que comecou no dia 2018-01-04 19:37:16 e acabou no dia 2018-01-05 02:20:24 da entidade municipio_de_dosib do Meio de Combate');
insert into audita values (3, 3, 'policia_de_fiqey', 3, '2018-01-05 03:03:13', '2018-01-06 04:19:25', '2018-01-05','Auditoria do processo 3 que comecou no dia 2018-01-05 03:03:13 e acabou no dia 2018-01-06 04:19:25 da entidade policia_de_fiqey do Meio de Combate');
insert into audita values (4, 4, 'bombeiros_de_tigab', 4, '2018-01-03 08:00:16', '2018-01-03 17:11:21', '2018-01-03','Auditoria do processo 4 que comecou no dia 2018-01-03 08:00:16 e acabou no dia 2018-01-03 17:11:21 da entidade bombeiros_de_tigab do Meio de Socorro');
insert into audita values (5, 5, 'forca aerea_de_gotuz', 5, '2018-01-03 03:52:15', '2018-01-03 13:41:53', '2018-01-03','Auditoria do processo 5 que comecou no dia 2018-01-03 03:52:15 e acabou no dia 2018-01-03 13:41:53 da entidade forca aerea_de_gotuz do Meio de Socorro');
insert into audita values (6, 6, 'municipio_de_bafis', 6, '2018-01-06 23:39:44', '2018-01-07 00:43:08', '2018-01-06','Auditoria do processo 6 que comecou no dia 2018-01-06 23:39:44 e acabou no dia 2018-01-07 00:43:08 da entidade municipio_de_bafis do Meio de Combate');
insert into audita values (7, 7, 'exercito_de_yurig', 7, '2018-01-03 19:58:11', '2018-01-04 23:31:13', '2018-01-03','Auditoria do processo 7 que comecou no dia 2018-01-03 19:58:11 e acabou no dia 2018-01-04 23:31:13 da entidade exercito_de_yurig do Meio de Apoio');
insert into audita values (8, 8, 'municipio_de_picav', 8, '2018-01-06 10:43:41', '2018-01-07 05:01:20', '2018-01-06','Auditoria do processo 8 que comecou no dia 2018-01-06 10:43:41 e acabou no dia 2018-01-07 05:01:20 da entidade municipio_de_picav do Meio de Combate');
insert into audita values (9, 9, 'policia_de_jibol', 9, '2018-01-07 20:56:38', '2018-01-08 01:01:10', '2018-01-07','Auditoria do processo 9 que comecou no dia 2018-01-07 20:56:38 e acabou no dia 2018-01-08 01:01:10 da entidade policia_de_jibol do Meio de Apoio');
insert into audita values (10, 10, 'municipio_de_viqaj', 10, '2018-01-07 20:09:04', '2018-01-07 21:44:25', '2018-01-07','Auditoria do processo 10 que comecou no dia 2018-01-07 20:09:04 e acabou no dia 2018-01-07 21:44:25 da entidade municipio_de_viqaj do Meio de Apoio');
insert into audita values (11, 11, 'forca aerea_de_kunol', 11, '2018-01-05 21:03:09', '2018-01-06 12:33:47', '2018-01-05','Auditoria do processo 11 que comecou no dia 2018-01-05 21:03:09 e acabou no dia 2018-01-06 12:33:47 da entidade forca aerea_de_kunol do Meio de Socorro');
insert into audita values (12, 12, 'bombeiros_de_zoton', 12, '2018-01-05 04:16:29', '2018-01-05 12:55:37', '2018-01-05','Auditoria do processo 12 que comecou no dia 2018-01-05 04:16:29 e acabou no dia 2018-01-05 12:55:37 da entidade bombeiros_de_zoton do Meio de Apoio');
insert into audita values (13, 13, 'exercito_de_xucex', 13, '2018-01-06 15:43:25', '2018-01-08 00:03:04', '2018-01-06','Auditoria do processo 13 que comecou no dia 2018-01-06 15:43:25 e acabou no dia 2018-01-08 00:03:04 da entidade exercito_de_xucex do Meio de Apoio');
insert into audita values (14, 14, 'policia_de_gijos', 14, '2018-01-07 00:42:45', '2018-01-07 10:18:01', '2018-01-07','Auditoria do processo 14 que comecou no dia 2018-01-07 00:42:45 e acabou no dia 2018-01-07 10:18:01 da entidade policia_de_gijos do Meio de Apoio');
insert into audita values (15, 15, 'policia_de_taziv', 15, '2018-01-08 00:24:33', '2018-01-08 21:10:44', '2018-01-08','Auditoria do processo 15 que comecou no dia 2018-01-08 00:24:33 e acabou no dia 2018-01-08 21:10:44 da entidade policia_de_taziv do Meio de Combate');
insert into audita values (16, 16, 'policia_de_sanuk', 16, '2018-01-09 10:12:47', '2018-01-09 19:30:59', '2018-01-09','Auditoria do processo 16 que comecou no dia 2018-01-09 10:12:47 e acabou no dia 2018-01-09 19:30:59 da entidade policia_de_sanuk do Meio de Socorro');
insert into audita values (17, 17, 'forca aerea_de_gomuf', 17, '2018-01-07 17:17:44', '2018-01-08 02:26:29', '2018-01-07','Auditoria do processo 17 que comecou no dia 2018-01-07 17:17:44 e acabou no dia 2018-01-08 02:26:29 da entidade forca aerea_de_gomuf do Meio de Apoio');
insert into audita values (18, 18, 'forca aerea_de_suvuv', 18, '2018-01-10 09:34:55', '2018-01-10 09:51:21', '2018-01-10','Auditoria do processo 18 que comecou no dia 2018-01-10 09:34:55 e acabou no dia 2018-01-10 09:51:21 da entidade forca aerea_de_suvuv do Meio de Socorro');
insert into audita values (19, 19, 'municipio_de_cowur', 19, '2018-01-15 06:02:36', '2018-01-15 12:55:23', '2018-01-15','Auditoria do processo 19 que comecou no dia 2018-01-15 06:02:36 e acabou no dia 2018-01-15 12:55:23 da entidade municipio_de_cowur do Meio de Apoio');
insert into audita values (20, 20, 'exercito_de_juruz', 20, '2018-01-16 15:56:38', '2018-01-17 23:31:49', '2018-01-16','Auditoria do processo 20 que comecou no dia 2018-01-16 15:56:38 e acabou no dia 2018-01-17 23:31:49 da entidade exercito_de_juruz do Meio de Combate');
insert into audita values (21, 21, 'policia_de_yubel', 21, '2018-01-13 11:01:08', '2018-01-13 21:15:03', '2018-01-13','Auditoria do processo 21 que comecou no dia 2018-01-13 11:01:08 e acabou no dia 2018-01-13 21:15:03 da entidade policia_de_yubel do Meio de Combate');
insert into audita values (22, 22, 'bombeiros_de_tonuc', 22, '2018-01-14 17:39:03', '2018-01-16 02:57:48', '2018-01-14','Auditoria do processo 22 que comecou no dia 2018-01-14 17:39:03 e acabou no dia 2018-01-16 02:57:48 da entidade bombeiros_de_tonuc do Meio de Apoio');
insert into audita values (23, 23, 'policia_de_nusis', 23, '2018-01-14 22:30:28', '2018-01-15 07:02:49', '2018-01-14','Auditoria do processo 23 que comecou no dia 2018-01-14 22:30:28 e acabou no dia 2018-01-15 07:02:49 da entidade policia_de_nusis do Meio de Combate');
insert into audita values (24, 24, 'municipio_de_radik', 24, '2018-01-17 04:06:43', '2018-01-17 05:25:38', '2018-01-17','Auditoria do processo 24 que comecou no dia 2018-01-17 04:06:43 e acabou no dia 2018-01-17 05:25:38 da entidade municipio_de_radik do Meio de Apoio');
insert into audita values (25, 25, 'municipio_de_fepik', 25, '2018-01-18 06:43:48', '2018-01-18 17:19:04', '2018-01-18','Auditoria do processo 25 que comecou no dia 2018-01-18 06:43:48 e acabou no dia 2018-01-18 17:19:04 da entidade municipio_de_fepik do Meio de Combate');
insert into audita values (26, 26, 'municipio_de_qebem', 26, '2018-01-19 17:03:36', '2018-01-20 05:11:20', '2018-01-19','Auditoria do processo 26 que comecou no dia 2018-01-19 17:03:36 e acabou no dia 2018-01-20 05:11:20 da entidade municipio_de_qebem do Meio de Apoio');
insert into audita values (27, 27, 'municipio_de_puqaf', 27, '2018-01-17 20:40:51', '2018-01-18 23:16:32', '2018-01-17','Auditoria do processo 27 que comecou no dia 2018-01-17 20:40:51 e acabou no dia 2018-01-18 23:16:32 da entidade municipio_de_puqaf do Meio de Socorro');
insert into audita values (28, 28, 'bombeiros_de_jodox', 28, '2018-01-16 08:33:14', '2018-01-16 21:23:57', '2018-01-16','Auditoria do processo 28 que comecou no dia 2018-01-16 08:33:14 e acabou no dia 2018-01-16 21:23:57 da entidade bombeiros_de_jodox do Meio de Combate');
insert into audita values (29, 29, 'municipio_de_pucav', 29, '2018-01-19 06:01:55', '2018-01-20 06:51:20', '2018-01-19','Auditoria do processo 29 que comecou no dia 2018-01-19 06:01:55 e acabou no dia 2018-01-20 06:51:20 da entidade municipio_de_pucav do Meio de Socorro');
insert into audita values (30, 30, 'municipio_de_qenek', 30, '2018-01-18 19:40:31', '2018-01-19 12:40:29', '2018-01-18','Auditoria do processo 30 que comecou no dia 2018-01-18 19:40:31 e acabou no dia 2018-01-19 12:40:29 da entidade municipio_de_qenek do Meio de Apoio');
insert into audita values (31, 31, 'exercito_de_rojod', 31, '2018-01-14 03:47:49', '2018-01-14 18:01:08', '2018-01-14','Auditoria do processo 31 que comecou no dia 2018-01-14 03:47:49 e acabou no dia 2018-01-14 18:01:08 da entidade exercito_de_rojod do Meio de Combate');
insert into audita values (32, 32, 'municipio_de_nosab', 32, '2018-01-25 12:37:23', '2018-01-25 21:55:57', '2018-01-25','Auditoria do processo 32 que comecou no dia 2018-01-25 12:37:23 e acabou no dia 2018-01-25 21:55:57 da entidade municipio_de_nosab do Meio de Combate');
insert into audita values (33, 33, 'forca aerea_de_helis', 33, '2018-01-25 09:01:54', '2018-01-25 17:08:48', '2018-01-25','Auditoria do processo 33 que comecou no dia 2018-01-25 09:01:54 e acabou no dia 2018-01-25 17:08:48 da entidade forca aerea_de_helis do Meio de Socorro');
insert into audita values (34, 34, 'exercito_de_kazap', 34, '2018-01-25 10:34:53', '2018-01-25 13:06:59', '2018-01-25','Auditoria do processo 34 que comecou no dia 2018-01-25 10:34:53 e acabou no dia 2018-01-25 13:06:59 da entidade exercito_de_kazap do Meio de Socorro');
insert into audita values (35, 35, 'exercito_de_cebit', 35, '2018-01-19 06:12:54', '2018-01-19 12:34:57', '2018-01-19','Auditoria do processo 35 que comecou no dia 2018-01-19 06:12:54 e acabou no dia 2018-01-19 12:34:57 da entidade exercito_de_cebit do Meio de Socorro');
insert into audita values (36, 36, 'policia_de_qehux', 36, '2018-01-23 02:47:44', '2018-01-23 17:37:13', '2018-01-23','Auditoria do processo 36 que comecou no dia 2018-01-23 02:47:44 e acabou no dia 2018-01-23 17:37:13 da entidade policia_de_qehux do Meio de Socorro');
insert into audita values (37, 37, 'bombeiros_de_lezel', 37, '2018-01-24 15:54:40', '2018-01-25 01:31:41', '2018-01-24','Auditoria do processo 37 que comecou no dia 2018-01-24 15:54:40 e acabou no dia 2018-01-25 01:31:41 da entidade bombeiros_de_lezel do Meio de Apoio');
insert into audita values (38, 38, 'exercito_de_mowab', 38, '2018-01-18 23:52:09', '2018-01-19 18:20:49', '2018-01-18','Auditoria do processo 38 que comecou no dia 2018-01-18 23:52:09 e acabou no dia 2018-01-19 18:20:49 da entidade exercito_de_mowab do Meio de Socorro');
insert into audita values (39, 39, 'bombeiros_de_cohul', 39, '2018-01-27 05:56:42', '2018-01-27 23:33:26', '2018-01-27','Auditoria do processo 39 que comecou no dia 2018-01-27 05:56:42 e acabou no dia 2018-01-27 23:33:26 da entidade bombeiros_de_cohul do Meio de Socorro');
insert into audita values (40, 40, 'bombeiros_de_dixor', 40, '2018-01-23 16:11:38', '2018-01-24 12:17:55', '2018-01-23','Auditoria do processo 40 que comecou no dia 2018-01-23 16:11:38 e acabou no dia 2018-01-24 12:17:55 da entidade bombeiros_de_dixor do Meio de Apoio');
insert into audita values (41, 41, 'exercito_de_yedoy', 41, '2018-01-28 18:56:21', '2018-01-28 22:04:15', '2018-01-28','Auditoria do processo 41 que comecou no dia 2018-01-28 18:56:21 e acabou no dia 2018-01-28 22:04:15 da entidade exercito_de_yedoy do Meio de Socorro');
insert into audita values (42, 42, 'policia_de_hadiy', 42, '2018-01-21 06:59:38', '2018-01-23 09:01:42', '2018-01-21','Auditoria do processo 42 que comecou no dia 2018-01-21 06:59:38 e acabou no dia 2018-01-23 09:01:42 da entidade policia_de_hadiy do Meio de Socorro');
insert into audita values (43, 43, 'exercito_de_jozen', 43, '2018-01-31 10:48:39', '2018-01-31 11:15:04', '2018-01-31','Auditoria do processo 43 que comecou no dia 2018-01-31 10:48:39 e acabou no dia 2018-01-31 11:15:04 da entidade exercito_de_jozen do Meio de Socorro');
insert into audita values (44, 44, 'forca aerea_de_joyoy', 44, '2018-01-29 04:00:13', '2018-01-29 05:18:36', '2018-01-29','Auditoria do processo 44 que comecou no dia 2018-01-29 04:00:13 e acabou no dia 2018-01-29 05:18:36 da entidade forca aerea_de_joyoy do Meio de Combate');
insert into audita values (45, 45, 'policia_de_gigiw', 45, '2018-01-27 15:18:24', '2018-01-27 21:40:15', '2018-01-27','Auditoria do processo 45 que comecou no dia 2018-01-27 15:18:24 e acabou no dia 2018-01-27 21:40:15 da entidade policia_de_gigiw do Meio de Socorro');
insert into audita values (46, 46, 'bombeiros_de_rarej', 46, '2018-01-28 19:56:21', '2018-01-30 07:40:20', '2018-01-28','Auditoria do processo 46 que comecou no dia 2018-01-28 19:56:21 e acabou no dia 2018-01-30 07:40:20 da entidade bombeiros_de_rarej do Meio de Combate');
insert into audita values (47, 47, 'policia_de_paqic', 47, '2018-01-24 19:03:46', '2018-01-26 04:18:13', '2018-01-24','Auditoria do processo 47 que comecou no dia 2018-01-24 19:03:46 e acabou no dia 2018-01-26 04:18:13 da entidade policia_de_paqic do Meio de Combate');
insert into audita values (48, 48, 'bombeiros_de_noxig', 48, '2018-02-02 04:26:13', '2018-02-02 12:07:38', '2018-02-02','Auditoria do processo 48 que comecou no dia 2018-02-02 04:26:13 e acabou no dia 2018-02-02 12:07:38 da entidade bombeiros_de_noxig do Meio de Socorro');
insert into audita values (49, 49, 'exercito_de_gowox', 49, '2018-01-31 00:56:10', '2018-01-31 17:23:07', '2018-01-31','Auditoria do processo 49 que comecou no dia 2018-01-31 00:56:10 e acabou no dia 2018-01-31 17:23:07 da entidade exercito_de_gowox do Meio de Apoio');
insert into audita values (50, 50, 'policia_de_nalep', 50, '2018-02-04 19:19:06', '2018-02-05 23:41:18', '2018-02-04','Auditoria do processo 50 que comecou no dia 2018-02-04 19:19:06 e acabou no dia 2018-02-05 23:41:18 da entidade policia_de_nalep do Meio de Apoio');
insert into audita values (51, 51, 'bombeiros_de_mobun', 51, '2018-02-01 21:24:41', '2018-02-02 06:40:48', '2018-02-01','Auditoria do processo 51 que comecou no dia 2018-02-01 21:24:41 e acabou no dia 2018-02-02 06:40:48 da entidade bombeiros_de_mobun do Meio de Combate');
insert into audita values (52, 52, 'forca aerea_de_numet', 52, '2018-02-02 21:51:58', '2018-02-03 11:40:43', '2018-02-02','Auditoria do processo 52 que comecou no dia 2018-02-02 21:51:58 e acabou no dia 2018-02-03 11:40:43 da entidade forca aerea_de_numet do Meio de Combate');
insert into audita values (53, 53, 'exercito_de_qowob', 53, '2018-02-03 05:51:05', '2018-02-04 08:03:51', '2018-02-03','Auditoria do processo 53 que comecou no dia 2018-02-03 05:51:05 e acabou no dia 2018-02-04 08:03:51 da entidade exercito_de_qowob do Meio de Socorro');
insert into audita values (54, 54, 'forca aerea_de_qiwek', 54, '2018-02-05 21:30:45', '2018-02-06 23:09:34', '2018-02-05','Auditoria do processo 54 que comecou no dia 2018-02-05 21:30:45 e acabou no dia 2018-02-06 23:09:34 da entidade forca aerea_de_qiwek do Meio de Apoio');
insert into audita values (55, 55, 'bombeiros_de_loziv', 55, '2018-02-06 03:40:49', '2018-02-07 18:06:40', '2018-02-06','Auditoria do processo 55 que comecou no dia 2018-02-06 03:40:49 e acabou no dia 2018-02-07 18:06:40 da entidade bombeiros_de_loziv do Meio de Socorro');
insert into audita values (56, 56, 'exercito_de_kotuz', 56, '2018-02-05 14:28:19', '2018-02-05 15:46:48', '2018-02-05','Auditoria do processo 56 que comecou no dia 2018-02-05 14:28:19 e acabou no dia 2018-02-05 15:46:48 da entidade exercito_de_kotuz do Meio de Apoio');
insert into audita values (57, 57, 'municipio_de_buhut', 57, '2018-02-03 21:03:40', '2018-02-04 00:12:58', '2018-02-03','Auditoria do processo 57 que comecou no dia 2018-02-03 21:03:40 e acabou no dia 2018-02-04 00:12:58 da entidade municipio_de_buhut do Meio de Socorro');
insert into audita values (58, 58, 'bombeiros_de_hipot', 58, '2018-02-04 19:51:02', '2018-02-04 20:59:16', '2018-02-04','Auditoria do processo 58 que comecou no dia 2018-02-04 19:51:02 e acabou no dia 2018-02-04 20:59:16 da entidade bombeiros_de_hipot do Meio de Socorro');
insert into audita values (59, 59, 'municipio_de_fulix', 59, '2018-02-08 01:23:27', '2018-02-08 22:41:09', '2018-02-08','Auditoria do processo 59 que comecou no dia 2018-02-08 01:23:27 e acabou no dia 2018-02-08 22:41:09 da entidade municipio_de_fulix do Meio de Apoio');
insert into audita values (60, 60, 'forca aerea_de_naqac', 60, '2018-02-02 21:20:11', '2018-02-03 10:18:30', '2018-02-02','Auditoria do processo 60 que comecou no dia 2018-02-02 21:20:11 e acabou no dia 2018-02-03 10:18:30 da entidade forca aerea_de_naqac do Meio de Combate');
insert into audita values (61, 61, 'municipio_de_xojaf', 61, '2018-02-06 05:36:42', '2018-02-06 06:20:49', '2018-02-06','Auditoria do processo 61 que comecou no dia 2018-02-06 05:36:42 e acabou no dia 2018-02-06 06:20:49 da entidade municipio_de_xojaf do Meio de Apoio');
insert into audita values (62, 62, 'exercito_de_famep', 62, '2018-02-07 11:49:33', '2018-02-08 03:23:31', '2018-02-07','Auditoria do processo 62 que comecou no dia 2018-02-07 11:49:33 e acabou no dia 2018-02-08 03:23:31 da entidade exercito_de_famep do Meio de Combate');
insert into audita values (63, 63, 'bombeiros_de_vipov', 63, '2018-02-08 09:01:20', '2018-02-09 22:00:34', '2018-02-08','Auditoria do processo 63 que comecou no dia 2018-02-08 09:01:20 e acabou no dia 2018-02-09 22:00:34 da entidade bombeiros_de_vipov do Meio de Apoio');
insert into audita values (64, 64, 'forca aerea_de_fixex', 64, '2018-02-09 06:00:07', '2018-02-09 18:11:34', '2018-02-09','Auditoria do processo 64 que comecou no dia 2018-02-09 06:00:07 e acabou no dia 2018-02-09 18:11:34 da entidade forca aerea_de_fixex do Meio de Combate');
insert into audita values (65, 65, 'policia_de_jetek', 65, '2018-02-03 14:38:44', '2018-02-04 08:58:42', '2018-02-03','Auditoria do processo 65 que comecou no dia 2018-02-03 14:38:44 e acabou no dia 2018-02-04 08:58:42 da entidade policia_de_jetek do Meio de Combate');
insert into audita values (66, 66, 'exercito_de_muqob', 66, '2018-02-08 16:30:04', '2018-02-09 00:43:36', '2018-02-08','Auditoria do processo 66 que comecou no dia 2018-02-08 16:30:04 e acabou no dia 2018-02-09 00:43:36 da entidade exercito_de_muqob do Meio de Socorro');
insert into audita values (67, 67, 'bombeiros_de_leveh', 67, '2018-02-06 17:37:10', '2018-02-06 19:51:13', '2018-02-06','Auditoria do processo 67 que comecou no dia 2018-02-06 17:37:10 e acabou no dia 2018-02-06 19:51:13 da entidade bombeiros_de_leveh do Meio de Apoio');
insert into audita values (68, 68, 'municipio_de_zubuk', 68, '2018-02-06 20:28:29', '2018-02-07 07:21:49', '2018-02-06','Auditoria do processo 68 que comecou no dia 2018-02-06 20:28:29 e acabou no dia 2018-02-07 07:21:49 da entidade municipio_de_zubuk do Meio de Combate');
insert into audita values (69, 69, 'bombeiros_de_nomuk', 69, '2018-02-06 15:51:00', '2018-02-06 19:24:35', '2018-02-06','Auditoria do processo 69 que comecou no dia 2018-02-06 15:51:00 e acabou no dia 2018-02-06 19:24:35 da entidade bombeiros_de_nomuk do Meio de Apoio');
insert into audita values (70, 70, 'bombeiros_de_nilon', 70, '2018-02-14 06:49:10', '2018-02-14 23:57:06', '2018-02-14','Auditoria do processo 70 que comecou no dia 2018-02-14 06:49:10 e acabou no dia 2018-02-14 23:57:06 da entidade bombeiros_de_nilon do Meio de Combate');
insert into audita values (71, 71, 'forca aerea_de_wutil', 71, '2018-02-13 22:29:34', '2018-02-13 23:03:26', '2018-02-13','Auditoria do processo 71 que comecou no dia 2018-02-13 22:29:34 e acabou no dia 2018-02-13 23:03:26 da entidade forca aerea_de_wutil do Meio de Apoio');
insert into audita values (72, 72, 'municipio_de_nelos', 72, '2018-02-17 00:35:55', '2018-02-17 16:26:13', '2018-02-17','Auditoria do processo 72 que comecou no dia 2018-02-17 00:35:55 e acabou no dia 2018-02-17 16:26:13 da entidade municipio_de_nelos do Meio de Combate');
insert into audita values (73, 73, 'municipio_de_kohil', 73, '2018-02-13 03:41:23', '2018-02-13 05:01:31', '2018-02-13','Auditoria do processo 73 que comecou no dia 2018-02-13 03:41:23 e acabou no dia 2018-02-13 05:01:31 da entidade municipio_de_kohil do Meio de Socorro');
insert into audita values (74, 74, 'forca aerea_de_najas', 74, '2018-02-09 12:03:54', '2018-02-09 18:53:37', '2018-02-09','Auditoria do processo 74 que comecou no dia 2018-02-09 12:03:54 e acabou no dia 2018-02-09 18:53:37 da entidade forca aerea_de_najas do Meio de Combate');
insert into audita values (75, 75, 'policia_de_zolig', 75, '2018-02-11 09:44:53', '2018-02-11 15:24:50', '2018-02-11','Auditoria do processo 75 que comecou no dia 2018-02-11 09:44:53 e acabou no dia 2018-02-11 15:24:50 da entidade policia_de_zolig do Meio de Socorro');
insert into audita values (76, 76, 'forca aerea_de_doyup', 76, '2018-02-17 07:09:10', '2018-02-17 21:22:26', '2018-02-17','Auditoria do processo 76 que comecou no dia 2018-02-17 07:09:10 e acabou no dia 2018-02-17 21:22:26 da entidade forca aerea_de_doyup do Meio de Apoio');
insert into audita values (77, 77, 'forca aerea_de_vusez', 77, '2018-02-16 15:56:24', '2018-02-17 11:37:48', '2018-02-16','Auditoria do processo 77 que comecou no dia 2018-02-16 15:56:24 e acabou no dia 2018-02-17 11:37:48 da entidade forca aerea_de_vusez do Meio de Apoio');
insert into audita values (78, 78, 'exercito_de_pemaj', 78, '2018-02-17 13:24:16', '2018-02-18 11:52:31', '2018-02-17','Auditoria do processo 78 que comecou no dia 2018-02-17 13:24:16 e acabou no dia 2018-02-18 11:52:31 da entidade exercito_de_pemaj do Meio de Combate');
insert into audita values (79, 79, 'bombeiros_de_pigoy', 79, '2018-02-18 11:23:50', '2018-02-20 02:20:05', '2018-02-18','Auditoria do processo 79 que comecou no dia 2018-02-18 11:23:50 e acabou no dia 2018-02-20 02:20:05 da entidade bombeiros_de_pigoy do Meio de Socorro');
insert into audita values (80, 80, 'exercito_de_luyon', 80, '2018-02-16 23:16:19', '2018-02-18 07:49:15', '2018-02-16','Auditoria do processo 80 que comecou no dia 2018-02-16 23:16:19 e acabou no dia 2018-02-18 07:49:15 da entidade exercito_de_luyon do Meio de Apoio');
insert into audita values (81, 81, 'forca aerea_de_dosic', 81, '2018-02-20 22:53:32', '2018-02-21 11:55:25', '2018-02-20','Auditoria do processo 81 que comecou no dia 2018-02-20 22:53:32 e acabou no dia 2018-02-21 11:55:25 da entidade forca aerea_de_dosic do Meio de Socorro');
insert into audita values (82, 82, 'forca aerea_de_xekos', 82, '2018-02-17 07:41:55', '2018-02-18 18:43:13', '2018-02-17','Auditoria do processo 82 que comecou no dia 2018-02-17 07:41:55 e acabou no dia 2018-02-18 18:43:13 da entidade forca aerea_de_xekos do Meio de Socorro');
insert into audita values (83, 83, 'policia_de_lizud', 83, '2018-02-20 02:22:42', '2018-02-20 12:59:36', '2018-02-20','Auditoria do processo 83 que comecou no dia 2018-02-20 02:22:42 e acabou no dia 2018-02-20 12:59:36 da entidade policia_de_lizud do Meio de Combate');
insert into audita values (84, 84, 'bombeiros_de_panel', 84, '2018-02-20 07:45:12', '2018-02-20 20:39:48', '2018-02-20','Auditoria do processo 84 que comecou no dia 2018-02-20 07:45:12 e acabou no dia 2018-02-20 20:39:48 da entidade bombeiros_de_panel do Meio de Combate');
insert into audita values (85, 85, 'municipio_de_lodis', 85, '2018-02-21 15:46:26', '2018-02-22 02:57:24', '2018-02-21','Auditoria do processo 85 que comecou no dia 2018-02-21 15:46:26 e acabou no dia 2018-02-22 02:57:24 da entidade municipio_de_lodis do Meio de Socorro');
insert into audita values (86, 86, 'exercito_de_suwir', 86, '2018-02-20 22:28:04', '2018-02-21 11:29:26', '2018-02-20','Auditoria do processo 86 que comecou no dia 2018-02-20 22:28:04 e acabou no dia 2018-02-21 11:29:26 da entidade exercito_de_suwir do Meio de Socorro');
insert into audita values (87, 87, 'exercito_de_muvat', 87, '2018-02-21 15:14:03', '2018-02-22 06:08:21', '2018-02-21','Auditoria do processo 87 que comecou no dia 2018-02-21 15:14:03 e acabou no dia 2018-02-22 06:08:21 da entidade exercito_de_muvat do Meio de Socorro');
insert into audita values (88, 88, 'policia_de_bafup', 88, '2018-02-21 20:47:54', '2018-02-22 22:46:13', '2018-02-21','Auditoria do processo 88 que comecou no dia 2018-02-21 20:47:54 e acabou no dia 2018-02-22 22:46:13 da entidade policia_de_bafup do Meio de Apoio');
insert into audita values (89, 89, 'policia_de_katin', 89, '2018-02-22 08:18:12', '2018-02-22 19:48:51', '2018-02-22','Auditoria do processo 89 que comecou no dia 2018-02-22 08:18:12 e acabou no dia 2018-02-22 19:48:51 da entidade policia_de_katin do Meio de Apoio');
insert into audita values (90, 90, 'forca aerea_de_parim', 90, '2018-02-21 19:19:49', '2018-02-22 01:37:46', '2018-02-21','Auditoria do processo 90 que comecou no dia 2018-02-21 19:19:49 e acabou no dia 2018-02-22 01:37:46 da entidade forca aerea_de_parim do Meio de Combate');
insert into audita values (91, 91, 'municipio_de_nenom', 91, '2018-02-26 12:49:29', '2018-02-26 21:51:01', '2018-02-26','Auditoria do processo 91 que comecou no dia 2018-02-26 12:49:29 e acabou no dia 2018-02-26 21:51:01 da entidade municipio_de_nenom do Meio de Combate');
insert into audita values (92, 92, 'policia_de_povib', 92, '2018-02-23 16:41:22', '2018-02-23 18:46:10', '2018-02-23','Auditoria do processo 92 que comecou no dia 2018-02-23 16:41:22 e acabou no dia 2018-02-23 18:46:10 da entidade policia_de_povib do Meio de Socorro');
insert into audita values (93, 93, 'forca aerea_de_semiw', 93, '2018-02-25 22:48:00', '2018-02-26 09:17:05', '2018-02-25','Auditoria do processo 93 que comecou no dia 2018-02-25 22:48:00 e acabou no dia 2018-02-26 09:17:05 da entidade forca aerea_de_semiw do Meio de Combate');
insert into audita values (94, 94, 'forca aerea_de_pejuq', 94, '2018-02-25 07:49:34', '2018-02-25 20:23:52', '2018-02-25','Auditoria do processo 94 que comecou no dia 2018-02-25 07:49:34 e acabou no dia 2018-02-25 20:23:52 da entidade forca aerea_de_pejuq do Meio de Socorro');
insert into audita values (95, 95, 'bombeiros_de_nuzaz', 95, '2018-02-23 10:23:51', '2018-02-24 09:06:01', '2018-02-23','Auditoria do processo 95 que comecou no dia 2018-02-23 10:23:51 e acabou no dia 2018-02-24 09:06:01 da entidade bombeiros_de_nuzaz do Meio de Socorro');
insert into audita values (96, 96, 'bombeiros_de_meyah', 96, '2018-02-26 00:48:24', '2018-02-26 05:33:44', '2018-02-26','Auditoria do processo 96 que comecou no dia 2018-02-26 00:48:24 e acabou no dia 2018-02-26 05:33:44 da entidade bombeiros_de_meyah do Meio de Combate');
insert into audita values (97, 97, 'bombeiros_de_joyoq', 97, '2018-02-26 07:05:42', '2018-02-27 01:27:31', '2018-02-26','Auditoria do processo 97 que comecou no dia 2018-02-26 07:05:42 e acabou no dia 2018-02-27 01:27:31 da entidade bombeiros_de_joyoq do Meio de Combate');
insert into audita values (98, 98, 'policia_de_hujil', 98, '2018-02-27 14:47:10', '2018-02-27 23:47:14', '2018-02-27','Auditoria do processo 98 que comecou no dia 2018-02-27 14:47:10 e acabou no dia 2018-02-27 23:47:14 da entidade policia_de_hujil do Meio de Apoio');
insert into audita values (99, 99, 'forca aerea_de_dexay', 99, '2018-02-28 13:33:40', '2018-02-28 15:54:27', '2018-02-28','Auditoria do processo 99 que comecou no dia 2018-02-28 13:33:40 e acabou no dia 2018-02-28 15:54:27 da entidade forca aerea_de_dexay do Meio de Socorro');
insert into audita values (100, 100, 'exercito_de_casok', 100, '2018-03-01 08:11:09', '2018-03-02 06:01:16', '2018-03-01','Auditoria do processo 100 que comecou no dia 2018-03-01 08:11:09 e acabou no dia 2018-03-02 06:01:16 da entidade exercito_de_casok do Meio de Combate');

insert into solicita values (1, '2018-01-20 15:35:15', 1, '2017-02-02 08:03:37', '2017-02-02 15:31:56');
insert into solicita values (2, '2018-01-20 15:43:08', 2, '2017-02-02 06:18:57', '2017-02-02 21:08:40');
insert into solicita values (3, '2018-01-20 16:58:17', 3, '2017-02-02 19:25:50', '2017-02-02 22:38:18');
insert into solicita values (4, '2018-01-20 21:17:22', 4, '2017-02-01 22:19:10', '2017-02-02 11:02:10');
insert into solicita values (5, '2018-01-20 21:37:21', 5, '2017-02-03 09:48:25', '2017-02-03 11:20:15');
insert into solicita values (6, '2018-01-21 03:30:03', 6, '2017-02-04 10:54:07', '2017-02-04 11:40:17');
insert into solicita values (7, '2018-01-21 04:43:58', 7, '2017-02-04 18:58:12', '2017-02-04 19:16:10');
insert into solicita values (8, '2018-01-21 04:49:00', 8, '2017-02-02 22:06:31', '2017-02-03 04:32:12');
insert into solicita values (9, '2018-01-21 07:07:11', 9, '2017-02-05 11:21:06', '2017-02-05 17:36:42');
insert into solicita values (10, '2018-01-21 11:50:54', 10, '2017-02-04 09:50:11', '2017-02-04 14:06:46');
insert into solicita values (11, '2018-01-21 13:18:47', 11, '2017-02-04 12:08:11', '2017-02-04 13:17:17');
insert into solicita values (12, '2018-01-21 18:45:33', 12, '2017-02-03 21:08:23', '2017-02-04 08:44:04');
insert into solicita values (13, '2018-01-21 22:19:40', 13, '2017-02-05 23:48:18', '2017-02-06 15:21:27');
insert into solicita values (14, '2018-01-21 22:52:49', 14, '2017-02-03 17:19:42', '2017-02-04 02:55:27');
insert into solicita values (15, '2018-01-22 02:04:24', 15, '2017-02-04 04:20:42', '2017-02-04 11:12:02');
insert into solicita values (16, '2018-01-22 03:13:18', 16, '2017-02-06 21:32:51', '2017-02-06 22:55:35');
insert into solicita values (17, '2018-01-22 05:12:16', 17, '2017-02-04 19:37:02', '2017-02-05 03:30:57');
insert into solicita values (18, '2018-01-22 07:30:46', 18, '2017-02-06 01:26:53', '2017-02-06 01:44:34');
insert into solicita values (19, '2018-01-22 07:38:58', 19, '2017-02-07 01:17:10', '2017-02-07 14:23:06');
insert into solicita values (20, '2018-01-22 08:09:36', 20, '2017-02-08 09:01:56', '2017-02-08 10:25:47');
insert into solicita values (21, '2018-01-22 09:53:44', 21, '2017-02-07 02:16:40', '2017-02-07 08:26:56');
insert into solicita values (22, '2018-01-22 11:56:48', 22, '2017-02-07 15:01:49', '2017-02-07 17:46:15');
insert into solicita values (23, '2018-01-22 13:53:16', 23, '2017-02-07 05:25:19', '2017-02-07 10:38:13');
insert into solicita values (24, '2018-01-22 17:17:18', 24, '2017-02-09 05:49:13', '2017-02-09 07:42:52');
insert into solicita values (25, '2018-01-22 21:58:34', 25, '2017-02-06 18:56:54', '2017-02-06 19:57:01');
insert into solicita values (26, '2018-01-22 22:28:18', 26, '2017-02-08 18:32:20', '2017-02-08 23:27:36');
insert into solicita values (27, '2018-01-23 00:58:42', 27, '2017-02-08 06:10:38', '2017-02-08 06:40:09');
insert into solicita values (28, '2018-01-23 01:42:18', 28, '2017-02-09 12:26:02', '2017-02-09 21:25:41');
insert into solicita values (29, '2018-01-23 08:21:14', 29, '2017-02-11 01:50:52', '2017-02-11 02:32:20');
insert into solicita values (30, '2018-01-23 08:26:22', 30, '2017-02-10 08:14:14', '2017-02-10 08:46:20');
insert into solicita values (31, '2018-01-23 08:35:47', 31, '2017-02-10 09:50:01', '2017-02-10 14:20:33');
insert into solicita values (32, '2018-01-23 09:27:38', 32, '2017-02-10 17:28:50', '2017-02-10 18:42:46');
insert into solicita values (33, '2018-01-23 10:49:13', 33, '2017-02-10 17:30:55', '2017-02-10 22:23:10');
insert into solicita values (34, '2018-01-23 15:38:37', 34, '2017-02-12 03:46:53', '2017-02-12 04:44:50');
insert into solicita values (35, '2018-01-23 15:40:58', 35, '2017-02-12 05:35:24', '2017-02-12 22:13:25');
insert into solicita values (36, '2018-01-23 19:21:25', 36, '2017-02-10 05:05:25', '2017-02-10 12:35:44');
insert into solicita values (37, '2018-01-23 22:31:27', 37, '2017-02-11 05:53:35', '2017-02-11 21:55:43');
insert into solicita values (38, '2018-01-23 23:33:49', 38, '2017-02-13 16:19:02', '2017-02-14 01:40:51');
insert into solicita values (39, '2018-01-24 04:10:58', 39, '2017-02-13 01:25:18', '2017-02-13 03:05:22');
insert into solicita values (40, '2018-01-24 05:07:44', 40, '2017-02-10 03:58:18', '2017-02-10 11:55:33');
insert into solicita values (41, '2018-01-24 05:22:52', 41, '2017-02-14 08:06:24', '2017-02-14 10:32:39');
insert into solicita values (42, '2018-01-24 06:48:30', 42, '2017-02-14 12:40:51', '2017-02-14 16:18:36');
insert into solicita values (43, '2018-01-24 07:43:42', 43, '2017-02-11 17:31:55', '2017-02-11 18:18:24');
insert into solicita values (44, '2018-01-24 08:54:27', 44, '2017-02-14 15:30:36', '2017-02-15 02:58:25');
insert into solicita values (45, '2018-01-24 10:08:00', 45, '2017-02-14 11:00:11', '2017-02-14 16:48:59');
insert into solicita values (46, '2018-01-24 11:25:12', 46, '2017-02-12 12:13:16', '2017-02-12 20:46:44');
insert into solicita values (47, '2018-01-24 12:22:42', 47, '2017-02-14 08:59:04', '2017-02-14 09:48:34');
insert into solicita values (48, '2018-01-24 13:13:39', 48, '2017-02-15 13:37:39', '2017-02-15 21:53:07');
insert into solicita values (49, '2018-01-24 13:34:26', 49, '2017-02-16 04:52:34', '2017-02-16 06:25:09');
insert into solicita values (50, '2018-01-24 16:18:45', 50, '2017-02-16 02:41:31', '2017-02-16 10:19:09');
insert into solicita values (51, '2018-01-24 16:54:05', 51, '2017-02-17 09:12:32', '2017-02-18 12:23:02');
insert into solicita values (52, '2018-01-24 19:25:01', 52, '2017-02-13 23:21:47', '2017-02-14 11:14:15');
insert into solicita values (53, '2018-01-24 20:41:16', 53, '2017-02-15 10:20:40', '2017-02-16 01:31:27');
insert into solicita values (54, '2018-01-24 22:37:57', 54, '2017-02-18 18:44:09', '2017-02-19 01:28:32');
insert into solicita values (55, '2018-01-25 00:05:19', 55, '2017-02-17 13:07:51', '2017-02-17 15:54:45');
insert into solicita values (56, '2018-01-25 00:21:18', 56, '2017-02-15 12:17:32', '2017-02-16 06:59:46');
insert into solicita values (57, '2018-01-25 02:05:08', 57, '2017-02-19 03:18:45', '2017-02-19 05:43:39');
insert into solicita values (58, '2018-01-25 04:04:46', 58, '2017-02-17 03:33:08', '2017-02-17 16:54:12');
insert into solicita values (59, '2018-01-25 12:17:31', 59, '2017-02-18 04:05:15', '2017-02-19 02:15:55');
insert into solicita values (60, '2018-01-25 16:06:47', 60, '2017-02-16 15:03:12', '2017-02-16 16:20:42');
insert into solicita values (61, '2018-01-25 18:05:39', 61, '2017-02-16 13:25:56', '2017-02-17 02:23:10');
insert into solicita values (62, '2018-01-25 19:47:41', 62, '2017-02-18 21:52:58', '2017-02-18 22:06:11');
insert into solicita values (63, '2018-01-26 01:40:38', 63, '2017-02-19 03:11:40', '2017-02-19 03:33:46');
insert into solicita values (64, '2018-01-26 04:55:08', 64, '2017-02-20 20:14:43', '2017-02-21 00:55:20');
insert into solicita values (65, '2018-01-26 07:25:50', 65, '2017-02-18 16:03:13', '2017-02-18 18:56:58');
insert into solicita values (66, '2018-01-26 08:42:14', 66, '2017-02-20 22:19:51', '2017-02-21 07:07:05');
insert into solicita values (67, '2018-01-26 11:58:50', 67, '2017-02-19 10:44:43', '2017-02-19 15:32:24');
insert into solicita values (68, '2018-01-26 16:19:21', 68, '2017-02-21 20:06:09', '2017-02-22 02:18:35');
insert into solicita values (69, '2018-01-26 17:20:00', 69, '2017-02-22 04:33:34', '2017-02-22 11:48:43');
insert into solicita values (70, '2018-01-26 17:46:48', 70, '2017-02-22 17:50:04', '2017-02-23 02:53:57');
insert into solicita values (71, '2018-01-26 18:04:08', 71, '2017-02-20 06:22:29', '2017-02-20 06:34:09');
insert into solicita values (72, '2018-01-26 18:29:23', 72, '2017-02-20 15:08:04', '2017-02-21 00:59:15');
insert into solicita values (73, '2018-01-26 21:33:38', 73, '2017-02-20 08:59:11', '2017-02-20 12:55:25');
insert into solicita values (74, '2018-01-26 23:06:30', 74, '2017-02-23 11:21:53', '2017-02-23 16:40:40');
insert into solicita values (75, '2018-01-26 23:34:32', 75, '2017-02-23 05:55:31', '2017-02-23 12:10:49');
insert into solicita values (76, '2018-01-27 02:08:01', 76, '2017-02-22 05:50:15', '2017-02-22 19:25:43');
insert into solicita values (77, '2018-01-27 02:57:50', 77, '2017-02-23 12:26:17', '2017-02-23 23:18:00');
insert into solicita values (78, '2018-01-27 06:29:57', 78, '2017-02-20 23:20:03', '2017-02-21 06:01:23');
insert into solicita values (79, '2018-01-27 07:31:10', 79, '2017-02-23 10:36:02', '2017-02-23 14:33:02');
insert into solicita values (80, '2018-01-27 13:04:21', 80, '2017-02-22 02:28:48', '2017-02-22 04:51:01');
insert into solicita values (81, '2018-01-27 13:15:53', 81, '2017-02-25 23:18:30', '2017-02-26 05:59:57');
insert into solicita values (82, '2018-01-27 15:11:42', 82, '2017-02-24 06:22:39', '2017-02-24 08:51:44');
insert into solicita values (83, '2018-01-27 16:06:30', 83, '2017-02-25 09:07:37', '2017-02-25 10:24:21');
insert into solicita values (84, '2018-01-27 19:31:43', 84, '2017-02-25 14:54:47', '2017-02-25 18:27:10');
insert into solicita values (85, '2018-01-27 20:19:53', 85, '2017-02-26 21:49:32', '2017-02-26 22:44:59');
insert into solicita values (86, '2018-01-28 01:31:53', 86, '2017-02-26 23:46:14', '2017-02-27 02:22:34');
insert into solicita values (87, '2018-01-28 02:57:53', 87, '2017-02-25 02:59:53', '2017-02-26 09:56:55');
insert into solicita values (88, '2018-01-28 05:05:15', 88, '2017-02-26 13:05:06', '2017-02-26 16:39:37');
insert into solicita values (89, '2018-01-28 09:03:56', 89, '2017-02-27 06:46:11', '2017-02-27 10:36:28');
insert into solicita values (90, '2018-01-28 16:08:09', 90, '2017-02-27 16:03:27', '2017-02-27 16:31:27');
insert into solicita values (91, '2018-01-29 06:55:37', 91, '2017-02-27 11:08:44', '2017-02-27 15:04:19');
insert into solicita values (92, '2018-01-29 08:59:43', 92, '2017-02-27 03:10:02', '2017-02-27 03:45:37');
insert into solicita values (93, '2018-01-29 12:05:09', 93, '2017-02-27 05:02:31', '2017-02-27 17:22:32');
insert into solicita values (94, '2018-01-29 14:05:58', 94, '2017-02-28 13:26:00', '2017-02-28 13:30:06');
insert into solicita values (95, '2018-01-29 14:35:28', 95, '2017-02-27 23:17:53', '2017-02-28 01:11:27');
insert into solicita values (96, '2018-01-29 19:57:22', 96, '2017-03-01 03:49:17', '2017-03-01 06:55:16');
insert into solicita values (97, '2018-01-29 20:46:54', 97, '2017-03-01 18:26:43', '2017-03-02 04:49:52');
insert into solicita values (98, '2018-01-29 21:31:32', 98, '2017-02-28 11:29:18', '2017-02-28 12:38:54');
insert into solicita values (99, '2018-01-29 22:07:01', 99, '2017-03-01 11:00:39', '2017-03-01 12:32:49');
insert into solicita values (100, '2018-01-30 01:15:34', 100, '2017-03-01 21:50:56', '2017-03-02 01:55:31');

