insert into camara values (1);
insert into camara values (2);
insert into camara values (3);
insert into camara values (4);
insert into camara values (5);
insert into camara values (6);
insert into camara values (7);
insert into camara values (8);
insert into camara values (9);
insert into camara values (10);
insert into camara values (11);
insert into camara values (12);
insert into camara values (13);
insert into camara values (14);
insert into camara values (15);
insert into camara values (16);
insert into camara values (17);
insert into camara values (18);
insert into camara values (19);
insert into camara values (20);
insert into camara values (21);
insert into camara values (22);
insert into camara values (23);
insert into camara values (24);
insert into camara values (25);
insert into camara values (26);
insert into camara values (27);
insert into camara values (28);
insert into camara values (29);
insert into camara values (30);
insert into camara values (31);
insert into camara values (32);
insert into camara values (33);
insert into camara values (34);
insert into camara values (35);
insert into camara values (36);
insert into camara values (37);
insert into camara values (38);
insert into camara values (39);
insert into camara values (40);
insert into camara values (41);
insert into camara values (42);
insert into camara values (43);
insert into camara values (44);
insert into camara values (45);
insert into camara values (46);
insert into camara values (47);
insert into camara values (48);
insert into camara values (49);
insert into camara values (50);
insert into camara values (51);
insert into camara values (52);
insert into camara values (53);
insert into camara values (54);
insert into camara values (55);
insert into camara values (56);
insert into camara values (57);
insert into camara values (58);
insert into camara values (59);
insert into camara values (60);
insert into camara values (61);
insert into camara values (62);
insert into camara values (63);
insert into camara values (64);
insert into camara values (65);
insert into camara values (66);
insert into camara values (67);
insert into camara values (68);
insert into camara values (69);
insert into camara values (70);
insert into camara values (71);
insert into camara values (72);
insert into camara values (73);
insert into camara values (74);
insert into camara values (75);
insert into camara values (76);
insert into camara values (77);
insert into camara values (78);
insert into camara values (79);
insert into camara values (80);
insert into camara values (81);
insert into camara values (82);
insert into camara values (83);
insert into camara values (84);
insert into camara values (85);
insert into camara values (86);
insert into camara values (87);
insert into camara values (88);
insert into camara values (89);
insert into camara values (90);
insert into camara values (91);
insert into camara values (92);
insert into camara values (93);
insert into camara values (94);
insert into camara values (95);
insert into camara values (96);
insert into camara values (97);
insert into camara values (98);
insert into camara values (99);
insert into camara values (100);

insert into video values ('2018-01-20 17:41:14', '2018-01-21 00:43:44', 1);
insert into video values ('2018-01-21 00:43:44', '2018-01-21 05:44:40', 2);
insert into video values ('2018-01-21 05:44:40', '2018-01-21 06:40:04', 3);
insert into video values ('2018-01-21 06:40:04', '2018-01-21 11:33:55', 4);
insert into video values ('2018-01-21 11:33:55', '2018-01-21 11:45:51', 5);
insert into video values ('2018-01-21 11:45:51', '2018-01-21 13:17:20', 6);
insert into video values ('2018-01-21 13:17:20', '2018-01-21 15:04:02', 7);
insert into video values ('2018-01-21 15:04:02', '2018-01-21 16:41:03', 8);
insert into video values ('2018-01-21 16:41:03', '2018-01-21 16:41:16', 9);
insert into video values ('2018-01-21 16:41:16', '2018-01-21 20:13:08', 10);
insert into video values ('2018-01-21 20:13:08', '2018-01-22 00:18:34', 11);
insert into video values ('2018-01-22 00:18:34', '2018-01-22 01:15:43', 12);
insert into video values ('2018-01-22 01:15:43', '2018-01-22 04:28:45', 13);
insert into video values ('2018-01-22 04:28:45', '2018-01-22 05:26:33', 14);
insert into video values ('2018-01-22 05:26:33', '2018-01-22 10:00:50', 15);
insert into video values ('2018-01-22 10:00:50', '2018-01-22 21:08:55', 16);
insert into video values ('2018-01-22 21:08:55', '2018-01-22 21:58:34', 17);
insert into video values ('2018-01-22 21:58:34', '2018-01-22 22:28:19', 18);
insert into video values ('2018-01-22 22:28:19', '2018-01-23 00:43:38', 19);
insert into video values ('2018-01-23 00:43:38', '2018-01-23 02:18:09', 20);
insert into video values ('2018-01-23 02:18:09', '2018-01-23 07:29:59', 21);
insert into video values ('2018-01-23 07:29:59', '2018-01-23 07:35:12', 22);
insert into video values ('2018-01-23 07:35:12', '2018-01-23 07:35:39', 23);
insert into video values ('2018-01-23 07:35:39', '2018-01-23 13:15:42', 24);
insert into video values ('2018-01-23 13:15:42', '2018-01-23 15:14:50', 25);
insert into video values ('2018-01-23 15:14:50', '2018-01-23 15:55:33', 26);
insert into video values ('2018-01-23 15:55:33', '2018-01-23 19:21:53', 27);
insert into video values ('2018-01-23 19:21:53', '2018-01-23 22:15:42', 28);
insert into video values ('2018-01-23 22:15:42', '2018-01-23 23:54:28', 29);
insert into video values ('2018-01-23 23:54:28', '2018-01-24 01:17:29', 30);
insert into video values ('2018-01-24 01:17:29', '2018-01-24 02:01:19', 31);
insert into video values ('2018-01-24 02:01:19', '2018-01-24 02:04:06', 32);
insert into video values ('2018-01-24 02:04:06', '2018-01-24 03:07:51', 33);
insert into video values ('2018-01-24 03:07:51', '2018-01-24 05:46:31', 34);
insert into video values ('2018-01-24 05:46:31', '2018-01-24 06:57:30', 35);
insert into video values ('2018-01-24 06:57:30', '2018-01-24 13:42:12', 36);
insert into video values ('2018-01-24 13:42:12', '2018-01-24 14:12:48', 37);
insert into video values ('2018-01-24 14:12:48', '2018-01-24 15:22:54', 38);
insert into video values ('2018-01-24 15:22:54', '2018-01-24 19:44:34', 39);
insert into video values ('2018-01-24 19:44:34', '2018-01-24 21:59:57', 40);
insert into video values ('2018-01-24 21:59:57', '2018-01-24 22:31:11', 41);
insert into video values ('2018-01-24 22:31:11', '2018-01-25 00:02:27', 42);
insert into video values ('2018-01-25 00:02:27', '2018-01-25 03:27:11', 43);
insert into video values ('2018-01-25 03:27:11', '2018-01-25 04:47:15', 44);
insert into video values ('2018-01-25 04:47:15', '2018-01-25 05:02:20', 45);
insert into video values ('2018-01-25 05:02:20', '2018-01-25 07:21:24', 46);
insert into video values ('2018-01-25 07:21:24', '2018-01-25 10:35:46', 47);
insert into video values ('2018-01-25 10:35:46', '2018-01-25 13:29:36', 48);
insert into video values ('2018-01-25 13:29:36', '2018-01-25 15:34:42', 49);
insert into video values ('2018-01-25 15:34:42', '2018-01-25 16:46:04', 50);
insert into video values ('2018-01-25 16:46:04', '2018-01-25 19:00:48', 51);
insert into video values ('2018-01-25 19:00:48', '2018-01-25 22:47:26', 52);
insert into video values ('2018-01-25 22:47:26', '2018-01-25 22:55:07', 53);
insert into video values ('2018-01-25 22:55:07', '2018-01-25 23:10:10', 54);
insert into video values ('2018-01-25 23:10:10', '2018-01-25 23:25:06', 55);
insert into video values ('2018-01-25 23:25:06', '2018-01-26 08:44:54', 56);
insert into video values ('2018-01-26 08:44:54', '2018-01-26 14:10:43', 57);
insert into video values ('2018-01-26 14:10:43', '2018-01-26 14:25:27', 58);
insert into video values ('2018-01-26 14:25:27', '2018-01-26 19:35:48', 59);
insert into video values ('2018-01-26 19:35:48', '2018-01-26 19:48:49', 60);
insert into video values ('2018-01-26 19:48:49', '2018-01-26 20:22:28', 61);
insert into video values ('2018-01-26 20:22:28', '2018-01-26 22:44:51', 62);
insert into video values ('2018-01-26 22:44:51', '2018-01-26 22:47:01', 63);
insert into video values ('2018-01-26 22:47:01', '2018-01-27 00:15:13', 64);
insert into video values ('2018-01-27 00:15:13', '2018-01-27 01:47:16', 65);
insert into video values ('2018-01-27 01:47:16', '2018-01-27 07:24:42', 66);
insert into video values ('2018-01-27 07:24:42', '2018-01-27 08:14:34', 67);
insert into video values ('2018-01-27 08:14:34', '2018-01-27 08:38:01', 68);
insert into video values ('2018-01-27 08:38:01', '2018-01-27 09:52:34', 69);
insert into video values ('2018-01-27 09:52:34', '2018-01-27 11:18:10', 70);
insert into video values ('2018-01-27 11:18:10', '2018-01-27 12:09:06', 71);
insert into video values ('2018-01-27 12:09:06', '2018-01-27 16:45:28', 72);
insert into video values ('2018-01-27 16:45:28', '2018-01-27 19:22:31', 73);
insert into video values ('2018-01-27 19:22:31', '2018-01-27 21:13:27', 74);
insert into video values ('2018-01-27 21:13:27', '2018-01-27 22:41:03', 75);
insert into video values ('2018-01-27 22:41:03', '2018-01-28 02:00:13', 76);
insert into video values ('2018-01-28 02:00:13', '2018-01-28 03:32:13', 77);
insert into video values ('2018-01-28 03:32:13', '2018-01-28 11:26:40', 78);
insert into video values ('2018-01-28 11:26:40', '2018-01-28 14:09:23', 79);
insert into video values ('2018-01-28 14:09:23', '2018-01-28 17:52:38', 80);
insert into video values ('2018-01-28 17:52:38', '2018-01-28 19:58:32', 81);
insert into video values ('2018-01-28 19:58:32', '2018-01-28 20:49:55', 82);
insert into video values ('2018-01-28 20:49:55', '2018-01-28 22:49:55', 83);
insert into video values ('2018-01-28 22:49:55', '2018-01-28 23:08:18', 84);
insert into video values ('2018-01-28 23:08:18', '2018-01-28 23:19:40', 85);
insert into video values ('2018-01-28 23:19:40', '2018-01-28 23:43:42', 86);
insert into video values ('2018-01-28 23:43:42', '2018-01-29 02:48:49', 87);
insert into video values ('2018-01-29 02:48:49', '2018-01-29 04:13:50', 88);
insert into video values ('2018-01-29 04:13:50', '2018-01-29 11:41:46', 89);
insert into video values ('2018-01-29 11:41:46', '2018-01-29 12:15:04', 90);
insert into video values ('2018-01-29 12:15:04', '2018-01-29 13:06:56', 91);
insert into video values ('2018-01-29 13:06:56', '2018-01-29 14:17:59', 92);
insert into video values ('2018-01-29 14:17:59', '2018-01-29 14:33:58', 93);
insert into video values ('2018-01-29 14:33:58', '2018-01-29 15:29:00', 94);
insert into video values ('2018-01-29 15:29:00', '2018-01-29 18:48:51', 95);
insert into video values ('2018-01-29 18:48:51', '2018-01-30 02:40:41', 96);
insert into video values ('2018-01-30 02:40:41', '2018-01-30 02:58:42', 97);
insert into video values ('2018-01-30 02:58:42', '2018-01-30 03:05:00', 98);
insert into video values ('2018-01-30 03:05:00', '2018-01-30 04:08:38', 99);
insert into video values ('2018-01-30 04:08:38', '2018-01-30 04:36:55', 100);

insert into segmentoVideo values (1, '7:02:30', '2018-01-20 17:41:14', 1);
insert into segmentoVideo values (2, '5:00:56', '2018-01-21 00:43:44', 2);
insert into segmentoVideo values (3, '0:55:24', '2018-01-21 05:44:40', 3);
insert into segmentoVideo values (4, '4:53:51', '2018-01-21 06:40:04', 4);
insert into segmentoVideo values (5, '0:11:56', '2018-01-21 11:33:55', 5);
insert into segmentoVideo values (6, '1:31:29', '2018-01-21 11:45:51', 6);
insert into segmentoVideo values (7, '1:46:42', '2018-01-21 13:17:20', 7);
insert into segmentoVideo values (8, '1:37:01', '2018-01-21 15:04:02', 8);
insert into segmentoVideo values (9, '0:00:13', '2018-01-21 16:41:03', 9);
insert into segmentoVideo values (10, '3:31:52', '2018-01-21 16:41:16', 10);
insert into segmentoVideo values (11, '4:05:26', '2018-01-21 20:13:08', 11);
insert into segmentoVideo values (12, '0:57:09', '2018-01-22 00:18:34', 12);
insert into segmentoVideo values (13, '3:13:02', '2018-01-22 01:15:43', 13);
insert into segmentoVideo values (14, '0:57:48', '2018-01-22 04:28:45', 14);
insert into segmentoVideo values (15, '4:34:17', '2018-01-22 05:26:33', 15);
insert into segmentoVideo values (16, '11:08:05', '2018-01-22 10:00:50', 16);
insert into segmentoVideo values (17, '0:49:39', '2018-01-22 21:08:55', 17);
insert into segmentoVideo values (18, '0:29:45', '2018-01-22 21:58:34', 18);
insert into segmentoVideo values (19, '2:15:19', '2018-01-22 22:28:19', 19);
insert into segmentoVideo values (20, '1:34:31', '2018-01-23 00:43:38', 20);
insert into segmentoVideo values (21, '5:11:50', '2018-01-23 02:18:09', 21);
insert into segmentoVideo values (22, '0:05:13', '2018-01-23 07:29:59', 22);
insert into segmentoVideo values (23, '0:00:27', '2018-01-23 07:35:12', 23);
insert into segmentoVideo values (24, '5:40:03', '2018-01-23 07:35:39', 24);
insert into segmentoVideo values (25, '1:59:08', '2018-01-23 13:15:42', 25);
insert into segmentoVideo values (26, '0:40:43', '2018-01-23 15:14:50', 26);
insert into segmentoVideo values (27, '3:26:20', '2018-01-23 15:55:33', 27);
insert into segmentoVideo values (28, '2:53:49', '2018-01-23 19:21:53', 28);
insert into segmentoVideo values (29, '1:38:46', '2018-01-23 22:15:42', 29);
insert into segmentoVideo values (30, '1:23:01', '2018-01-23 23:54:28', 30);
insert into segmentoVideo values (31, '0:43:50', '2018-01-24 01:17:29', 31);
insert into segmentoVideo values (32, '0:02:47', '2018-01-24 02:01:19', 32);
insert into segmentoVideo values (33, '1:03:45', '2018-01-24 02:04:06', 33);
insert into segmentoVideo values (34, '2:38:40', '2018-01-24 03:07:51', 34);
insert into segmentoVideo values (35, '1:10:59', '2018-01-24 05:46:31', 35);
insert into segmentoVideo values (36, '6:44:42', '2018-01-24 06:57:30', 36);
insert into segmentoVideo values (37, '0:30:36', '2018-01-24 13:42:12', 37);
insert into segmentoVideo values (38, '1:10:06', '2018-01-24 14:12:48', 38);
insert into segmentoVideo values (39, '4:21:40', '2018-01-24 15:22:54', 39);
insert into segmentoVideo values (40, '2:15:23', '2018-01-24 19:44:34', 40);
insert into segmentoVideo values (41, '0:31:14', '2018-01-24 21:59:57', 41);
insert into segmentoVideo values (42, '1:31:16', '2018-01-24 22:31:11', 42);
insert into segmentoVideo values (43, '3:24:44', '2018-01-25 00:02:27', 43);
insert into segmentoVideo values (44, '1:20:04', '2018-01-25 03:27:11', 44);
insert into segmentoVideo values (45, '0:15:05', '2018-01-25 04:47:15', 45);
insert into segmentoVideo values (46, '2:19:04', '2018-01-25 05:02:20', 46);
insert into segmentoVideo values (47, '3:14:22', '2018-01-25 07:21:24', 47);
insert into segmentoVideo values (48, '2:53:50', '2018-01-25 10:35:46', 48);
insert into segmentoVideo values (49, '2:05:06', '2018-01-25 13:29:36', 49);
insert into segmentoVideo values (50, '1:11:22', '2018-01-25 15:34:42', 50);
insert into segmentoVideo values (51, '2:14:44', '2018-01-25 16:46:04', 51);
insert into segmentoVideo values (52, '3:46:38', '2018-01-25 19:00:48', 52);
insert into segmentoVideo values (53, '0:07:41', '2018-01-25 22:47:26', 53);
insert into segmentoVideo values (54, '0:15:03', '2018-01-25 22:55:07', 54);
insert into segmentoVideo values (55, '0:14:56', '2018-01-25 23:10:10', 55);
insert into segmentoVideo values (56, '9:19:48', '2018-01-25 23:25:06', 56);
insert into segmentoVideo values (57, '5:25:49', '2018-01-26 08:44:54', 57);
insert into segmentoVideo values (58, '0:14:44', '2018-01-26 14:10:43', 58);
insert into segmentoVideo values (59, '5:10:21', '2018-01-26 14:25:27', 59);
insert into segmentoVideo values (60, '0:13:01', '2018-01-26 19:35:48', 60);
insert into segmentoVideo values (61, '0:33:39', '2018-01-26 19:48:49', 61);
insert into segmentoVideo values (62, '2:22:23', '2018-01-26 20:22:28', 62);
insert into segmentoVideo values (63, '0:02:10', '2018-01-26 22:44:51', 63);
insert into segmentoVideo values (64, '1:28:12', '2018-01-26 22:47:01', 64);
insert into segmentoVideo values (65, '1:32:03', '2018-01-27 00:15:13', 65);
insert into segmentoVideo values (66, '5:37:26', '2018-01-27 01:47:16', 66);
insert into segmentoVideo values (67, '0:49:52', '2018-01-27 07:24:42', 67);
insert into segmentoVideo values (68, '0:23:27', '2018-01-27 08:14:34', 68);
insert into segmentoVideo values (69, '1:14:33', '2018-01-27 08:38:01', 69);
insert into segmentoVideo values (70, '1:25:36', '2018-01-27 09:52:34', 70);
insert into segmentoVideo values (71, '0:50:56', '2018-01-27 11:18:10', 71);
insert into segmentoVideo values (72, '4:36:22', '2018-01-27 12:09:06', 72);
insert into segmentoVideo values (73, '2:37:03', '2018-01-27 16:45:28', 73);
insert into segmentoVideo values (74, '1:50:56', '2018-01-27 19:22:31', 74);
insert into segmentoVideo values (75, '1:27:36', '2018-01-27 21:13:27', 75);
insert into segmentoVideo values (76, '3:19:10', '2018-01-27 22:41:03', 76);
insert into segmentoVideo values (77, '1:32:00', '2018-01-28 02:00:13', 77);
insert into segmentoVideo values (78, '7:54:27', '2018-01-28 03:32:13', 78);
insert into segmentoVideo values (79, '2:42:43', '2018-01-28 11:26:40', 79);
insert into segmentoVideo values (80, '3:43:15', '2018-01-28 14:09:23', 80);
insert into segmentoVideo values (81, '2:05:54', '2018-01-28 17:52:38', 81);
insert into segmentoVideo values (82, '0:51:23', '2018-01-28 19:58:32', 82);
insert into segmentoVideo values (83, '2:00:00', '2018-01-28 20:49:55', 83);
insert into segmentoVideo values (84, '0:18:23', '2018-01-28 22:49:55', 84);
insert into segmentoVideo values (85, '0:11:22', '2018-01-28 23:08:18', 85);
insert into segmentoVideo values (86, '0:24:02', '2018-01-28 23:19:40', 86);
insert into segmentoVideo values (87, '3:05:07', '2018-01-28 23:43:42', 87);
insert into segmentoVideo values (88, '1:25:01', '2018-01-29 02:48:49', 88);
insert into segmentoVideo values (89, '7:27:56', '2018-01-29 04:13:50', 89);
insert into segmentoVideo values (90, '0:33:18', '2018-01-29 11:41:46', 90);
insert into segmentoVideo values (91, '0:51:52', '2018-01-29 12:15:04', 91);
insert into segmentoVideo values (92, '1:11:03', '2018-01-29 13:06:56', 92);
insert into segmentoVideo values (93, '0:15:59', '2018-01-29 14:17:59', 93);
insert into segmentoVideo values (94, '0:55:02', '2018-01-29 14:33:58', 94);
insert into segmentoVideo values (95, '3:19:51', '2018-01-29 15:29:00', 95);
insert into segmentoVideo values (96, '7:51:50', '2018-01-29 18:48:51', 96);
insert into segmentoVideo values (97, '0:18:01', '2018-01-30 02:40:41', 97);
insert into segmentoVideo values (98, '0:06:18', '2018-01-30 02:58:42', 98);
insert into segmentoVideo values (99, '1:03:38', '2018-01-30 03:05:00', 99);
insert into segmentoVideo values (100, '0:28:17', '2018-01-30 04:08:38', 100);

insert into local values ('address1');
insert into local values ('address2');
insert into local values ('address3');
insert into local values ('address4');
insert into local values ('address5');
insert into local values ('address6');
insert into local values ('address7');
insert into local values ('address8');
insert into local values ('address9');
insert into local values ('address10');
insert into local values ('address11');
insert into local values ('address12');
insert into local values ('address13');
insert into local values ('address14');
insert into local values ('address15');
insert into local values ('address16');
insert into local values ('address17');
insert into local values ('address18');
insert into local values ('address19');
insert into local values ('address20');
insert into local values ('address21');
insert into local values ('address22');
insert into local values ('address23');
insert into local values ('address24');
insert into local values ('address25');
insert into local values ('address26');
insert into local values ('address27');
insert into local values ('address28');
insert into local values ('address29');
insert into local values ('address30');
insert into local values ('address31');
insert into local values ('address32');
insert into local values ('address33');
insert into local values ('address34');
insert into local values ('address35');
insert into local values ('address36');
insert into local values ('address37');
insert into local values ('address38');
insert into local values ('address39');
insert into local values ('address40');
insert into local values ('address41');
insert into local values ('address42');
insert into local values ('address43');
insert into local values ('address44');
insert into local values ('address45');
insert into local values ('address46');
insert into local values ('address47');
insert into local values ('address48');
insert into local values ('address49');
insert into local values ('address50');
insert into local values ('address51');
insert into local values ('address52');
insert into local values ('address53');
insert into local values ('address54');
insert into local values ('address55');
insert into local values ('address56');
insert into local values ('address57');
insert into local values ('address58');
insert into local values ('address59');
insert into local values ('address60');
insert into local values ('address61');
insert into local values ('address62');
insert into local values ('address63');
insert into local values ('address64');
insert into local values ('address65');
insert into local values ('address66');
insert into local values ('address67');
insert into local values ('address68');
insert into local values ('address69');
insert into local values ('address70');
insert into local values ('address71');
insert into local values ('address72');
insert into local values ('address73');
insert into local values ('address74');
insert into local values ('address75');
insert into local values ('address76');
insert into local values ('address77');
insert into local values ('address78');
insert into local values ('address79');
insert into local values ('address80');
insert into local values ('address81');
insert into local values ('address82');
insert into local values ('address83');
insert into local values ('address84');
insert into local values ('address85');
insert into local values ('address86');
insert into local values ('address87');
insert into local values ('address88');
insert into local values ('address89');
insert into local values ('address90');
insert into local values ('address91');
insert into local values ('address92');
insert into local values ('address93');
insert into local values ('address94');
insert into local values ('address95');
insert into local values ('address96');
insert into local values ('address97');
insert into local values ('address98');
insert into local values ('address99');
insert into local values ('address100');

insert into vigia values ('address1', 1);
insert into vigia values ('address2', 2);
insert into vigia values ('address3', 3);
insert into vigia values ('address4', 4);
insert into vigia values ('address5', 5);
insert into vigia values ('address6', 6);
insert into vigia values ('address7', 7);
insert into vigia values ('address8', 8);
insert into vigia values ('address9', 9);
insert into vigia values ('address10', 10);
insert into vigia values ('address11', 11);
insert into vigia values ('address12', 12);
insert into vigia values ('address13', 13);
insert into vigia values ('address14', 14);
insert into vigia values ('address15', 15);
insert into vigia values ('address16', 16);
insert into vigia values ('address17', 17);
insert into vigia values ('address18', 18);
insert into vigia values ('address19', 19);
insert into vigia values ('address20', 20);
insert into vigia values ('address21', 21);
insert into vigia values ('address22', 22);
insert into vigia values ('address23', 23);
insert into vigia values ('address24', 24);
insert into vigia values ('address25', 25);
insert into vigia values ('address26', 26);
insert into vigia values ('address27', 27);
insert into vigia values ('address28', 28);
insert into vigia values ('address29', 29);
insert into vigia values ('address30', 30);
insert into vigia values ('address31', 31);
insert into vigia values ('address32', 32);
insert into vigia values ('address33', 33);
insert into vigia values ('address34', 34);
insert into vigia values ('address35', 35);
insert into vigia values ('address36', 36);
insert into vigia values ('address37', 37);
insert into vigia values ('address38', 38);
insert into vigia values ('address39', 39);
insert into vigia values ('address40', 40);
insert into vigia values ('address41', 41);
insert into vigia values ('address42', 42);
insert into vigia values ('address43', 43);
insert into vigia values ('address44', 44);
insert into vigia values ('address45', 45);
insert into vigia values ('address46', 46);
insert into vigia values ('address47', 47);
insert into vigia values ('address48', 48);
insert into vigia values ('address49', 49);
insert into vigia values ('address50', 50);
insert into vigia values ('address51', 51);
insert into vigia values ('address52', 52);
insert into vigia values ('address53', 53);
insert into vigia values ('address54', 54);
insert into vigia values ('address55', 55);
insert into vigia values ('address56', 56);
insert into vigia values ('address57', 57);
insert into vigia values ('address58', 58);
insert into vigia values ('address59', 59);
insert into vigia values ('address60', 60);
insert into vigia values ('address61', 61);
insert into vigia values ('address62', 62);
insert into vigia values ('address63', 63);
insert into vigia values ('address64', 64);
insert into vigia values ('address65', 65);
insert into vigia values ('address66', 66);
insert into vigia values ('address67', 67);
insert into vigia values ('address68', 68);
insert into vigia values ('address69', 69);
insert into vigia values ('address70', 70);
insert into vigia values ('address71', 71);
insert into vigia values ('address72', 72);
insert into vigia values ('address73', 73);
insert into vigia values ('address74', 74);
insert into vigia values ('address75', 75);
insert into vigia values ('address76', 76);
insert into vigia values ('address77', 77);
insert into vigia values ('address78', 78);
insert into vigia values ('address79', 79);
insert into vigia values ('address80', 80);
insert into vigia values ('address81', 81);
insert into vigia values ('address82', 82);
insert into vigia values ('address83', 83);
insert into vigia values ('address84', 84);
insert into vigia values ('address85', 85);
insert into vigia values ('address86', 86);
insert into vigia values ('address87', 87);
insert into vigia values ('address88', 88);
insert into vigia values ('address89', 89);
insert into vigia values ('address90', 90);
insert into vigia values ('address91', 91);
insert into vigia values ('address92', 92);
insert into vigia values ('address93', 93);
insert into vigia values ('address94', 94);
insert into vigia values ('address95', 95);
insert into vigia values ('address96', 96);
insert into vigia values ('address97', 97);
insert into vigia values ('address98', 98);
insert into vigia values ('address99', 99);
insert into vigia values ('address100', 100);

insert into eventoEmergencia values (993468579, '7:02:30', 'piheq', 'address1', 1);
insert into eventoEmergencia values (757380861, '5:00:56', 'soguc', 'address2', 2);
insert into eventoEmergencia values (334487873, '0:55:24', 'fuqib', 'address3', 3);
insert into eventoEmergencia values (547978001, '4:53:51', 'vavej', 'address4', 4);
insert into eventoEmergencia values (175849870, '0:11:56', 'vuyik', 'address5', 5);
insert into eventoEmergencia values (463520686, '1:31:29', 'fohic', 'address6', 6);
insert into eventoEmergencia values (286425671, '1:46:42', 'necun', 'address7', 7);
insert into eventoEmergencia values (828506324, '1:37:01', 'ribid', 'address8', 8);
insert into eventoEmergencia values (434635369, '0:00:13', 'muviv', 'address9', 9);
insert into eventoEmergencia values (632132870, '3:31:52', 'nokax', 'address10', 10);
insert into eventoEmergencia values (869880246, '4:05:26', 'jewab', 'address11', 11);
insert into eventoEmergencia values (540892609, '0:57:09', 'yuxey', 'address12', 12);
insert into eventoEmergencia values (185356866, '3:13:02', 'moqog', 'address13', 13);
insert into eventoEmergencia values (339156484, '0:57:48', 'nuvun', 'address14', 14);
insert into eventoEmergencia values (424248031, '4:34:17', 'lorox', 'address15', 15);
insert into eventoEmergencia values (273684326, '11:08:05', 'sinon', 'address16', 16);
insert into eventoEmergencia values (852696399, '0:49:39', 'lekib', 'address17', 17);
insert into eventoEmergencia values (736230412, '0:29:45', 'mefuw', 'address18', 18);
insert into eventoEmergencia values (460640057, '2:15:19', 'yeqez', 'address19', 19);
insert into eventoEmergencia values (683930068, '1:34:31', 'motit', 'address20', 20);
insert into eventoEmergencia values (189141929, '5:11:50', 'pujob', 'address21', 21);
insert into eventoEmergencia values (614646374, '0:05:13', 'boxax', 'address22', 22);
insert into eventoEmergencia values (935699684, '0:00:27', 'tazon', 'address23', 23);
insert into eventoEmergencia values (350640150, '5:40:03', 'guzos', 'address24', 24);
insert into eventoEmergencia values (754169013, '1:59:08', 'togib', 'address25', 25);
insert into eventoEmergencia values (325629780, '0:40:43', 'cicec', 'address26', 26);
insert into eventoEmergencia values (530943087, '3:26:20', 'hihod', 'address27', 27);
insert into eventoEmergencia values (671207190, '2:53:49', 'camiv', 'address28', 28);
insert into eventoEmergencia values (386955693, '1:38:46', 'yayoj', 'address29', 29);
insert into eventoEmergencia values (209261682, '1:23:01', 'zusah', 'address30', 30);
insert into eventoEmergencia values (356869474, '0:43:50', 'gufiz', 'address31', 31);
insert into eventoEmergencia values (345925904, '0:02:47', 'qageb', 'address32', 32);
insert into eventoEmergencia values (155563179, '1:03:45', 'luhen', 'address33', 33);
insert into eventoEmergencia values (190793462, '2:38:40', 'tapap', 'address34', 34);
insert into eventoEmergencia values (957633871, '1:10:59', 'surok', 'address35', 35);
insert into eventoEmergencia values (351323792, '6:44:42', 'disub', 'address36', 36);
insert into eventoEmergencia values (236559261, '0:30:36', 'rinus', 'address37', 37);
insert into eventoEmergencia values (365690281, '1:10:06', 'jigeq', 'address38', 38);
insert into eventoEmergencia values (177089864, '4:21:40', 'tuyoq', 'address39', 39);
insert into eventoEmergencia values (780721947, '2:15:23', 'kewuf', 'address40', 40);
insert into eventoEmergencia values (521963748, '0:31:14', 'nojud', 'address41', 41);
insert into eventoEmergencia values (285786610, '1:31:16', 'ceyig', 'address42', 42);
insert into eventoEmergencia values (661784605, '3:24:44', 'nuqoh', 'address43', 43);
insert into eventoEmergencia values (666292075, '1:20:04', 'xumud', 'address44', 44);
insert into eventoEmergencia values (340980514, '0:15:05', 'qofas', 'address45', 45);
insert into eventoEmergencia values (669945387, '2:19:04', 'yeyum', 'address46', 46);
insert into eventoEmergencia values (338637496, '3:14:22', 'nihaf', 'address47', 47);
insert into eventoEmergencia values (689896095, '2:53:50', 'fakaf', 'address48', 48);
insert into eventoEmergencia values (607987510, '2:05:06', 'qizaf', 'address49', 49);
insert into eventoEmergencia values (242728057, '1:11:22', 'tihoy', 'address50', 50);
insert into eventoEmergencia values (933126500, '2:14:44', 'wobop', 'address51', 51);
insert into eventoEmergencia values (164459509, '3:46:38', 'lovex', 'address52', 52);
insert into eventoEmergencia values (821680946, '0:07:41', 'bijex', 'address53', 53);
insert into eventoEmergencia values (449959425, '0:15:03', 'wevon', 'address54', 54);
insert into eventoEmergencia values (199907076, '0:14:56', 'jexim', 'address55', 55);
insert into eventoEmergencia values (939973910, '9:19:48', 'poloj', 'address56', 56);
insert into eventoEmergencia values (640491512, '5:25:49', 'pisic', 'address57', 57);
insert into eventoEmergencia values (318207790, '0:14:44', 'kecon', 'address58', 58);
insert into eventoEmergencia values (527962468, '5:10:21', 'disun', 'address59', 59);
insert into eventoEmergencia values (143771350, '0:13:01', 'xosaq', 'address60', 60);
insert into eventoEmergencia values (730252475, '0:33:39', 'naxum', 'address61', 61);
insert into eventoEmergencia values (798937963, '2:22:23', 'zovuj', 'address62', 62);
insert into eventoEmergencia values (602557641, '0:02:10', 'qujom', 'address63', 63);
insert into eventoEmergencia values (353637232, '1:28:12', 'jegag', 'address64', 64);
insert into eventoEmergencia values (496164829, '1:32:03', 'febir', 'address65', 65);
insert into eventoEmergencia values (425015688, '5:37:26', 'tetag', 'address66', 66);
insert into eventoEmergencia values (841986571, '0:49:52', 'judej', 'address67', 67);
insert into eventoEmergencia values (862438903, '0:23:27', 'kuboh', 'address68', 68);
insert into eventoEmergencia values (833673649, '1:14:33', 'rutav', 'address69', 69);
insert into eventoEmergencia values (592356891, '1:25:36', 'copak', 'address70', 70);
insert into eventoEmergencia values (471486184, '0:50:56', 'xajuh', 'address71', 71);
insert into eventoEmergencia values (540044428, '4:36:22', 'cofog', 'address72', 72);
insert into eventoEmergencia values (954500271, '2:37:03', 'zurer', 'address73', 73);
insert into eventoEmergencia values (699604479, '1:50:56', 'qiwex', 'address74', 74);
insert into eventoEmergencia values (461214768, '1:27:36', 'luseg', 'address75', 75);
insert into eventoEmergencia values (577815183, '3:19:10', 'ciqat', 'address76', 76);
insert into eventoEmergencia values (484884007, '1:32:00', 'pimiq', 'address77', 77);
insert into eventoEmergencia values (919722655, '7:54:27', 'wobez', 'address78', 78);
insert into eventoEmergencia values (357520642, '2:42:43', 'jusik', 'address79', 79);
insert into eventoEmergencia values (444879014, '3:43:15', 'tiguq', 'address80', 80);
insert into eventoEmergencia values (792841088, '2:05:54', 'kuyax', 'address81', 81);
insert into eventoEmergencia values (763115846, '0:51:23', 'yikep', 'address82', 82);
insert into eventoEmergencia values (846736051, '2:00:00', 'jamex', 'address83', 83);
insert into eventoEmergencia values (574257810, '0:18:23', 'dowez', 'address84', 84);
insert into eventoEmergencia values (692475390, '0:11:22', 'tonec', 'address85', 85);
insert into eventoEmergencia values (108369883, '0:24:02', 'rugeq', 'address86', 86);
insert into eventoEmergencia values (586316628, '3:05:07', 'zamut', 'address87', 87);
insert into eventoEmergencia values (127582459, '1:25:01', 'sepoj', 'address88', 88);
insert into eventoEmergencia values (428673336, '7:27:56', 'jorum', 'address89', 89);
insert into eventoEmergencia values (356988735, '0:33:18', 'janoz', 'address90', 90);
insert into eventoEmergencia values (598171919, '0:51:52', 'xucoj', 'address91', 91);
insert into eventoEmergencia values (634211551, '1:11:03', 'qogek', 'address92', 92);
insert into eventoEmergencia values (811247325, '0:15:59', 'kehar', 'address93', 93);
insert into eventoEmergencia values (845812718, '0:55:02', 'liwog', 'address94', 94);
insert into eventoEmergencia values (913419595, '3:19:51', 'zalok', 'address95', 95);
insert into eventoEmergencia values (582074294, '7:51:50', 'mogim', 'address96', 96);
insert into eventoEmergencia values (612314388, '0:18:01', 'cevig', 'address97', 97);
insert into eventoEmergencia values (732811098, '0:06:18', 'vatep', 'address98', 98);
insert into eventoEmergencia values (482021859, '1:03:38', 'yelih', 'address99', 99);
insert into eventoEmergencia values (781133523, '0:28:17', 'piguq', 'address100', 100);

insert into processoSocorro values (1);
insert into processoSocorro values (2);
insert into processoSocorro values (3);
insert into processoSocorro values (4);
insert into processoSocorro values (5);
insert into processoSocorro values (6);
insert into processoSocorro values (7);
insert into processoSocorro values (8);
insert into processoSocorro values (9);
insert into processoSocorro values (10);
insert into processoSocorro values (11);
insert into processoSocorro values (12);
insert into processoSocorro values (13);
insert into processoSocorro values (14);
insert into processoSocorro values (15);
insert into processoSocorro values (16);
insert into processoSocorro values (17);
insert into processoSocorro values (18);
insert into processoSocorro values (19);
insert into processoSocorro values (20);
insert into processoSocorro values (21);
insert into processoSocorro values (22);
insert into processoSocorro values (23);
insert into processoSocorro values (24);
insert into processoSocorro values (25);
insert into processoSocorro values (26);
insert into processoSocorro values (27);
insert into processoSocorro values (28);
insert into processoSocorro values (29);
insert into processoSocorro values (30);
insert into processoSocorro values (31);
insert into processoSocorro values (32);
insert into processoSocorro values (33);
insert into processoSocorro values (34);
insert into processoSocorro values (35);
insert into processoSocorro values (36);
insert into processoSocorro values (37);
insert into processoSocorro values (38);
insert into processoSocorro values (39);
insert into processoSocorro values (40);
insert into processoSocorro values (41);
insert into processoSocorro values (42);
insert into processoSocorro values (43);
insert into processoSocorro values (44);
insert into processoSocorro values (45);
insert into processoSocorro values (46);
insert into processoSocorro values (47);
insert into processoSocorro values (48);
insert into processoSocorro values (49);
insert into processoSocorro values (50);
insert into processoSocorro values (51);
insert into processoSocorro values (52);
insert into processoSocorro values (53);
insert into processoSocorro values (54);
insert into processoSocorro values (55);
insert into processoSocorro values (56);
insert into processoSocorro values (57);
insert into processoSocorro values (58);
insert into processoSocorro values (59);
insert into processoSocorro values (60);
insert into processoSocorro values (61);
insert into processoSocorro values (62);
insert into processoSocorro values (63);
insert into processoSocorro values (64);
insert into processoSocorro values (65);
insert into processoSocorro values (66);
insert into processoSocorro values (67);
insert into processoSocorro values (68);
insert into processoSocorro values (69);
insert into processoSocorro values (70);
insert into processoSocorro values (71);
insert into processoSocorro values (72);
insert into processoSocorro values (73);
insert into processoSocorro values (74);
insert into processoSocorro values (75);
insert into processoSocorro values (76);
insert into processoSocorro values (77);
insert into processoSocorro values (78);
insert into processoSocorro values (79);
insert into processoSocorro values (80);
insert into processoSocorro values (81);
insert into processoSocorro values (82);
insert into processoSocorro values (83);
insert into processoSocorro values (84);
insert into processoSocorro values (85);
insert into processoSocorro values (86);
insert into processoSocorro values (87);
insert into processoSocorro values (88);
insert into processoSocorro values (89);
insert into processoSocorro values (90);
insert into processoSocorro values (91);
insert into processoSocorro values (92);
insert into processoSocorro values (93);
insert into processoSocorro values (94);
insert into processoSocorro values (95);
insert into processoSocorro values (96);
insert into processoSocorro values (97);
insert into processoSocorro values (98);
insert into processoSocorro values (99);
insert into processoSocorro values (100);

insert into entidadeMeio values ('força aérea_de_xuwat');
insert into entidadeMeio values ('município_de_faqom');
insert into entidadeMeio values ('bombeiros_de_xexop');
insert into entidadeMeio values ('exército_de_memem');
insert into entidadeMeio values ('município_de_xirul');
insert into entidadeMeio values ('polícia_de_manuv');
insert into entidadeMeio values ('exército_de_vewey');
insert into entidadeMeio values ('polícia_de_giyoz');
insert into entidadeMeio values ('força aérea_de_guyav');
insert into entidadeMeio values ('município_de_sugar');
insert into entidadeMeio values ('bombeiros_de_kazan');
insert into entidadeMeio values ('município_de_cuvor');
insert into entidadeMeio values ('polícia_de_powoz');
insert into entidadeMeio values ('exército_de_xuqox');
insert into entidadeMeio values ('município_de_ragek');
insert into entidadeMeio values ('bombeiros_de_kuhif');
insert into entidadeMeio values ('exército_de_yotox');
insert into entidadeMeio values ('polícia_de_vuxis');
insert into entidadeMeio values ('polícia_de_nodiy');
insert into entidadeMeio values ('polícia_de_vayil');
insert into entidadeMeio values ('exército_de_pitev');
insert into entidadeMeio values ('bombeiros_de_jidom');
insert into entidadeMeio values ('exército_de_soyab');
insert into entidadeMeio values ('força aérea_de_benen');
insert into entidadeMeio values ('bombeiros_de_dojul');
insert into entidadeMeio values ('bombeiros_de_fagum');
insert into entidadeMeio values ('bombeiros_de_qegum');
insert into entidadeMeio values ('município_de_xoyuy');
insert into entidadeMeio values ('força aérea_de_yapel');
insert into entidadeMeio values ('polícia_de_noseh');
insert into entidadeMeio values ('exército_de_femix');
insert into entidadeMeio values ('polícia_de_qecix');
insert into entidadeMeio values ('bombeiros_de_zutil');
insert into entidadeMeio values ('polícia_de_vaciz');
insert into entidadeMeio values ('município_de_feyig');
insert into entidadeMeio values ('exército_de_bifuj');
insert into entidadeMeio values ('exército_de_dodaq');
insert into entidadeMeio values ('exército_de_fomev');
insert into entidadeMeio values ('município_de_bicol');
insert into entidadeMeio values ('município_de_royoh');
insert into entidadeMeio values ('exército_de_gokov');
insert into entidadeMeio values ('município_de_jetiv');
insert into entidadeMeio values ('bombeiros_de_cumit');
insert into entidadeMeio values ('polícia_de_huxot');
insert into entidadeMeio values ('exército_de_gajep');
insert into entidadeMeio values ('força aérea_de_qecak');
insert into entidadeMeio values ('força aérea_de_cabuy');
insert into entidadeMeio values ('força aérea_de_fuqog');
insert into entidadeMeio values ('município_de_xufaw');
insert into entidadeMeio values ('bombeiros_de_kikoc');
insert into entidadeMeio values ('bombeiros_de_wavov');
insert into entidadeMeio values ('polícia_de_meyif');
insert into entidadeMeio values ('força aérea_de_pafoh');
insert into entidadeMeio values ('bombeiros_de_dateg');
insert into entidadeMeio values ('bombeiros_de_qufih');
insert into entidadeMeio values ('exército_de_sumuh');
insert into entidadeMeio values ('município_de_bexen');
insert into entidadeMeio values ('bombeiros_de_tayov');
insert into entidadeMeio values ('bombeiros_de_bunot');
insert into entidadeMeio values ('município_de_nofib');
insert into entidadeMeio values ('exército_de_miwaz');
insert into entidadeMeio values ('exército_de_bofot');
insert into entidadeMeio values ('polícia_de_damal');
insert into entidadeMeio values ('polícia_de_vugut');
insert into entidadeMeio values ('exército_de_hejej');
insert into entidadeMeio values ('força aérea_de_kipiq');
insert into entidadeMeio values ('polícia_de_qadaq');
insert into entidadeMeio values ('exército_de_lator');
insert into entidadeMeio values ('força aérea_de_pitof');
insert into entidadeMeio values ('exército_de_fixex');
insert into entidadeMeio values ('polícia_de_kanum');
insert into entidadeMeio values ('força aérea_de_lesif');
insert into entidadeMeio values ('exército_de_duvay');
insert into entidadeMeio values ('polícia_de_rivoy');
insert into entidadeMeio values ('bombeiros_de_dikex');
insert into entidadeMeio values ('município_de_dijak');
insert into entidadeMeio values ('município_de_safur');
insert into entidadeMeio values ('força aérea_de_sotab');
insert into entidadeMeio values ('município_de_hapam');
insert into entidadeMeio values ('polícia_de_rexih');
insert into entidadeMeio values ('polícia_de_jufil');
insert into entidadeMeio values ('município_de_wulaz');
insert into entidadeMeio values ('polícia_de_wijaw');
insert into entidadeMeio values ('exército_de_jedok');
insert into entidadeMeio values ('município_de_doxak');
insert into entidadeMeio values ('exército_de_xosel');
insert into entidadeMeio values ('município_de_vunap');
insert into entidadeMeio values ('município_de_miqoh');
insert into entidadeMeio values ('polícia_de_foruv');
insert into entidadeMeio values ('bombeiros_de_gumaz');
insert into entidadeMeio values ('bombeiros_de_fiqin');
insert into entidadeMeio values ('exército_de_hubaj');
insert into entidadeMeio values ('força aérea_de_miwuc');
insert into entidadeMeio values ('exército_de_delic');
insert into entidadeMeio values ('município_de_qageg');
insert into entidadeMeio values ('exército_de_gohat');
insert into entidadeMeio values ('força aérea_de_javog');
insert into entidadeMeio values ('polícia_de_kuhoq');
insert into entidadeMeio values ('polícia_de_cugip');
insert into entidadeMeio values ('força aérea_de_kimif');

insert into meio values (1, 'Socorro', 'força aérea_de_xuwat');
insert into meio values (2, 'Combate', 'município_de_faqom');
insert into meio values (3, 'Combate', 'bombeiros_de_xexop');
insert into meio values (4, 'Socorro', 'exército_de_memem');
insert into meio values (5, 'Combate', 'município_de_xirul');
insert into meio values (6, 'Combate', 'polícia_de_manuv');
insert into meio values (7, 'Combate', 'exército_de_vewey');
insert into meio values (8, 'Combate', 'polícia_de_giyoz');
insert into meio values (9, 'Combate', 'força aérea_de_guyav');
insert into meio values (10, 'Combate', 'município_de_sugar');
insert into meio values (11, 'Socorro', 'bombeiros_de_kazan');
insert into meio values (12, 'Apoio', 'município_de_cuvor');
insert into meio values (13, 'Socorro', 'polícia_de_powoz');
insert into meio values (14, 'Combate', 'exército_de_xuqox');
insert into meio values (15, 'Apoio', 'município_de_ragek');
insert into meio values (16, 'Combate', 'bombeiros_de_kuhif');
insert into meio values (17, 'Apoio', 'exército_de_yotox');
insert into meio values (18, 'Apoio', 'polícia_de_vuxis');
insert into meio values (19, 'Socorro', 'polícia_de_nodiy');
insert into meio values (20, 'Apoio', 'polícia_de_vayil');
insert into meio values (21, 'Socorro', 'exército_de_pitev');
insert into meio values (22, 'Combate', 'bombeiros_de_jidom');
insert into meio values (23, 'Combate', 'exército_de_soyab');
insert into meio values (24, 'Socorro', 'força aérea_de_benen');
insert into meio values (25, 'Apoio', 'bombeiros_de_dojul');
insert into meio values (26, 'Socorro', 'bombeiros_de_fagum');
insert into meio values (27, 'Combate', 'bombeiros_de_qegum');
insert into meio values (28, 'Apoio', 'município_de_xoyuy');
insert into meio values (29, 'Apoio', 'força aérea_de_yapel');
insert into meio values (30, 'Apoio', 'polícia_de_noseh');
insert into meio values (31, 'Apoio', 'exército_de_femix');
insert into meio values (32, 'Apoio', 'polícia_de_qecix');
insert into meio values (33, 'Apoio', 'bombeiros_de_zutil');
insert into meio values (34, 'Socorro', 'polícia_de_vaciz');
insert into meio values (35, 'Combate', 'município_de_feyig');
insert into meio values (36, 'Socorro', 'exército_de_bifuj');
insert into meio values (37, 'Socorro', 'exército_de_dodaq');
insert into meio values (38, 'Socorro', 'exército_de_fomev');
insert into meio values (39, 'Apoio', 'município_de_bicol');
insert into meio values (40, 'Combate', 'município_de_royoh');
insert into meio values (41, 'Apoio', 'exército_de_gokov');
insert into meio values (42, 'Socorro', 'município_de_jetiv');
insert into meio values (43, 'Combate', 'bombeiros_de_cumit');
insert into meio values (44, 'Combate', 'polícia_de_huxot');
insert into meio values (45, 'Apoio', 'exército_de_gajep');
insert into meio values (46, 'Combate', 'força aérea_de_qecak');
insert into meio values (47, 'Combate', 'força aérea_de_cabuy');
insert into meio values (48, 'Combate', 'força aérea_de_fuqog');
insert into meio values (49, 'Socorro', 'município_de_xufaw');
insert into meio values (50, 'Apoio', 'bombeiros_de_kikoc');
insert into meio values (51, 'Apoio', 'bombeiros_de_wavov');
insert into meio values (52, 'Socorro', 'polícia_de_meyif');
insert into meio values (53, 'Combate', 'força aérea_de_pafoh');
insert into meio values (54, 'Socorro', 'bombeiros_de_dateg');
insert into meio values (55, 'Socorro', 'bombeiros_de_qufih');
insert into meio values (56, 'Apoio', 'exército_de_sumuh');
insert into meio values (57, 'Combate', 'município_de_bexen');
insert into meio values (58, 'Apoio', 'bombeiros_de_tayov');
insert into meio values (59, 'Apoio', 'bombeiros_de_bunot');
insert into meio values (60, 'Socorro', 'município_de_nofib');
insert into meio values (61, 'Socorro', 'exército_de_miwaz');
insert into meio values (62, 'Combate', 'exército_de_bofot');
insert into meio values (63, 'Socorro', 'polícia_de_damal');
insert into meio values (64, 'Apoio', 'polícia_de_vugut');
insert into meio values (65, 'Apoio', 'exército_de_hejej');
insert into meio values (66, 'Socorro', 'força aérea_de_kipiq');
insert into meio values (67, 'Socorro', 'polícia_de_qadaq');
insert into meio values (68, 'Apoio', 'exército_de_lator');
insert into meio values (69, 'Apoio', 'força aérea_de_pitof');
insert into meio values (70, 'Apoio', 'exército_de_fixex');
insert into meio values (71, 'Apoio', 'polícia_de_kanum');
insert into meio values (72, 'Combate', 'força aérea_de_lesif');
insert into meio values (73, 'Combate', 'exército_de_duvay');
insert into meio values (74, 'Combate', 'polícia_de_rivoy');
insert into meio values (75, 'Apoio', 'bombeiros_de_dikex');
insert into meio values (76, 'Combate', 'município_de_dijak');
insert into meio values (77, 'Combate', 'município_de_safur');
insert into meio values (78, 'Combate', 'força aérea_de_sotab');
insert into meio values (79, 'Socorro', 'município_de_hapam');
insert into meio values (80, 'Socorro', 'polícia_de_rexih');
insert into meio values (81, 'Apoio', 'polícia_de_jufil');
insert into meio values (82, 'Apoio', 'município_de_wulaz');
insert into meio values (83, 'Combate', 'polícia_de_wijaw');
insert into meio values (84, 'Combate', 'exército_de_jedok');
insert into meio values (85, 'Combate', 'município_de_doxak');
insert into meio values (86, 'Socorro', 'exército_de_xosel');
insert into meio values (87, 'Socorro', 'município_de_vunap');
insert into meio values (88, 'Socorro', 'município_de_miqoh');
insert into meio values (89, 'Combate', 'polícia_de_foruv');
insert into meio values (90, 'Socorro', 'bombeiros_de_gumaz');
insert into meio values (91, 'Combate', 'bombeiros_de_fiqin');
insert into meio values (92, 'Socorro', 'exército_de_hubaj');
insert into meio values (93, 'Apoio', 'força aérea_de_miwuc');
insert into meio values (94, 'Socorro', 'exército_de_delic');
insert into meio values (95, 'Apoio', 'município_de_qageg');
insert into meio values (96, 'Socorro', 'exército_de_gohat');
insert into meio values (97, 'Socorro', 'força aérea_de_javog');
insert into meio values (98, 'Combate', 'polícia_de_kuhoq');
insert into meio values (99, 'Apoio', 'polícia_de_cugip');
insert into meio values (100, 'Combate', 'força aérea_de_kimif');

insert into meioCombate values (2, 'município_de_faqom');
insert into meioCombate values (3, 'bombeiros_de_xexop');
insert into meioCombate values (5, 'município_de_xirul');
insert into meioCombate values (6, 'polícia_de_manuv');
insert into meioCombate values (7, 'exército_de_vewey');
insert into meioCombate values (8, 'polícia_de_giyoz');
insert into meioCombate values (9, 'força aérea_de_guyav');
insert into meioCombate values (10, 'município_de_sugar');
insert into meioCombate values (14, 'exército_de_xuqox');
insert into meioCombate values (16, 'bombeiros_de_kuhif');
insert into meioCombate values (22, 'bombeiros_de_jidom');
insert into meioCombate values (23, 'exército_de_soyab');
insert into meioCombate values (27, 'bombeiros_de_qegum');
insert into meioCombate values (35, 'município_de_feyig');
insert into meioCombate values (40, 'município_de_royoh');
insert into meioCombate values (43, 'bombeiros_de_cumit');
insert into meioCombate values (44, 'polícia_de_huxot');
insert into meioCombate values (46, 'força aérea_de_qecak');
insert into meioCombate values (47, 'força aérea_de_cabuy');
insert into meioCombate values (48, 'força aérea_de_fuqog');
insert into meioCombate values (53, 'força aérea_de_pafoh');
insert into meioCombate values (57, 'município_de_bexen');
insert into meioCombate values (62, 'exército_de_bofot');
insert into meioCombate values (72, 'força aérea_de_lesif');
insert into meioCombate values (73, 'exército_de_duvay');
insert into meioCombate values (74, 'polícia_de_rivoy');
insert into meioCombate values (76, 'município_de_dijak');
insert into meioCombate values (77, 'município_de_safur');
insert into meioCombate values (78, 'força aérea_de_sotab');
insert into meioCombate values (83, 'polícia_de_wijaw');
insert into meioCombate values (84, 'exército_de_jedok');
insert into meioCombate values (85, 'município_de_doxak');
insert into meioCombate values (89, 'polícia_de_foruv');
insert into meioCombate values (91, 'bombeiros_de_fiqin');
insert into meioCombate values (98, 'polícia_de_kuhoq');
insert into meioCombate values (100, 'força aérea_de_kimif');

insert into meioApoio values (12, 'município_de_cuvor');
insert into meioApoio values (15, 'município_de_ragek');
insert into meioApoio values (17, 'exército_de_yotox');
insert into meioApoio values (18, 'polícia_de_vuxis');
insert into meioApoio values (20, 'polícia_de_vayil');
insert into meioApoio values (25, 'bombeiros_de_dojul');
insert into meioApoio values (28, 'município_de_xoyuy');
insert into meioApoio values (29, 'força aérea_de_yapel');
insert into meioApoio values (30, 'polícia_de_noseh');
insert into meioApoio values (31, 'exército_de_femix');
insert into meioApoio values (32, 'polícia_de_qecix');
insert into meioApoio values (33, 'bombeiros_de_zutil');
insert into meioApoio values (39, 'município_de_bicol');
insert into meioApoio values (41, 'exército_de_gokov');
insert into meioApoio values (45, 'exército_de_gajep');
insert into meioApoio values (50, 'bombeiros_de_kikoc');
insert into meioApoio values (51, 'bombeiros_de_wavov');
insert into meioApoio values (56, 'exército_de_sumuh');
insert into meioApoio values (58, 'bombeiros_de_tayov');
insert into meioApoio values (59, 'bombeiros_de_bunot');
insert into meioApoio values (64, 'polícia_de_vugut');
insert into meioApoio values (65, 'exército_de_hejej');
insert into meioApoio values (68, 'exército_de_lator');
insert into meioApoio values (69, 'força aérea_de_pitof');
insert into meioApoio values (70, 'exército_de_fixex');
insert into meioApoio values (71, 'polícia_de_kanum');
insert into meioApoio values (75, 'bombeiros_de_dikex');
insert into meioApoio values (81, 'polícia_de_jufil');
insert into meioApoio values (82, 'município_de_wulaz');
insert into meioApoio values (93, 'força aérea_de_miwuc');
insert into meioApoio values (95, 'município_de_qageg');
insert into meioApoio values (99, 'polícia_de_cugip');

insert into meioSocorro values (1, 'força aérea_de_xuwat');
insert into meioSocorro values (4, 'exército_de_memem');
insert into meioSocorro values (11, 'bombeiros_de_kazan');
insert into meioSocorro values (13, 'polícia_de_powoz');
insert into meioSocorro values (19, 'polícia_de_nodiy');
insert into meioSocorro values (21, 'exército_de_pitev');
insert into meioSocorro values (24, 'força aérea_de_benen');
insert into meioSocorro values (26, 'bombeiros_de_fagum');
insert into meioSocorro values (34, 'polícia_de_vaciz');
insert into meioSocorro values (36, 'exército_de_bifuj');
insert into meioSocorro values (37, 'exército_de_dodaq');
insert into meioSocorro values (38, 'exército_de_fomev');
insert into meioSocorro values (42, 'município_de_jetiv');
insert into meioSocorro values (49, 'município_de_xufaw');
insert into meioSocorro values (52, 'polícia_de_meyif');
insert into meioSocorro values (54, 'bombeiros_de_dateg');
insert into meioSocorro values (55, 'bombeiros_de_qufih');
insert into meioSocorro values (60, 'município_de_nofib');
insert into meioSocorro values (61, 'exército_de_miwaz');
insert into meioSocorro values (63, 'polícia_de_damal');
insert into meioSocorro values (66, 'força aérea_de_kipiq');
insert into meioSocorro values (67, 'polícia_de_qadaq');
insert into meioSocorro values (79, 'município_de_hapam');
insert into meioSocorro values (80, 'polícia_de_rexih');
insert into meioSocorro values (86, 'exército_de_xosel');
insert into meioSocorro values (87, 'município_de_vunap');
insert into meioSocorro values (88, 'município_de_miqoh');
insert into meioSocorro values (90, 'bombeiros_de_gumaz');
insert into meioSocorro values (92, 'exército_de_hubaj');
insert into meioSocorro values (94, 'exército_de_delic');
insert into meioSocorro values (96, 'exército_de_gohat');
insert into meioSocorro values (97, 'força aérea_de_javog');

insert into transporta values (1, 'força aérea_de_xuwat', 3, 1);
insert into transporta values (4, 'exército_de_memem', 94, 4);
insert into transporta values (11, 'bombeiros_de_kazan', 36, 11);
insert into transporta values (13, 'polícia_de_powoz', 75, 13);
insert into transporta values (19, 'polícia_de_nodiy', 23, 19);
insert into transporta values (21, 'exército_de_pitev', 14, 21);
insert into transporta values (24, 'força aérea_de_benen', 90, 24);
insert into transporta values (26, 'bombeiros_de_fagum', 97, 26);
insert into transporta values (34, 'polícia_de_vaciz', 54, 34);
insert into transporta values (36, 'exército_de_bifuj', 7, 36);
insert into transporta values (37, 'exército_de_dodaq', 41, 37);
insert into transporta values (38, 'exército_de_fomev', 74, 38);
insert into transporta values (42, 'município_de_jetiv', 11, 42);
insert into transporta values (49, 'município_de_xufaw', 33, 49);
insert into transporta values (52, 'polícia_de_meyif', 8, 52);
insert into transporta values (54, 'bombeiros_de_dateg', 81, 54);
insert into transporta values (55, 'bombeiros_de_qufih', 11, 55);
insert into transporta values (60, 'município_de_nofib', 80, 60);
insert into transporta values (61, 'exército_de_miwaz', 29, 61);
insert into transporta values (63, 'polícia_de_damal', 93, 63);
insert into transporta values (66, 'força aérea_de_kipiq', 77, 66);
insert into transporta values (67, 'polícia_de_qadaq', 93, 67);
insert into transporta values (79, 'município_de_hapam', 33, 79);
insert into transporta values (80, 'polícia_de_rexih', 2, 80);
insert into transporta values (86, 'exército_de_xosel', 85, 86);
insert into transporta values (87, 'município_de_vunap', 5, 87);
insert into transporta values (88, 'município_de_miqoh', 99, 88);
insert into transporta values (90, 'bombeiros_de_gumaz', 11, 90);
insert into transporta values (92, 'exército_de_hubaj', 87, 92);
insert into transporta values (94, 'exército_de_delic', 19, 94);
insert into transporta values (96, 'exército_de_gohat', 86, 96);
insert into transporta values (97, 'força aérea_de_javog', 41, 97);

insert into alocado values (12, 'município_de_cuvor', 22, 12);
insert into alocado values (15, 'município_de_ragek', 44, 15);
insert into alocado values (17, 'exército_de_yotox', 41, 17);
insert into alocado values (18, 'polícia_de_vuxis', 54, 18);
insert into alocado values (20, 'polícia_de_vayil', 3, 20);
insert into alocado values (25, 'bombeiros_de_dojul', 23, 25);
insert into alocado values (28, 'município_de_xoyuy', 46, 28);
insert into alocado values (29, 'força aérea_de_yapel', 38, 29);
insert into alocado values (30, 'polícia_de_noseh', 30, 30);
insert into alocado values (31, 'exército_de_femix', 6, 31);
insert into alocado values (32, 'polícia_de_qecix', 50, 32);
insert into alocado values (33, 'bombeiros_de_zutil', 14, 33);
insert into alocado values (39, 'município_de_bicol', 55, 39);
insert into alocado values (41, 'exército_de_gokov', 59, 41);
insert into alocado values (45, 'exército_de_gajep', 47, 45);
insert into alocado values (50, 'bombeiros_de_kikoc', 42, 50);
insert into alocado values (51, 'bombeiros_de_wavov', 33, 51);
insert into alocado values (56, 'exército_de_sumuh', 4, 56);
insert into alocado values (58, 'bombeiros_de_tayov', 9, 58);
insert into alocado values (59, 'bombeiros_de_bunot', 19, 59);
insert into alocado values (64, 'polícia_de_vugut', 9, 64);
insert into alocado values (65, 'exército_de_hejej', 2, 65);
insert into alocado values (68, 'exército_de_lator', 44, 68);
insert into alocado values (69, 'força aérea_de_pitof', 60, 69);
insert into alocado values (70, 'exército_de_fixex', 47, 70);
insert into alocado values (71, 'polícia_de_kanum', 4, 71);
insert into alocado values (75, 'bombeiros_de_dikex', 29, 75);
insert into alocado values (81, 'polícia_de_jufil', 13, 81);
insert into alocado values (82, 'município_de_wulaz', 47, 82);
insert into alocado values (93, 'força aérea_de_miwuc', 22, 93);
insert into alocado values (95, 'município_de_qageg', 6, 95);
insert into alocado values (99, 'polícia_de_cugip', 13, 99);

insert into acciona values (1, 'força aérea_de_xuwat', 1);
insert into acciona values (2, 'município_de_faqom', 2);
insert into acciona values (3, 'bombeiros_de_xexop', 3);
insert into acciona values (4, 'exército_de_memem', 4);
insert into acciona values (5, 'município_de_xirul', 5);
insert into acciona values (6, 'polícia_de_manuv', 6);
insert into acciona values (7, 'exército_de_vewey', 7);
insert into acciona values (8, 'polícia_de_giyoz', 8);
insert into acciona values (9, 'força aérea_de_guyav', 9);
insert into acciona values (10, 'município_de_sugar', 10);
insert into acciona values (11, 'bombeiros_de_kazan', 11);
insert into acciona values (12, 'município_de_cuvor', 12);
insert into acciona values (13, 'polícia_de_powoz', 13);
insert into acciona values (14, 'exército_de_xuqox', 14);
insert into acciona values (15, 'município_de_ragek', 15);
insert into acciona values (16, 'bombeiros_de_kuhif', 16);
insert into acciona values (17, 'exército_de_yotox', 17);
insert into acciona values (18, 'polícia_de_vuxis', 18);
insert into acciona values (19, 'polícia_de_nodiy', 19);
insert into acciona values (20, 'polícia_de_vayil', 20);
insert into acciona values (21, 'exército_de_pitev', 21);
insert into acciona values (22, 'bombeiros_de_jidom', 22);
insert into acciona values (23, 'exército_de_soyab', 23);
insert into acciona values (24, 'força aérea_de_benen', 24);
insert into acciona values (25, 'bombeiros_de_dojul', 25);
insert into acciona values (26, 'bombeiros_de_fagum', 26);
insert into acciona values (27, 'bombeiros_de_qegum', 27);
insert into acciona values (28, 'município_de_xoyuy', 28);
insert into acciona values (29, 'força aérea_de_yapel', 29);
insert into acciona values (30, 'polícia_de_noseh', 30);
insert into acciona values (31, 'exército_de_femix', 31);
insert into acciona values (32, 'polícia_de_qecix', 32);
insert into acciona values (33, 'bombeiros_de_zutil', 33);
insert into acciona values (34, 'polícia_de_vaciz', 34);
insert into acciona values (35, 'município_de_feyig', 35);
insert into acciona values (36, 'exército_de_bifuj', 36);
insert into acciona values (37, 'exército_de_dodaq', 37);
insert into acciona values (38, 'exército_de_fomev', 38);
insert into acciona values (39, 'município_de_bicol', 39);
insert into acciona values (40, 'município_de_royoh', 40);
insert into acciona values (41, 'exército_de_gokov', 41);
insert into acciona values (42, 'município_de_jetiv', 42);
insert into acciona values (43, 'bombeiros_de_cumit', 43);
insert into acciona values (44, 'polícia_de_huxot', 44);
insert into acciona values (45, 'exército_de_gajep', 45);
insert into acciona values (46, 'força aérea_de_qecak', 46);
insert into acciona values (47, 'força aérea_de_cabuy', 47);
insert into acciona values (48, 'força aérea_de_fuqog', 48);
insert into acciona values (49, 'município_de_xufaw', 49);
insert into acciona values (50, 'bombeiros_de_kikoc', 50);
insert into acciona values (51, 'bombeiros_de_wavov', 51);
insert into acciona values (52, 'polícia_de_meyif', 52);
insert into acciona values (53, 'força aérea_de_pafoh', 53);
insert into acciona values (54, 'bombeiros_de_dateg', 54);
insert into acciona values (55, 'bombeiros_de_qufih', 55);
insert into acciona values (56, 'exército_de_sumuh', 56);
insert into acciona values (57, 'município_de_bexen', 57);
insert into acciona values (58, 'bombeiros_de_tayov', 58);
insert into acciona values (59, 'bombeiros_de_bunot', 59);
insert into acciona values (60, 'município_de_nofib', 60);
insert into acciona values (61, 'exército_de_miwaz', 61);
insert into acciona values (62, 'exército_de_bofot', 62);
insert into acciona values (63, 'polícia_de_damal', 63);
insert into acciona values (64, 'polícia_de_vugut', 64);
insert into acciona values (65, 'exército_de_hejej', 65);
insert into acciona values (66, 'força aérea_de_kipiq', 66);
insert into acciona values (67, 'polícia_de_qadaq', 67);
insert into acciona values (68, 'exército_de_lator', 68);
insert into acciona values (69, 'força aérea_de_pitof', 69);
insert into acciona values (70, 'exército_de_fixex', 70);
insert into acciona values (71, 'polícia_de_kanum', 71);
insert into acciona values (72, 'força aérea_de_lesif', 72);
insert into acciona values (73, 'exército_de_duvay', 73);
insert into acciona values (74, 'polícia_de_rivoy', 74);
insert into acciona values (75, 'bombeiros_de_dikex', 75);
insert into acciona values (76, 'município_de_dijak', 76);
insert into acciona values (77, 'município_de_safur', 77);
insert into acciona values (78, 'força aérea_de_sotab', 78);
insert into acciona values (79, 'município_de_hapam', 79);
insert into acciona values (80, 'polícia_de_rexih', 80);
insert into acciona values (81, 'polícia_de_jufil', 81);
insert into acciona values (82, 'município_de_wulaz', 82);
insert into acciona values (83, 'polícia_de_wijaw', 83);
insert into acciona values (84, 'exército_de_jedok', 84);
insert into acciona values (85, 'município_de_doxak', 85);
insert into acciona values (86, 'exército_de_xosel', 86);
insert into acciona values (87, 'município_de_vunap', 87);
insert into acciona values (88, 'município_de_miqoh', 88);
insert into acciona values (89, 'polícia_de_foruv', 89);
insert into acciona values (90, 'bombeiros_de_gumaz', 90);
insert into acciona values (91, 'bombeiros_de_fiqin', 91);
insert into acciona values (92, 'exército_de_hubaj', 92);
insert into acciona values (93, 'força aérea_de_miwuc', 93);
insert into acciona values (94, 'exército_de_delic', 94);
insert into acciona values (95, 'município_de_qageg', 95);
insert into acciona values (96, 'exército_de_gohat', 96);
insert into acciona values (97, 'força aérea_de_javog', 97);
insert into acciona values (98, 'polícia_de_kuhoq', 98);
insert into acciona values (99, 'polícia_de_cugip', 99);
insert into acciona values (100, 'força aérea_de_kimif', 100);

insert into coordenador values (1);
insert into coordenador values (2);
insert into coordenador values (3);
insert into coordenador values (4);
insert into coordenador values (5);
insert into coordenador values (6);
insert into coordenador values (7);
insert into coordenador values (8);
insert into coordenador values (9);
insert into coordenador values (10);
insert into coordenador values (11);
insert into coordenador values (12);
insert into coordenador values (13);
insert into coordenador values (14);
insert into coordenador values (15);
insert into coordenador values (16);
insert into coordenador values (17);
insert into coordenador values (18);
insert into coordenador values (19);
insert into coordenador values (20);
insert into coordenador values (21);
insert into coordenador values (22);
insert into coordenador values (23);
insert into coordenador values (24);
insert into coordenador values (25);
insert into coordenador values (26);
insert into coordenador values (27);
insert into coordenador values (28);
insert into coordenador values (29);
insert into coordenador values (30);
insert into coordenador values (31);
insert into coordenador values (32);
insert into coordenador values (33);
insert into coordenador values (34);
insert into coordenador values (35);
insert into coordenador values (36);
insert into coordenador values (37);
insert into coordenador values (38);
insert into coordenador values (39);
insert into coordenador values (40);
insert into coordenador values (41);
insert into coordenador values (42);
insert into coordenador values (43);
insert into coordenador values (44);
insert into coordenador values (45);
insert into coordenador values (46);
insert into coordenador values (47);
insert into coordenador values (48);
insert into coordenador values (49);
insert into coordenador values (50);
insert into coordenador values (51);
insert into coordenador values (52);
insert into coordenador values (53);
insert into coordenador values (54);
insert into coordenador values (55);
insert into coordenador values (56);
insert into coordenador values (57);
insert into coordenador values (58);
insert into coordenador values (59);
insert into coordenador values (60);
insert into coordenador values (61);
insert into coordenador values (62);
insert into coordenador values (63);
insert into coordenador values (64);
insert into coordenador values (65);
insert into coordenador values (66);
insert into coordenador values (67);
insert into coordenador values (68);
insert into coordenador values (69);
insert into coordenador values (70);
insert into coordenador values (71);
insert into coordenador values (72);
insert into coordenador values (73);
insert into coordenador values (74);
insert into coordenador values (75);
insert into coordenador values (76);
insert into coordenador values (77);
insert into coordenador values (78);
insert into coordenador values (79);
insert into coordenador values (80);
insert into coordenador values (81);
insert into coordenador values (82);
insert into coordenador values (83);
insert into coordenador values (84);
insert into coordenador values (85);
insert into coordenador values (86);
insert into coordenador values (87);
insert into coordenador values (88);
insert into coordenador values (89);
insert into coordenador values (90);
insert into coordenador values (91);
insert into coordenador values (92);
insert into coordenador values (93);
insert into coordenador values (94);
insert into coordenador values (95);
insert into coordenador values (96);
insert into coordenador values (97);
insert into coordenador values (98);
insert into coordenador values (99);
insert into coordenador values (100);

insert into audita values (1, 1, 'força aérea_de_xuwat', 1, '2019-01-01 15:56:11', '2019-01-02 00:00:53', '2019-01-01','Auditoria do processo 1 que comecou no dia 2019-01-01 15:56:11 e acabou no dia 2019-01-02 00:00:53 da entidade força aérea_de_xuwat do Meio de Socorro');
insert into audita values (2, 2, 'município_de_faqom', 2, '2019-01-02 15:18:15', '2019-01-02 17:00:36', '2019-01-02','Auditoria do processo 2 que comecou no dia 2019-01-02 15:18:15 e acabou no dia 2019-01-02 17:00:36 da entidade município_de_faqom do Meio de Combate');
insert into audita values (3, 3, 'bombeiros_de_xexop', 3, '2019-01-02 13:35:42', '2019-01-03 16:34:53', '2019-01-02','Auditoria do processo 3 que comecou no dia 2019-01-02 13:35:42 e acabou no dia 2019-01-03 16:34:53 da entidade bombeiros_de_xexop do Meio de Combate');
insert into audita values (4, 4, 'exército_de_memem', 4, '2019-01-04 04:08:57', '2019-01-04 04:47:15', '2019-01-04','Auditoria do processo 4 que comecou no dia 2019-01-04 04:08:57 e acabou no dia 2019-01-04 04:47:15 da entidade exército_de_memem do Meio de Socorro');
insert into audita values (5, 5, 'município_de_xirul', 5, '2019-01-04 22:45:11', '2019-01-05 12:41:10', '2019-01-04','Auditoria do processo 5 que comecou no dia 2019-01-04 22:45:11 e acabou no dia 2019-01-05 12:41:10 da entidade município_de_xirul do Meio de Combate');
insert into audita values (6, 6, 'polícia_de_manuv', 6, '2019-01-07 05:16:36', '2019-01-07 08:38:32', '2019-01-07','Auditoria do processo 6 que comecou no dia 2019-01-07 05:16:36 e acabou no dia 2019-01-07 08:38:32 da entidade polícia_de_manuv do Meio de Combate');
insert into audita values (7, 7, 'exército_de_vewey', 7, '2019-01-09 21:07:52', '2019-01-10 20:19:31', '2019-01-09','Auditoria do processo 7 que comecou no dia 2019-01-09 21:07:52 e acabou no dia 2019-01-10 20:19:31 da entidade exército_de_vewey do Meio de Combate');
insert into audita values (8, 8, 'polícia_de_giyoz', 8, '2019-01-05 14:25:16', '2019-01-05 15:56:47', '2019-01-05','Auditoria do processo 8 que comecou no dia 2019-01-05 14:25:16 e acabou no dia 2019-01-05 15:56:47 da entidade polícia_de_giyoz do Meio de Combate');
insert into audita values (9, 9, 'força aérea_de_guyav', 9, '2019-01-07 14:11:14', '2019-01-08 02:29:12', '2019-01-07','Auditoria do processo 9 que comecou no dia 2019-01-07 14:11:14 e acabou no dia 2019-01-08 02:29:12 da entidade força aérea_de_guyav do Meio de Combate');
insert into audita values (10, 10, 'município_de_sugar', 10, '2019-01-07 19:12:00', '2019-01-07 23:35:15', '2019-01-07','Auditoria do processo 10 que comecou no dia 2019-01-07 19:12:00 e acabou no dia 2019-01-07 23:35:15 da entidade município_de_sugar do Meio de Combate');
insert into audita values (11, 11, 'bombeiros_de_kazan', 11, '2019-01-08 03:44:12', '2019-01-09 04:17:41', '2019-01-08','Auditoria do processo 11 que comecou no dia 2019-01-08 03:44:12 e acabou no dia 2019-01-09 04:17:41 da entidade bombeiros_de_kazan do Meio de Socorro');
insert into audita values (12, 12, 'município_de_cuvor', 12, '2019-01-07 18:59:01', '2019-01-08 06:01:43', '2019-01-07','Auditoria do processo 12 que comecou no dia 2019-01-07 18:59:01 e acabou no dia 2019-01-08 06:01:43 da entidade município_de_cuvor do Meio de Apoio');
insert into audita values (13, 13, 'polícia_de_powoz', 13, '2019-01-08 05:39:35', '2019-01-09 00:00:14', '2019-01-08','Auditoria do processo 13 que comecou no dia 2019-01-08 05:39:35 e acabou no dia 2019-01-09 00:00:14 da entidade polícia_de_powoz do Meio de Socorro');
insert into audita values (14, 14, 'exército_de_xuqox', 14, '2019-01-10 07:51:39', '2019-01-10 19:11:41', '2019-01-10','Auditoria do processo 14 que comecou no dia 2019-01-10 07:51:39 e acabou no dia 2019-01-10 19:11:41 da entidade exército_de_xuqox do Meio de Combate');
insert into audita values (15, 15, 'município_de_ragek', 15, '2019-01-08 15:34:00', '2019-01-08 16:48:24', '2019-01-08','Auditoria do processo 15 que comecou no dia 2019-01-08 15:34:00 e acabou no dia 2019-01-08 16:48:24 da entidade município_de_ragek do Meio de Apoio');
insert into audita values (16, 16, 'bombeiros_de_kuhif', 16, '2019-01-08 07:06:04', '2019-01-08 10:43:33', '2019-01-08','Auditoria do processo 16 que comecou no dia 2019-01-08 07:06:04 e acabou no dia 2019-01-08 10:43:33 da entidade bombeiros_de_kuhif do Meio de Combate');
insert into audita values (17, 17, 'exército_de_yotox', 17, '2019-01-11 19:29:41', '2019-01-11 22:19:05', '2019-01-11','Auditoria do processo 17 que comecou no dia 2019-01-11 19:29:41 e acabou no dia 2019-01-11 22:19:05 da entidade exército_de_yotox do Meio de Apoio');
insert into audita values (18, 18, 'polícia_de_vuxis', 18, '2019-01-16 17:42:43', '2019-01-18 17:42:28', '2019-01-16','Auditoria do processo 18 que comecou no dia 2019-01-16 17:42:43 e acabou no dia 2019-01-18 17:42:28 da entidade polícia_de_vuxis do Meio de Apoio');
insert into audita values (19, 19, 'polícia_de_nodiy', 19, '2019-01-10 23:52:08', '2019-01-12 06:00:25', '2019-01-10','Auditoria do processo 19 que comecou no dia 2019-01-10 23:52:08 e acabou no dia 2019-01-12 06:00:25 da entidade polícia_de_nodiy do Meio de Socorro');
insert into audita values (20, 20, 'polícia_de_vayil', 20, '2019-01-15 19:38:09', '2019-01-16 03:44:18', '2019-01-15','Auditoria do processo 20 que comecou no dia 2019-01-15 19:38:09 e acabou no dia 2019-01-16 03:44:18 da entidade polícia_de_vayil do Meio de Apoio');
insert into audita values (21, 21, 'exército_de_pitev', 21, '2019-01-14 03:45:59', '2019-01-14 09:29:33', '2019-01-14','Auditoria do processo 21 que comecou no dia 2019-01-14 03:45:59 e acabou no dia 2019-01-14 09:29:33 da entidade exército_de_pitev do Meio de Socorro');
insert into audita values (22, 22, 'bombeiros_de_jidom', 22, '2019-01-16 10:00:20', '2019-01-16 23:15:55', '2019-01-16','Auditoria do processo 22 que comecou no dia 2019-01-16 10:00:20 e acabou no dia 2019-01-16 23:15:55 da entidade bombeiros_de_jidom do Meio de Combate');
insert into audita values (23, 23, 'exército_de_soyab', 23, '2019-01-14 16:11:34', '2019-01-14 22:10:45', '2019-01-14','Auditoria do processo 23 que comecou no dia 2019-01-14 16:11:34 e acabou no dia 2019-01-14 22:10:45 da entidade exército_de_soyab do Meio de Combate');
insert into audita values (24, 24, 'força aérea_de_benen', 24, '2019-01-15 23:51:57', '2019-01-16 15:23:01', '2019-01-15','Auditoria do processo 24 que comecou no dia 2019-01-15 23:51:57 e acabou no dia 2019-01-16 15:23:01 da entidade força aérea_de_benen do Meio de Socorro');
insert into audita values (25, 25, 'bombeiros_de_dojul', 25, '2019-01-16 20:48:20', '2019-01-17 11:32:15', '2019-01-16','Auditoria do processo 25 que comecou no dia 2019-01-16 20:48:20 e acabou no dia 2019-01-17 11:32:15 da entidade bombeiros_de_dojul do Meio de Apoio');
insert into audita values (26, 26, 'bombeiros_de_fagum', 26, '2019-01-13 22:51:45', '2019-01-14 00:54:02', '2019-01-13','Auditoria do processo 26 que comecou no dia 2019-01-13 22:51:45 e acabou no dia 2019-01-14 00:54:02 da entidade bombeiros_de_fagum do Meio de Socorro');
insert into audita values (27, 27, 'bombeiros_de_qegum', 27, '2019-01-21 16:36:21', '2019-01-25 18:54:28', '2019-01-21','Auditoria do processo 27 que comecou no dia 2019-01-21 16:36:21 e acabou no dia 2019-01-25 18:54:28 da entidade bombeiros_de_qegum do Meio de Combate');
insert into audita values (28, 28, 'município_de_xoyuy', 28, '2019-01-13 03:43:04', '2019-01-13 06:44:50', '2019-01-13','Auditoria do processo 28 que comecou no dia 2019-01-13 03:43:04 e acabou no dia 2019-01-13 06:44:50 da entidade município_de_xoyuy do Meio de Apoio');
insert into audita values (29, 29, 'força aérea_de_yapel', 29, '2019-01-18 04:21:18', '2019-01-18 06:47:16', '2019-01-18','Auditoria do processo 29 que comecou no dia 2019-01-18 04:21:18 e acabou no dia 2019-01-18 06:47:16 da entidade força aérea_de_yapel do Meio de Apoio');
insert into audita values (30, 30, 'polícia_de_noseh', 30, '2019-01-14 18:54:49', '2019-01-16 02:37:24', '2019-01-14','Auditoria do processo 30 que comecou no dia 2019-01-14 18:54:49 e acabou no dia 2019-01-16 02:37:24 da entidade polícia_de_noseh do Meio de Apoio');
insert into audita values (31, 31, 'exército_de_femix', 31, '2019-01-24 12:49:31', '2019-01-24 22:58:26', '2019-01-24','Auditoria do processo 31 que comecou no dia 2019-01-24 12:49:31 e acabou no dia 2019-01-24 22:58:26 da entidade exército_de_femix do Meio de Apoio');
insert into audita values (32, 32, 'polícia_de_qecix', 32, '2019-01-20 07:01:48', '2019-01-20 07:21:14', '2019-01-20','Auditoria do processo 32 que comecou no dia 2019-01-20 07:01:48 e acabou no dia 2019-01-20 07:21:14 da entidade polícia_de_qecix do Meio de Apoio');
insert into audita values (33, 33, 'bombeiros_de_zutil', 33, '2019-01-29 19:59:24', '2019-01-30 18:40:12', '2019-01-29','Auditoria do processo 33 que comecou no dia 2019-01-29 19:59:24 e acabou no dia 2019-01-30 18:40:12 da entidade bombeiros_de_zutil do Meio de Apoio');
insert into audita values (34, 34, 'polícia_de_vaciz', 34, '2019-01-17 00:27:33', '2019-01-17 04:40:46', '2019-01-17','Auditoria do processo 34 que comecou no dia 2019-01-17 00:27:33 e acabou no dia 2019-01-17 04:40:46 da entidade polícia_de_vaciz do Meio de Socorro');
insert into audita values (35, 35, 'município_de_feyig', 35, '2019-01-28 09:17:27', '2019-01-28 10:20:46', '2019-01-28','Auditoria do processo 35 que comecou no dia 2019-01-28 09:17:27 e acabou no dia 2019-01-28 10:20:46 da entidade município_de_feyig do Meio de Combate');
insert into audita values (36, 36, 'exército_de_bifuj', 36, '2019-01-22 16:56:32', '2019-01-22 22:00:38', '2019-01-22','Auditoria do processo 36 que comecou no dia 2019-01-22 16:56:32 e acabou no dia 2019-01-22 22:00:38 da entidade exército_de_bifuj do Meio de Socorro');
insert into audita values (37, 37, 'exército_de_dodaq', 37, '2019-01-21 19:58:39', '2019-01-22 00:04:00', '2019-01-21','Auditoria do processo 37 que comecou no dia 2019-01-21 19:58:39 e acabou no dia 2019-01-22 00:04:00 da entidade exército_de_dodaq do Meio de Socorro');
insert into audita values (38, 38, 'exército_de_fomev', 38, '2019-01-21 13:37:09', '2019-01-21 17:07:22', '2019-01-21','Auditoria do processo 38 que comecou no dia 2019-01-21 13:37:09 e acabou no dia 2019-01-21 17:07:22 da entidade exército_de_fomev do Meio de Socorro');
insert into audita values (39, 39, 'município_de_bicol', 39, '2019-01-19 04:25:19', '2019-01-19 09:43:27', '2019-01-19','Auditoria do processo 39 que comecou no dia 2019-01-19 04:25:19 e acabou no dia 2019-01-19 09:43:27 da entidade município_de_bicol do Meio de Apoio');
insert into audita values (40, 40, 'município_de_royoh', 40, '2019-01-22 01:04:46', '2019-01-22 07:25:59', '2019-01-22','Auditoria do processo 40 que comecou no dia 2019-01-22 01:04:46 e acabou no dia 2019-01-22 07:25:59 da entidade município_de_royoh do Meio de Combate');
insert into audita values (41, 41, 'exército_de_gokov', 41, '2019-01-27 20:30:51', '2019-01-28 10:52:14', '2019-01-27','Auditoria do processo 41 que comecou no dia 2019-01-27 20:30:51 e acabou no dia 2019-01-28 10:52:14 da entidade exército_de_gokov do Meio de Apoio');
insert into audita values (42, 42, 'município_de_jetiv', 42, '2019-01-29 00:24:59', '2019-01-29 05:07:03', '2019-01-29','Auditoria do processo 42 que comecou no dia 2019-01-29 00:24:59 e acabou no dia 2019-01-29 05:07:03 da entidade município_de_jetiv do Meio de Socorro');
insert into audita values (43, 43, 'bombeiros_de_cumit', 43, '2019-01-23 22:10:32', '2019-01-24 03:38:13', '2019-01-23','Auditoria do processo 43 que comecou no dia 2019-01-23 22:10:32 e acabou no dia 2019-01-24 03:38:13 da entidade bombeiros_de_cumit do Meio de Combate');
insert into audita values (44, 44, 'polícia_de_huxot', 44, '2019-01-27 19:00:14', '2019-01-27 20:31:51', '2019-01-27','Auditoria do processo 44 que comecou no dia 2019-01-27 19:00:14 e acabou no dia 2019-01-27 20:31:51 da entidade polícia_de_huxot do Meio de Combate');
insert into audita values (45, 45, 'exército_de_gajep', 45, '2019-01-27 23:54:48', '2019-01-28 06:37:51', '2019-01-27','Auditoria do processo 45 que comecou no dia 2019-01-27 23:54:48 e acabou no dia 2019-01-28 06:37:51 da entidade exército_de_gajep do Meio de Apoio');
insert into audita values (46, 46, 'força aérea_de_qecak', 46, '2019-02-01 19:20:02', '2019-02-02 06:48:01', '2019-02-01','Auditoria do processo 46 que comecou no dia 2019-02-01 19:20:02 e acabou no dia 2019-02-02 06:48:01 da entidade força aérea_de_qecak do Meio de Combate');
insert into audita values (47, 47, 'força aérea_de_cabuy', 47, '2019-02-01 11:26:27', '2019-02-02 06:03:00', '2019-02-01','Auditoria do processo 47 que comecou no dia 2019-02-01 11:26:27 e acabou no dia 2019-02-02 06:03:00 da entidade força aérea_de_cabuy do Meio de Combate');
insert into audita values (48, 48, 'força aérea_de_fuqog', 48, '2019-02-01 01:13:07', '2019-02-01 14:51:28', '2019-02-01','Auditoria do processo 48 que comecou no dia 2019-02-01 01:13:07 e acabou no dia 2019-02-01 14:51:28 da entidade força aérea_de_fuqog do Meio de Combate');
insert into audita values (49, 49, 'município_de_xufaw', 49, '2019-02-04 06:27:28', '2019-02-04 08:58:50', '2019-02-04','Auditoria do processo 49 que comecou no dia 2019-02-04 06:27:28 e acabou no dia 2019-02-04 08:58:50 da entidade município_de_xufaw do Meio de Socorro');
insert into audita values (50, 50, 'bombeiros_de_kikoc', 50, '2019-01-26 03:34:59', '2019-01-26 07:28:35', '2019-01-26','Auditoria do processo 50 que comecou no dia 2019-01-26 03:34:59 e acabou no dia 2019-01-26 07:28:35 da entidade bombeiros_de_kikoc do Meio de Apoio');
insert into audita values (51, 51, 'bombeiros_de_wavov', 51, '2019-01-27 14:47:59', '2019-01-28 02:37:23', '2019-01-27','Auditoria do processo 51 que comecou no dia 2019-01-27 14:47:59 e acabou no dia 2019-01-28 02:37:23 da entidade bombeiros_de_wavov do Meio de Apoio');
insert into audita values (52, 52, 'polícia_de_meyif', 52, '2019-01-31 05:05:42', '2019-01-31 07:02:56', '2019-01-31','Auditoria do processo 52 que comecou no dia 2019-01-31 05:05:42 e acabou no dia 2019-01-31 07:02:56 da entidade polícia_de_meyif do Meio de Socorro');
insert into audita values (53, 53, 'força aérea_de_pafoh', 53, '2019-02-05 14:21:14', '2019-02-06 06:54:48', '2019-02-05','Auditoria do processo 53 que comecou no dia 2019-02-05 14:21:14 e acabou no dia 2019-02-06 06:54:48 da entidade força aérea_de_pafoh do Meio de Combate');
insert into audita values (54, 54, 'bombeiros_de_dateg', 54, '2019-02-04 18:04:05', '2019-02-04 19:54:55', '2019-02-04','Auditoria do processo 54 que comecou no dia 2019-02-04 18:04:05 e acabou no dia 2019-02-04 19:54:55 da entidade bombeiros_de_dateg do Meio de Socorro');
insert into audita values (55, 55, 'bombeiros_de_qufih', 55, '2019-02-08 20:45:15', '2019-02-08 23:32:23', '2019-02-08','Auditoria do processo 55 que comecou no dia 2019-02-08 20:45:15 e acabou no dia 2019-02-08 23:32:23 da entidade bombeiros_de_qufih do Meio de Socorro');
insert into audita values (56, 56, 'exército_de_sumuh', 56, '2019-02-05 03:51:55', '2019-02-05 11:04:09', '2019-02-05','Auditoria do processo 56 que comecou no dia 2019-02-05 03:51:55 e acabou no dia 2019-02-05 11:04:09 da entidade exército_de_sumuh do Meio de Apoio');
insert into audita values (57, 57, 'município_de_bexen', 57, '2019-02-02 19:52:26', '2019-02-03 02:32:40', '2019-02-02','Auditoria do processo 57 que comecou no dia 2019-02-02 19:52:26 e acabou no dia 2019-02-03 02:32:40 da entidade município_de_bexen do Meio de Combate');
insert into audita values (58, 58, 'bombeiros_de_tayov', 58, '2019-01-31 23:52:00', '2019-02-01 12:31:22', '2019-01-31','Auditoria do processo 58 que comecou no dia 2019-01-31 23:52:00 e acabou no dia 2019-02-01 12:31:22 da entidade bombeiros_de_tayov do Meio de Apoio');
insert into audita values (59, 59, 'bombeiros_de_bunot', 59, '2019-02-04 09:54:04', '2019-02-05 01:57:36', '2019-02-04','Auditoria do processo 59 que comecou no dia 2019-02-04 09:54:04 e acabou no dia 2019-02-05 01:57:36 da entidade bombeiros_de_bunot do Meio de Apoio');
insert into audita values (60, 60, 'município_de_nofib', 60, '2019-02-01 03:23:17', '2019-02-01 15:27:02', '2019-02-01','Auditoria do processo 60 que comecou no dia 2019-02-01 03:23:17 e acabou no dia 2019-02-01 15:27:02 da entidade município_de_nofib do Meio de Socorro');
insert into audita values (61, 61, 'exército_de_miwaz', 61, '2019-02-07 05:08:29', '2019-02-07 12:29:19', '2019-02-07','Auditoria do processo 61 que comecou no dia 2019-02-07 05:08:29 e acabou no dia 2019-02-07 12:29:19 da entidade exército_de_miwaz do Meio de Socorro');
insert into audita values (62, 62, 'exército_de_bofot', 62, '2019-02-06 12:53:17', '2019-02-07 12:14:10', '2019-02-06','Auditoria do processo 62 que comecou no dia 2019-02-06 12:53:17 e acabou no dia 2019-02-07 12:14:10 da entidade exército_de_bofot do Meio de Combate');
insert into audita values (63, 63, 'polícia_de_damal', 63, '2019-02-06 17:28:53', '2019-02-07 08:41:43', '2019-02-06','Auditoria do processo 63 que comecou no dia 2019-02-06 17:28:53 e acabou no dia 2019-02-07 08:41:43 da entidade polícia_de_damal do Meio de Socorro');
insert into audita values (64, 64, 'polícia_de_vugut', 64, '2019-02-11 05:37:46', '2019-02-11 12:02:17', '2019-02-11','Auditoria do processo 64 que comecou no dia 2019-02-11 05:37:46 e acabou no dia 2019-02-11 12:02:17 da entidade polícia_de_vugut do Meio de Apoio');
insert into audita values (65, 65, 'exército_de_hejej', 65, '2019-02-09 00:12:22', '2019-02-09 16:48:25', '2019-02-09','Auditoria do processo 65 que comecou no dia 2019-02-09 00:12:22 e acabou no dia 2019-02-09 16:48:25 da entidade exército_de_hejej do Meio de Apoio');
insert into audita values (66, 66, 'força aérea_de_kipiq', 66, '2019-02-10 16:22:27', '2019-02-12 03:07:53', '2019-02-10','Auditoria do processo 66 que comecou no dia 2019-02-10 16:22:27 e acabou no dia 2019-02-12 03:07:53 da entidade força aérea_de_kipiq do Meio de Socorro');
insert into audita values (67, 67, 'polícia_de_qadaq', 67, '2019-02-14 23:14:43', '2019-02-15 01:50:46', '2019-02-14','Auditoria do processo 67 que comecou no dia 2019-02-14 23:14:43 e acabou no dia 2019-02-15 01:50:46 da entidade polícia_de_qadaq do Meio de Socorro');
insert into audita values (68, 68, 'exército_de_lator', 68, '2019-02-07 01:18:51', '2019-02-07 03:32:26', '2019-02-07','Auditoria do processo 68 que comecou no dia 2019-02-07 01:18:51 e acabou no dia 2019-02-07 03:32:26 da entidade exército_de_lator do Meio de Apoio');
insert into audita values (69, 69, 'força aérea_de_pitof', 69, '2019-02-12 05:28:39', '2019-02-14 14:20:42', '2019-02-12','Auditoria do processo 69 que comecou no dia 2019-02-12 05:28:39 e acabou no dia 2019-02-14 14:20:42 da entidade força aérea_de_pitof do Meio de Apoio');
insert into audita values (70, 70, 'exército_de_fixex', 70, '2019-02-11 19:24:40', '2019-02-11 19:54:23', '2019-02-11','Auditoria do processo 70 que comecou no dia 2019-02-11 19:24:40 e acabou no dia 2019-02-11 19:54:23 da entidade exército_de_fixex do Meio de Apoio');
insert into audita values (71, 71, 'polícia_de_kanum', 71, '2019-02-17 16:16:39', '2019-02-17 18:51:05', '2019-02-17','Auditoria do processo 71 que comecou no dia 2019-02-17 16:16:39 e acabou no dia 2019-02-17 18:51:05 da entidade polícia_de_kanum do Meio de Apoio');
insert into audita values (72, 72, 'força aérea_de_lesif', 72, '2019-02-12 21:33:11', '2019-02-13 17:09:27', '2019-02-12','Auditoria do processo 72 que comecou no dia 2019-02-12 21:33:11 e acabou no dia 2019-02-13 17:09:27 da entidade força aérea_de_lesif do Meio de Combate');
insert into audita values (73, 73, 'exército_de_duvay', 73, '2019-02-08 16:59:31', '2019-02-09 04:53:10', '2019-02-08','Auditoria do processo 73 que comecou no dia 2019-02-08 16:59:31 e acabou no dia 2019-02-09 04:53:10 da entidade exército_de_duvay do Meio de Combate');
insert into audita values (74, 74, 'polícia_de_rivoy', 74, '2019-02-12 11:29:04', '2019-02-12 22:57:42', '2019-02-12','Auditoria do processo 74 que comecou no dia 2019-02-12 11:29:04 e acabou no dia 2019-02-12 22:57:42 da entidade polícia_de_rivoy do Meio de Combate');
insert into audita values (75, 75, 'bombeiros_de_dikex', 75, '2019-02-12 21:37:15', '2019-02-13 00:47:26', '2019-02-12','Auditoria do processo 75 que comecou no dia 2019-02-12 21:37:15 e acabou no dia 2019-02-13 00:47:26 da entidade bombeiros_de_dikex do Meio de Apoio');
insert into audita values (76, 76, 'município_de_dijak', 76, '2019-02-14 07:13:16', '2019-02-14 14:10:52', '2019-02-14','Auditoria do processo 76 que comecou no dia 2019-02-14 07:13:16 e acabou no dia 2019-02-14 14:10:52 da entidade município_de_dijak do Meio de Combate');
insert into audita values (77, 77, 'município_de_safur', 77, '2019-02-11 04:33:56', '2019-02-12 10:12:36', '2019-02-11','Auditoria do processo 77 que comecou no dia 2019-02-11 04:33:56 e acabou no dia 2019-02-12 10:12:36 da entidade município_de_safur do Meio de Combate');
insert into audita values (78, 78, 'força aérea_de_sotab', 78, '2019-02-15 18:12:03', '2019-02-16 16:29:15', '2019-02-15','Auditoria do processo 78 que comecou no dia 2019-02-15 18:12:03 e acabou no dia 2019-02-16 16:29:15 da entidade força aérea_de_sotab do Meio de Combate');
insert into audita values (79, 79, 'município_de_hapam', 79, '2019-02-14 04:22:17', '2019-02-14 23:31:03', '2019-02-14','Auditoria do processo 79 que comecou no dia 2019-02-14 04:22:17 e acabou no dia 2019-02-14 23:31:03 da entidade município_de_hapam do Meio de Socorro');
insert into audita values (80, 80, 'polícia_de_rexih', 80, '2019-02-15 15:33:11', '2019-02-16 00:13:40', '2019-02-15','Auditoria do processo 80 que comecou no dia 2019-02-15 15:33:11 e acabou no dia 2019-02-16 00:13:40 da entidade polícia_de_rexih do Meio de Socorro');
insert into audita values (81, 81, 'polícia_de_jufil', 81, '2019-02-15 05:19:36', '2019-02-15 12:50:21', '2019-02-15','Auditoria do processo 81 que comecou no dia 2019-02-15 05:19:36 e acabou no dia 2019-02-15 12:50:21 da entidade polícia_de_jufil do Meio de Apoio');
insert into audita values (82, 82, 'município_de_wulaz', 82, '2019-02-18 17:40:10', '2019-02-18 20:36:16', '2019-02-18','Auditoria do processo 82 que comecou no dia 2019-02-18 17:40:10 e acabou no dia 2019-02-18 20:36:16 da entidade município_de_wulaz do Meio de Apoio');
insert into audita values (83, 83, 'polícia_de_wijaw', 83, '2019-02-21 14:15:29', '2019-02-22 02:14:16', '2019-02-21','Auditoria do processo 83 que comecou no dia 2019-02-21 14:15:29 e acabou no dia 2019-02-22 02:14:16 da entidade polícia_de_wijaw do Meio de Combate');
insert into audita values (84, 84, 'exército_de_jedok', 84, '2019-02-19 02:30:45', '2019-02-19 18:25:10', '2019-02-19','Auditoria do processo 84 que comecou no dia 2019-02-19 02:30:45 e acabou no dia 2019-02-19 18:25:10 da entidade exército_de_jedok do Meio de Combate');
insert into audita values (85, 85, 'município_de_doxak', 85, '2019-02-18 22:31:37', '2019-02-19 10:06:10', '2019-02-18','Auditoria do processo 85 que comecou no dia 2019-02-18 22:31:37 e acabou no dia 2019-02-19 10:06:10 da entidade município_de_doxak do Meio de Combate');
insert into audita values (86, 86, 'exército_de_xosel', 86, '2019-02-18 12:03:05', '2019-02-18 17:35:37', '2019-02-18','Auditoria do processo 86 que comecou no dia 2019-02-18 12:03:05 e acabou no dia 2019-02-18 17:35:37 da entidade exército_de_xosel do Meio de Socorro');
insert into audita values (87, 87, 'município_de_vunap', 87, '2019-02-23 05:50:27', '2019-02-23 07:21:00', '2019-02-23','Auditoria do processo 87 que comecou no dia 2019-02-23 05:50:27 e acabou no dia 2019-02-23 07:21:00 da entidade município_de_vunap do Meio de Socorro');
insert into audita values (88, 88, 'município_de_miqoh', 88, '2019-02-21 14:34:38', '2019-02-21 19:37:57', '2019-02-21','Auditoria do processo 88 que comecou no dia 2019-02-21 14:34:38 e acabou no dia 2019-02-21 19:37:57 da entidade município_de_miqoh do Meio de Socorro');
insert into audita values (89, 89, 'polícia_de_foruv', 89, '2019-02-22 02:57:11', '2019-02-22 16:29:37', '2019-02-22','Auditoria do processo 89 que comecou no dia 2019-02-22 02:57:11 e acabou no dia 2019-02-22 16:29:37 da entidade polícia_de_foruv do Meio de Combate');
insert into audita values (90, 90, 'bombeiros_de_gumaz', 90, '2019-02-26 21:02:51', '2019-02-26 22:40:40', '2019-02-26','Auditoria do processo 90 que comecou no dia 2019-02-26 21:02:51 e acabou no dia 2019-02-26 22:40:40 da entidade bombeiros_de_gumaz do Meio de Socorro');
insert into audita values (91, 91, 'bombeiros_de_fiqin', 91, '2019-02-24 07:37:32', '2019-02-24 16:22:45', '2019-02-24','Auditoria do processo 91 que comecou no dia 2019-02-24 07:37:32 e acabou no dia 2019-02-24 16:22:45 da entidade bombeiros_de_fiqin do Meio de Combate');
insert into audita values (92, 92, 'exército_de_hubaj', 92, '2019-02-25 10:19:39', '2019-02-25 14:00:30', '2019-02-25','Auditoria do processo 92 que comecou no dia 2019-02-25 10:19:39 e acabou no dia 2019-02-25 14:00:30 da entidade exército_de_hubaj do Meio de Socorro');
insert into audita values (93, 93, 'força aérea_de_miwuc', 93, '2019-02-26 04:00:14', '2019-02-26 06:01:27', '2019-02-26','Auditoria do processo 93 que comecou no dia 2019-02-26 04:00:14 e acabou no dia 2019-02-26 06:01:27 da entidade força aérea_de_miwuc do Meio de Apoio');
insert into audita values (94, 94, 'exército_de_delic', 94, '2019-02-26 22:32:27', '2019-02-27 14:24:52', '2019-02-26','Auditoria do processo 94 que comecou no dia 2019-02-26 22:32:27 e acabou no dia 2019-02-27 14:24:52 da entidade exército_de_delic do Meio de Socorro');
insert into audita values (95, 95, 'município_de_qageg', 95, '2019-02-26 22:52:36', '2019-02-27 01:27:44', '2019-02-26','Auditoria do processo 95 que comecou no dia 2019-02-26 22:52:36 e acabou no dia 2019-02-27 01:27:44 da entidade município_de_qageg do Meio de Apoio');
insert into audita values (96, 96, 'exército_de_gohat', 96, '2019-02-28 03:53:18', '2019-02-28 11:15:30', '2019-02-28','Auditoria do processo 96 que comecou no dia 2019-02-28 03:53:18 e acabou no dia 2019-02-28 11:15:30 da entidade exército_de_gohat do Meio de Socorro');
insert into audita values (97, 97, 'força aérea_de_javog', 97, '2019-02-27 09:58:02', '2019-02-27 22:59:49', '2019-02-27','Auditoria do processo 97 que comecou no dia 2019-02-27 09:58:02 e acabou no dia 2019-02-27 22:59:49 da entidade força aérea_de_javog do Meio de Socorro');
insert into audita values (98, 98, 'polícia_de_kuhoq', 98, '2019-03-01 05:01:15', '2019-03-01 21:08:49', '2019-03-01','Auditoria do processo 98 que comecou no dia 2019-03-01 05:01:15 e acabou no dia 2019-03-01 21:08:49 da entidade polícia_de_kuhoq do Meio de Combate');
insert into audita values (99, 99, 'polícia_de_cugip', 99, '2019-02-27 14:25:37', '2019-02-28 00:34:49', '2019-02-27','Auditoria do processo 99 que comecou no dia 2019-02-27 14:25:37 e acabou no dia 2019-02-28 00:34:49 da entidade polícia_de_cugip do Meio de Apoio');
insert into audita values (100, 100, 'força aérea_de_kimif', 100, '2019-02-27 01:41:46', '2019-03-02 06:37:04', '2019-02-27','Auditoria do processo 100 que comecou no dia 2019-02-27 01:41:46 e acabou no dia 2019-03-02 06:37:04 da entidade força aérea_de_kimif do Meio de Combate');

insert into solicita values (1, '2018-01-20 17:41:14', 1, '2019-02-01 15:25:44', '2019-02-01 16:54:19');
insert into solicita values (2, '2018-01-21 00:43:44', 2, '2019-02-02 03:13:18', '2019-02-02 04:47:32');
insert into solicita values (3, '2018-01-21 05:44:40', 3, '2019-02-02 19:15:42', '2019-02-03 04:24:11');
insert into solicita values (4, '2018-01-21 06:40:04', 4, '2019-02-02 15:43:23', '2019-02-02 22:54:01');
insert into solicita values (5, '2018-01-21 11:33:55', 5, '2019-02-03 16:25:01', '2019-02-03 18:22:23');
insert into solicita values (6, '2018-01-21 11:45:51', 6, '2019-02-03 07:13:26', '2019-02-03 16:30:56');
insert into solicita values (7, '2018-01-21 13:17:20', 7, '2019-02-03 12:21:08', '2019-02-03 17:14:49');
insert into solicita values (8, '2018-01-21 15:04:02', 8, '2019-02-04 06:28:26', '2019-02-04 07:16:00');
insert into solicita values (9, '2018-01-21 16:41:03', 9, '2019-02-05 03:06:46', '2019-02-05 10:04:17');
insert into solicita values (10, '2018-01-21 16:41:16', 10, '2019-02-03 21:09:49', '2019-02-04 02:08:27');
insert into solicita values (11, '2018-01-21 20:13:08', 11, '2019-02-04 19:51:55', '2019-02-05 00:05:05');
insert into solicita values (12, '2018-01-22 00:18:34', 12, '2019-02-03 22:14:13', '2019-02-03 23:16:38');
insert into solicita values (13, '2018-01-22 01:15:43', 13, '2019-02-03 19:56:03', '2019-02-04 03:12:46');
insert into solicita values (14, '2018-01-22 04:28:45', 14, '2019-02-05 15:40:28', '2019-02-05 20:00:52');
insert into solicita values (15, '2018-01-22 05:26:33', 15, '2019-02-06 21:26:27', '2019-02-07 02:46:11');
insert into solicita values (16, '2018-01-22 10:00:50', 16, '2019-02-06 09:59:56', '2019-02-06 15:20:23');
insert into solicita values (17, '2018-01-22 21:08:55', 17, '2019-02-05 22:18:57', '2019-02-06 02:54:34');
insert into solicita values (18, '2018-01-22 21:58:34', 18, '2019-02-06 16:05:05', '2019-02-07 01:09:28');
insert into solicita values (19, '2018-01-22 22:28:19', 19, '2019-02-06 04:59:32', '2019-02-06 07:53:34');
insert into solicita values (20, '2018-01-23 00:43:38', 20, '2019-02-07 09:23:14', '2019-02-07 23:38:49');
insert into solicita values (21, '2018-01-23 02:18:09', 21, '2019-02-09 08:27:43', '2019-02-11 00:23:25');
insert into solicita values (22, '2018-01-23 07:29:59', 22, '2019-02-08 07:51:49', '2019-02-08 11:07:49');
insert into solicita values (23, '2018-01-23 07:35:12', 23, '2019-02-06 19:02:22', '2019-02-06 21:38:32');
insert into solicita values (24, '2018-01-23 07:35:39', 24, '2019-02-08 15:55:38', '2019-02-08 17:17:33');
insert into solicita values (25, '2018-01-23 13:15:42', 25, '2019-02-06 18:41:13', '2019-02-07 03:47:37');
insert into solicita values (26, '2018-01-23 15:14:50', 26, '2019-02-09 04:48:17', '2019-02-09 08:36:33');
insert into solicita values (27, '2018-01-23 15:55:33', 27, '2019-02-09 02:53:07', '2019-02-09 08:27:48');
insert into solicita values (28, '2018-01-23 19:21:53', 28, '2019-02-06 14:27:03', '2019-02-06 21:37:39');
insert into solicita values (29, '2018-01-23 22:15:42', 29, '2019-02-11 15:06:14', '2019-02-11 22:39:34');
insert into solicita values (30, '2018-01-23 23:54:28', 30, '2019-02-08 18:45:16', '2019-02-10 00:25:57');
insert into solicita values (31, '2018-01-24 01:17:29', 31, '2019-02-07 23:31:22', '2019-02-08 02:10:54');
insert into solicita values (32, '2018-01-24 02:01:19', 32, '2019-02-08 23:04:22', '2019-02-09 04:21:27');
insert into solicita values (33, '2018-01-24 02:04:06', 33, '2019-02-12 20:23:53', '2019-02-12 21:22:24');
insert into solicita values (34, '2018-01-24 03:07:51', 34, '2019-02-11 20:26:56', '2019-02-11 20:49:01');
insert into solicita values (35, '2018-01-24 05:46:31', 35, '2019-02-09 19:50:09', '2019-02-10 02:01:19');
insert into solicita values (36, '2018-01-24 06:57:30', 36, '2019-02-11 09:57:06', '2019-02-11 12:39:37');
insert into solicita values (37, '2018-01-24 13:42:12', 37, '2019-02-12 15:44:57', '2019-02-12 19:27:42');
insert into solicita values (38, '2018-01-24 14:12:48', 38, '2019-02-10 22:00:30', '2019-02-10 22:58:34');
insert into solicita values (39, '2018-01-24 15:22:54', 39, '2019-02-12 07:51:37', '2019-02-12 19:34:22');
insert into solicita values (40, '2018-01-24 19:44:34', 40, '2019-02-15 07:39:45', '2019-02-15 08:04:58');
insert into solicita values (41, '2018-01-24 21:59:57', 41, '2019-02-14 02:36:28', '2019-02-14 05:36:47');
insert into solicita values (42, '2018-01-24 22:31:11', 42, '2019-02-13 17:06:55', '2019-02-13 17:35:28');
insert into solicita values (43, '2018-01-25 00:02:27', 43, '2019-02-14 10:16:33', '2019-02-14 12:15:22');
insert into solicita values (44, '2018-01-25 03:27:11', 44, '2019-02-15 20:16:22', '2019-02-15 22:01:10');
insert into solicita values (45, '2018-01-25 04:47:15', 45, '2019-02-14 03:30:05', '2019-02-14 04:13:22');
insert into solicita values (46, '2018-01-25 05:02:20', 46, '2019-02-14 20:03:26', '2019-02-15 06:36:04');
insert into solicita values (47, '2018-01-25 07:21:24', 47, '2019-02-15 14:03:59', '2019-02-16 01:13:26');
insert into solicita values (48, '2018-01-25 10:35:46', 48, '2019-02-19 04:16:11', '2019-02-19 10:47:19');
insert into solicita values (49, '2018-01-25 13:29:36', 49, '2019-02-14 00:27:53', '2019-02-14 12:03:21');
insert into solicita values (50, '2018-01-25 15:34:42', 50, '2019-02-14 16:59:50', '2019-02-14 20:15:30');
insert into solicita values (51, '2018-01-25 16:46:04', 51, '2019-02-14 05:35:46', '2019-02-14 09:31:15');
insert into solicita values (52, '2018-01-25 19:00:48', 52, '2019-02-15 01:58:01', '2019-02-15 05:34:55');
insert into solicita values (53, '2018-01-25 22:47:26', 53, '2019-02-15 20:06:41', '2019-02-15 22:42:54');
insert into solicita values (54, '2018-01-25 22:55:07', 54, '2019-02-17 01:54:15', '2019-02-17 13:21:13');
insert into solicita values (55, '2018-01-25 23:10:10', 55, '2019-02-19 19:22:26', '2019-02-19 19:42:10');
insert into solicita values (56, '2018-01-25 23:25:06', 56, '2019-02-17 21:06:57', '2019-02-18 00:03:19');
insert into solicita values (57, '2018-01-26 08:44:54', 57, '2019-02-16 13:19:53', '2019-02-17 17:43:38');
insert into solicita values (58, '2018-01-26 14:10:43', 58, '2019-02-16 10:24:12', '2019-02-16 22:28:21');
insert into solicita values (59, '2018-01-26 14:25:27', 59, '2019-02-19 00:55:03', '2019-02-19 15:13:31');
insert into solicita values (60, '2018-01-26 19:35:48', 60, '2019-02-17 15:49:03', '2019-02-17 21:34:45');
insert into solicita values (61, '2018-01-26 19:48:49', 61, '2019-02-18 06:14:28', '2019-02-18 22:46:54');
insert into solicita values (62, '2018-01-26 20:22:28', 62, '2019-02-16 16:12:14', '2019-02-16 21:01:04');
insert into solicita values (63, '2018-01-26 22:44:51', 63, '2019-02-19 22:21:50', '2019-02-20 00:05:04');
insert into solicita values (64, '2018-01-26 22:47:01', 64, '2019-02-22 06:04:48', '2019-02-22 19:06:11');
insert into solicita values (65, '2018-01-27 00:15:13', 65, '2019-02-20 20:27:59', '2019-02-21 21:23:48');
insert into solicita values (66, '2018-01-27 01:47:16', 66, '2019-02-25 02:58:19', '2019-02-25 06:51:29');
insert into solicita values (67, '2018-01-27 07:24:42', 67, '2019-02-20 03:10:36', '2019-02-20 05:37:30');
insert into solicita values (68, '2018-01-27 08:14:34', 68, '2019-02-21 23:56:33', '2019-02-22 11:12:16');
insert into solicita values (69, '2018-01-27 08:38:01', 69, '2019-02-19 13:58:53', '2019-02-19 16:02:28');
insert into solicita values (70, '2018-01-27 09:52:34', 70, '2019-02-19 03:25:06', '2019-02-19 04:35:30');
insert into solicita values (71, '2018-01-27 11:18:10', 71, '2019-02-21 01:02:35', '2019-02-21 04:22:35');
insert into solicita values (72, '2018-01-27 12:09:06', 72, '2019-02-22 23:59:04', '2019-02-23 11:09:20');
insert into solicita values (73, '2018-01-27 16:45:28', 73, '2019-02-24 17:16:24', '2019-02-25 00:06:34');
insert into solicita values (74, '2018-01-27 19:22:31', 74, '2019-02-21 19:10:45', '2019-02-21 23:34:59');
insert into solicita values (75, '2018-01-27 21:13:27', 75, '2019-02-23 05:31:14', '2019-02-23 11:08:57');
insert into solicita values (76, '2018-01-27 22:41:03', 76, '2019-02-25 08:03:05', '2019-02-25 09:01:25');
insert into solicita values (77, '2018-01-28 02:00:13', 77, '2019-02-23 23:48:09', '2019-02-24 00:50:16');
insert into solicita values (78, '2018-01-28 03:32:13', 78, '2019-02-20 09:25:31', '2019-02-20 09:32:41');
insert into solicita values (79, '2018-01-28 11:26:40', 79, '2019-02-25 15:09:46', '2019-02-25 18:54:09');
insert into solicita values (80, '2018-01-28 14:09:23', 80, '2019-02-24 10:19:50', '2019-02-24 10:57:58');
insert into solicita values (81, '2018-01-28 17:52:38', 81, '2019-02-23 08:03:10', '2019-02-24 06:04:13');
insert into solicita values (82, '2018-01-28 19:58:32', 82, '2019-02-22 18:09:38', '2019-02-23 02:40:43');
insert into solicita values (83, '2018-01-28 20:49:55', 83, '2019-02-26 20:28:02', '2019-02-26 20:30:55');
insert into solicita values (84, '2018-01-28 22:49:55', 84, '2019-02-24 23:34:35', '2019-02-25 09:05:27');
insert into solicita values (85, '2018-01-28 23:08:18', 85, '2019-02-25 16:32:13', '2019-02-25 18:10:17');
insert into solicita values (86, '2018-01-28 23:19:40', 86, '2019-02-26 00:33:44', '2019-02-26 08:14:09');
insert into solicita values (87, '2018-01-28 23:43:42', 87, '2019-02-27 11:19:44', '2019-02-27 12:02:56');
insert into solicita values (88, '2018-01-29 02:48:49', 88, '2019-02-25 18:01:18', '2019-02-26 00:57:37');
insert into solicita values (89, '2018-01-29 04:13:50', 89, '2019-02-26 07:57:14', '2019-02-26 09:12:27');
insert into solicita values (90, '2018-01-29 11:41:46', 90, '2019-02-27 19:24:24', '2019-02-27 21:01:45');
insert into solicita values (91, '2018-01-29 12:15:04', 91, '2019-02-26 21:22:48', '2019-02-28 06:56:02');
insert into solicita values (92, '2018-01-29 13:06:56', 92, '2019-02-26 15:25:24', '2019-02-26 15:55:18');
insert into solicita values (93, '2018-01-29 14:17:59', 93, '2019-02-26 07:44:47', '2019-02-26 11:34:02');
insert into solicita values (94, '2018-01-29 14:33:58', 94, '2019-03-01 00:47:38', '2019-03-01 02:38:26');
insert into solicita values (95, '2018-01-29 15:29:00', 95, '2019-02-27 06:22:47', '2019-02-27 07:58:15');
insert into solicita values (96, '2018-01-29 18:48:51', 96, '2019-02-28 13:09:12', '2019-02-28 22:26:02');
insert into solicita values (97, '2018-01-30 02:40:41', 97, '2019-02-28 09:15:42', '2019-02-28 13:47:08');
insert into solicita values (98, '2018-01-30 02:58:42', 98, '2019-03-01 01:04:11', '2019-03-01 02:30:42');
insert into solicita values (99, '2018-01-30 03:05:00', 99, '2019-02-28 20:45:20', '2019-03-01 14:15:30');
insert into solicita values (100, '2018-01-30 04:08:38', 100, '2019-02-28 20:47:20', '2019-03-02 03:21:14');

