insert into camara values (1);
insert into camara values (2);
insert into camara values (3);
insert into camara values (4);
insert into camara values (5);
insert into camara values (6);
insert into camara values (7);
insert into camara values (8);
insert into camara values (9);
insert into camara values (10);
insert into camara values (11);
insert into camara values (12);
insert into camara values (13);
insert into camara values (14);
insert into camara values (15);
insert into camara values (16);
insert into camara values (17);
insert into camara values (18);
insert into camara values (19);
insert into camara values (20);
insert into camara values (21);
insert into camara values (22);
insert into camara values (23);
insert into camara values (24);
insert into camara values (25);
insert into camara values (26);
insert into camara values (27);
insert into camara values (28);
insert into camara values (29);
insert into camara values (30);
insert into camara values (31);
insert into camara values (32);
insert into camara values (33);
insert into camara values (34);
insert into camara values (35);
insert into camara values (36);
insert into camara values (37);
insert into camara values (38);
insert into camara values (39);
insert into camara values (40);
insert into camara values (41);
insert into camara values (42);
insert into camara values (43);
insert into camara values (44);
insert into camara values (45);
insert into camara values (46);
insert into camara values (47);
insert into camara values (48);
insert into camara values (49);
insert into camara values (50);
insert into camara values (51);
insert into camara values (52);
insert into camara values (53);
insert into camara values (54);
insert into camara values (55);
insert into camara values (56);
insert into camara values (57);
insert into camara values (58);
insert into camara values (59);
insert into camara values (60);
insert into camara values (61);
insert into camara values (62);
insert into camara values (63);
insert into camara values (64);
insert into camara values (65);
insert into camara values (66);
insert into camara values (67);
insert into camara values (68);
insert into camara values (69);
insert into camara values (70);
insert into camara values (71);
insert into camara values (72);
insert into camara values (73);
insert into camara values (74);
insert into camara values (75);
insert into camara values (76);
insert into camara values (77);
insert into camara values (78);
insert into camara values (79);
insert into camara values (80);
insert into camara values (81);
insert into camara values (82);
insert into camara values (83);
insert into camara values (84);
insert into camara values (85);
insert into camara values (86);
insert into camara values (87);
insert into camara values (88);
insert into camara values (89);
insert into camara values (90);
insert into camara values (91);
insert into camara values (92);
insert into camara values (93);
insert into camara values (94);
insert into camara values (95);
insert into camara values (96);
insert into camara values (97);
insert into camara values (98);
insert into camara values (99);
insert into camara values (100);

insert into video values ('2018-01-20 17:15:19', '2018-01-21 02:25:52', 1);
insert into video values ('2018-01-21 02:25:52', '2018-01-21 06:20:45', 2);
insert into video values ('2018-01-21 06:20:45', '2018-01-21 06:51:34', 3);
insert into video values ('2018-01-21 06:51:34', '2018-01-21 07:40:02', 4);
insert into video values ('2018-01-21 07:40:02', '2018-01-21 08:19:57', 5);
insert into video values ('2018-01-21 08:19:57', '2018-01-21 08:36:41', 6);
insert into video values ('2018-01-21 08:36:41', '2018-01-21 08:45:26', 7);
insert into video values ('2018-01-21 08:45:26', '2018-01-21 10:43:45', 8);
insert into video values ('2018-01-21 10:43:45', '2018-01-21 17:50:55', 9);
insert into video values ('2018-01-21 17:50:55', '2018-01-21 19:18:03', 10);
insert into video values ('2018-01-21 19:18:03', '2018-01-21 19:54:11', 11);
insert into video values ('2018-01-21 19:54:11', '2018-01-21 20:07:34', 12);
insert into video values ('2018-01-21 20:07:34', '2018-01-21 21:41:23', 13);
insert into video values ('2018-01-21 21:41:23', '2018-01-21 22:03:51', 14);
insert into video values ('2018-01-21 22:03:51', '2018-01-22 02:20:47', 15);
insert into video values ('2018-01-22 02:20:47', '2018-01-22 05:11:36', 16);
insert into video values ('2018-01-22 05:11:36', '2018-01-22 06:37:00', 17);
insert into video values ('2018-01-22 06:37:00', '2018-01-22 11:00:45', 18);
insert into video values ('2018-01-22 11:00:45', '2018-01-22 19:14:34', 19);
insert into video values ('2018-01-22 19:14:34', '2018-01-22 21:51:37', 20);
insert into video values ('2018-01-22 21:51:37', '2018-01-22 22:59:55', 21);
insert into video values ('2018-01-22 22:59:55', '2018-01-23 01:05:02', 22);
insert into video values ('2018-01-23 01:05:02', '2018-01-23 01:55:58', 23);
insert into video values ('2018-01-23 01:55:58', '2018-01-23 02:07:42', 24);
insert into video values ('2018-01-23 02:07:42', '2018-01-23 02:38:21', 25);
insert into video values ('2018-01-23 02:38:21', '2018-01-23 03:07:14', 26);
insert into video values ('2018-01-23 03:07:14', '2018-01-23 03:34:37', 27);
insert into video values ('2018-01-23 03:34:37', '2018-01-23 04:33:06', 28);
insert into video values ('2018-01-23 04:33:06', '2018-01-23 06:13:33', 29);
insert into video values ('2018-01-23 06:13:33', '2018-01-23 12:50:02', 30);
insert into video values ('2018-01-23 12:50:02', '2018-01-23 12:59:49', 31);
insert into video values ('2018-01-23 12:59:49', '2018-01-23 13:00:14', 32);
insert into video values ('2018-01-23 13:00:14', '2018-01-23 17:11:32', 33);
insert into video values ('2018-01-23 17:11:32', '2018-01-23 19:09:22', 34);
insert into video values ('2018-01-23 19:09:22', '2018-01-23 19:25:01', 35);
insert into video values ('2018-01-23 19:25:01', '2018-01-23 19:57:13', 36);
insert into video values ('2018-01-23 19:57:13', '2018-01-23 21:00:28', 37);
insert into video values ('2018-01-23 21:00:28', '2018-01-24 01:13:38', 38);
insert into video values ('2018-01-24 01:13:38', '2018-01-24 01:42:16', 39);
insert into video values ('2018-01-24 01:42:16', '2018-01-24 05:29:35', 40);
insert into video values ('2018-01-24 05:29:35', '2018-01-24 08:53:57', 41);
insert into video values ('2018-01-24 08:53:57', '2018-01-24 09:31:15', 42);
insert into video values ('2018-01-24 09:31:15', '2018-01-24 09:38:48', 43);
insert into video values ('2018-01-24 09:38:48', '2018-01-24 10:22:19', 44);
insert into video values ('2018-01-24 10:22:19', '2018-01-24 13:09:28', 45);
insert into video values ('2018-01-24 13:09:28', '2018-01-24 13:16:02', 46);
insert into video values ('2018-01-24 13:16:02', '2018-01-24 13:32:14', 47);
insert into video values ('2018-01-24 13:32:14', '2018-01-24 22:21:36', 48);
insert into video values ('2018-01-24 22:21:36', '2018-01-24 23:45:46', 49);
insert into video values ('2018-01-24 23:45:46', '2018-01-25 03:55:01', 50);
insert into video values ('2018-01-25 03:55:01', '2018-01-25 10:29:08', 51);
insert into video values ('2018-01-25 10:29:08', '2018-01-25 11:30:51', 52);
insert into video values ('2018-01-25 11:30:51', '2018-01-25 12:25:15', 53);
insert into video values ('2018-01-25 12:25:15', '2018-01-25 14:03:59', 54);
insert into video values ('2018-01-25 14:03:59', '2018-01-25 17:22:04', 55);
insert into video values ('2018-01-25 17:22:04', '2018-01-25 17:47:37', 56);
insert into video values ('2018-01-25 17:47:37', '2018-01-26 00:03:47', 57);
insert into video values ('2018-01-26 00:03:47', '2018-01-26 14:20:09', 58);
insert into video values ('2018-01-26 14:20:09', '2018-01-26 16:46:25', 59);
insert into video values ('2018-01-26 16:46:25', '2018-01-26 18:24:46', 60);
insert into video values ('2018-01-26 18:24:46', '2018-01-26 20:21:51', 61);
insert into video values ('2018-01-26 20:21:51', '2018-01-26 20:28:18', 62);
insert into video values ('2018-01-26 20:28:18', '2018-01-27 00:09:17', 63);
insert into video values ('2018-01-27 00:09:17', '2018-01-27 00:27:24', 64);
insert into video values ('2018-01-27 00:27:24', '2018-01-27 00:54:03', 65);
insert into video values ('2018-01-27 00:54:03', '2018-01-27 01:38:25', 66);
insert into video values ('2018-01-27 01:38:25', '2018-01-27 03:26:34', 67);
insert into video values ('2018-01-27 03:26:34', '2018-01-27 04:35:54', 68);
insert into video values ('2018-01-27 04:35:54', '2018-01-27 16:37:05', 69);
insert into video values ('2018-01-27 16:37:05', '2018-01-27 17:40:34', 70);
insert into video values ('2018-01-27 17:40:34', '2018-01-27 18:32:15', 71);
insert into video values ('2018-01-27 18:32:15', '2018-01-27 19:14:58', 72);
insert into video values ('2018-01-27 19:14:58', '2018-01-27 19:17:54', 73);
insert into video values ('2018-01-27 19:17:54', '2018-01-27 19:31:17', 74);
insert into video values ('2018-01-27 19:31:17', '2018-01-27 20:05:42', 75);
insert into video values ('2018-01-27 20:05:42', '2018-01-27 20:51:45', 76);
insert into video values ('2018-01-27 20:51:45', '2018-01-28 02:26:32', 77);
insert into video values ('2018-01-28 02:26:32', '2018-01-28 05:19:33', 78);
insert into video values ('2018-01-28 05:19:33', '2018-01-28 05:23:13', 79);
insert into video values ('2018-01-28 05:23:13', '2018-01-28 08:08:19', 80);
insert into video values ('2018-01-28 08:08:19', '2018-01-28 10:14:50', 81);
insert into video values ('2018-01-28 10:14:50', '2018-01-28 11:08:26', 82);
insert into video values ('2018-01-28 11:08:26', '2018-01-28 14:00:41', 83);
insert into video values ('2018-01-28 14:00:41', '2018-01-28 18:25:34', 84);
insert into video values ('2018-01-28 18:25:34', '2018-01-28 18:31:34', 85);
insert into video values ('2018-01-28 18:31:34', '2018-01-28 18:45:22', 86);
insert into video values ('2018-01-28 18:45:22', '2018-01-28 19:08:09', 87);
insert into video values ('2018-01-28 19:08:09', '2018-01-28 19:35:42', 88);
insert into video values ('2018-01-28 19:35:42', '2018-01-28 23:55:29', 89);
insert into video values ('2018-01-28 23:55:29', '2018-01-29 05:40:21', 90);
insert into video values ('2018-01-29 05:40:21', '2018-01-29 06:44:48', 91);
insert into video values ('2018-01-29 06:44:48', '2018-01-29 09:24:33', 92);
insert into video values ('2018-01-29 09:24:33', '2018-01-29 09:30:42', 93);
insert into video values ('2018-01-29 09:30:42', '2018-01-29 10:36:16', 94);
insert into video values ('2018-01-29 10:36:16', '2018-01-29 16:19:33', 95);
insert into video values ('2018-01-29 16:19:33', '2018-01-29 17:14:40', 96);
insert into video values ('2018-01-29 17:14:40', '2018-01-29 18:05:05', 97);
insert into video values ('2018-01-29 18:05:05', '2018-01-29 23:18:46', 98);
insert into video values ('2018-01-29 23:18:46', '2018-01-29 23:41:34', 99);
insert into video values ('2018-01-29 23:41:34', '2018-01-30 01:11:25', 100);

insert into segmentoVideo values (1, '9:10:33', '2018-01-20 17:15:19', 1);
insert into segmentoVideo values (2, '3:54:53', '2018-01-21 02:25:52', 2);
insert into segmentoVideo values (3, '0:30:49', '2018-01-21 06:20:45', 3);
insert into segmentoVideo values (4, '0:48:28', '2018-01-21 06:51:34', 4);
insert into segmentoVideo values (5, '0:39:55', '2018-01-21 07:40:02', 5);
insert into segmentoVideo values (6, '0:16:44', '2018-01-21 08:19:57', 6);
insert into segmentoVideo values (7, '0:08:45', '2018-01-21 08:36:41', 7);
insert into segmentoVideo values (8, '1:58:19', '2018-01-21 08:45:26', 8);
insert into segmentoVideo values (9, '7:07:10', '2018-01-21 10:43:45', 9);
insert into segmentoVideo values (10, '1:27:08', '2018-01-21 17:50:55', 10);
insert into segmentoVideo values (11, '0:36:08', '2018-01-21 19:18:03', 11);
insert into segmentoVideo values (12, '0:13:23', '2018-01-21 19:54:11', 12);
insert into segmentoVideo values (13, '1:33:49', '2018-01-21 20:07:34', 13);
insert into segmentoVideo values (14, '0:22:28', '2018-01-21 21:41:23', 14);
insert into segmentoVideo values (15, '4:16:56', '2018-01-21 22:03:51', 15);
insert into segmentoVideo values (16, '2:50:49', '2018-01-22 02:20:47', 16);
insert into segmentoVideo values (17, '1:25:24', '2018-01-22 05:11:36', 17);
insert into segmentoVideo values (18, '4:23:45', '2018-01-22 06:37:00', 18);
insert into segmentoVideo values (19, '8:13:49', '2018-01-22 11:00:45', 19);
insert into segmentoVideo values (20, '2:37:03', '2018-01-22 19:14:34', 20);
insert into segmentoVideo values (21, '1:08:18', '2018-01-22 21:51:37', 21);
insert into segmentoVideo values (22, '2:05:07', '2018-01-22 22:59:55', 22);
insert into segmentoVideo values (23, '0:50:56', '2018-01-23 01:05:02', 23);
insert into segmentoVideo values (24, '0:11:44', '2018-01-23 01:55:58', 24);
insert into segmentoVideo values (25, '0:30:39', '2018-01-23 02:07:42', 25);
insert into segmentoVideo values (26, '0:28:53', '2018-01-23 02:38:21', 26);
insert into segmentoVideo values (27, '0:27:23', '2018-01-23 03:07:14', 27);
insert into segmentoVideo values (28, '0:58:29', '2018-01-23 03:34:37', 28);
insert into segmentoVideo values (29, '1:40:27', '2018-01-23 04:33:06', 29);
insert into segmentoVideo values (30, '6:36:29', '2018-01-23 06:13:33', 30);
insert into segmentoVideo values (31, '0:09:47', '2018-01-23 12:50:02', 31);
insert into segmentoVideo values (32, '0:00:25', '2018-01-23 12:59:49', 32);
insert into segmentoVideo values (33, '4:11:18', '2018-01-23 13:00:14', 33);
insert into segmentoVideo values (34, '1:57:50', '2018-01-23 17:11:32', 34);
insert into segmentoVideo values (35, '0:15:39', '2018-01-23 19:09:22', 35);
insert into segmentoVideo values (36, '0:32:12', '2018-01-23 19:25:01', 36);
insert into segmentoVideo values (37, '1:03:15', '2018-01-23 19:57:13', 37);
insert into segmentoVideo values (38, '4:13:10', '2018-01-23 21:00:28', 38);
insert into segmentoVideo values (39, '0:28:38', '2018-01-24 01:13:38', 39);
insert into segmentoVideo values (40, '3:47:19', '2018-01-24 01:42:16', 40);
insert into segmentoVideo values (41, '3:24:22', '2018-01-24 05:29:35', 41);
insert into segmentoVideo values (42, '0:37:18', '2018-01-24 08:53:57', 42);
insert into segmentoVideo values (43, '0:07:33', '2018-01-24 09:31:15', 43);
insert into segmentoVideo values (44, '0:43:31', '2018-01-24 09:38:48', 44);
insert into segmentoVideo values (45, '2:47:09', '2018-01-24 10:22:19', 45);
insert into segmentoVideo values (46, '0:06:34', '2018-01-24 13:09:28', 46);
insert into segmentoVideo values (47, '0:16:12', '2018-01-24 13:16:02', 47);
insert into segmentoVideo values (48, '8:49:22', '2018-01-24 13:32:14', 48);
insert into segmentoVideo values (49, '1:24:10', '2018-01-24 22:21:36', 49);
insert into segmentoVideo values (50, '4:09:15', '2018-01-24 23:45:46', 50);
insert into segmentoVideo values (51, '6:34:07', '2018-01-25 03:55:01', 51);
insert into segmentoVideo values (52, '1:01:43', '2018-01-25 10:29:08', 52);
insert into segmentoVideo values (53, '0:54:24', '2018-01-25 11:30:51', 53);
insert into segmentoVideo values (54, '1:38:44', '2018-01-25 12:25:15', 54);
insert into segmentoVideo values (55, '3:18:05', '2018-01-25 14:03:59', 55);
insert into segmentoVideo values (56, '0:25:33', '2018-01-25 17:22:04', 56);
insert into segmentoVideo values (57, '6:16:10', '2018-01-25 17:47:37', 57);
insert into segmentoVideo values (58, '14:16:22', '2018-01-26 00:03:47', 58);
insert into segmentoVideo values (59, '2:26:16', '2018-01-26 14:20:09', 59);
insert into segmentoVideo values (60, '1:38:21', '2018-01-26 16:46:25', 60);
insert into segmentoVideo values (61, '1:57:05', '2018-01-26 18:24:46', 61);
insert into segmentoVideo values (62, '0:06:27', '2018-01-26 20:21:51', 62);
insert into segmentoVideo values (63, '3:40:59', '2018-01-26 20:28:18', 63);
insert into segmentoVideo values (64, '0:18:07', '2018-01-27 00:09:17', 64);
insert into segmentoVideo values (65, '0:26:39', '2018-01-27 00:27:24', 65);
insert into segmentoVideo values (66, '0:44:22', '2018-01-27 00:54:03', 66);
insert into segmentoVideo values (67, '1:48:09', '2018-01-27 01:38:25', 67);
insert into segmentoVideo values (68, '1:09:20', '2018-01-27 03:26:34', 68);
insert into segmentoVideo values (69, '12:01:11', '2018-01-27 04:35:54', 69);
insert into segmentoVideo values (70, '1:03:29', '2018-01-27 16:37:05', 70);
insert into segmentoVideo values (71, '0:51:41', '2018-01-27 17:40:34', 71);
insert into segmentoVideo values (72, '0:42:43', '2018-01-27 18:32:15', 72);
insert into segmentoVideo values (73, '0:02:56', '2018-01-27 19:14:58', 73);
insert into segmentoVideo values (74, '0:13:23', '2018-01-27 19:17:54', 74);
insert into segmentoVideo values (75, '0:34:25', '2018-01-27 19:31:17', 75);
insert into segmentoVideo values (76, '0:46:03', '2018-01-27 20:05:42', 76);
insert into segmentoVideo values (77, '5:34:47', '2018-01-27 20:51:45', 77);
insert into segmentoVideo values (78, '2:53:01', '2018-01-28 02:26:32', 78);
insert into segmentoVideo values (79, '0:03:40', '2018-01-28 05:19:33', 79);
insert into segmentoVideo values (80, '2:45:06', '2018-01-28 05:23:13', 80);
insert into segmentoVideo values (81, '2:06:31', '2018-01-28 08:08:19', 81);
insert into segmentoVideo values (82, '0:53:36', '2018-01-28 10:14:50', 82);
insert into segmentoVideo values (83, '2:52:15', '2018-01-28 11:08:26', 83);
insert into segmentoVideo values (84, '4:24:53', '2018-01-28 14:00:41', 84);
insert into segmentoVideo values (85, '0:06:00', '2018-01-28 18:25:34', 85);
insert into segmentoVideo values (86, '0:13:48', '2018-01-28 18:31:34', 86);
insert into segmentoVideo values (87, '0:22:47', '2018-01-28 18:45:22', 87);
insert into segmentoVideo values (88, '0:27:33', '2018-01-28 19:08:09', 88);
insert into segmentoVideo values (89, '4:19:47', '2018-01-28 19:35:42', 89);
insert into segmentoVideo values (90, '5:44:52', '2018-01-28 23:55:29', 90);
insert into segmentoVideo values (91, '1:04:27', '2018-01-29 05:40:21', 91);
insert into segmentoVideo values (92, '2:39:45', '2018-01-29 06:44:48', 92);
insert into segmentoVideo values (93, '0:06:09', '2018-01-29 09:24:33', 93);
insert into segmentoVideo values (94, '1:05:34', '2018-01-29 09:30:42', 94);
insert into segmentoVideo values (95, '5:43:17', '2018-01-29 10:36:16', 95);
insert into segmentoVideo values (96, '0:55:07', '2018-01-29 16:19:33', 96);
insert into segmentoVideo values (97, '0:50:25', '2018-01-29 17:14:40', 97);
insert into segmentoVideo values (98, '5:13:41', '2018-01-29 18:05:05', 98);
insert into segmentoVideo values (99, '0:22:48', '2018-01-29 23:18:46', 99);
insert into segmentoVideo values (100, '1:29:51', '2018-01-29 23:41:34', 100);

insert into local values ('address1');
insert into local values ('address2');
insert into local values ('address3');
insert into local values ('address4');
insert into local values ('address5');
insert into local values ('address6');
insert into local values ('address7');
insert into local values ('address8');
insert into local values ('address9');
insert into local values ('address10');
insert into local values ('address11');
insert into local values ('address12');
insert into local values ('address13');
insert into local values ('address14');
insert into local values ('address15');
insert into local values ('address16');
insert into local values ('address17');
insert into local values ('address18');
insert into local values ('address19');
insert into local values ('address20');
insert into local values ('address21');
insert into local values ('address22');
insert into local values ('address23');
insert into local values ('address24');
insert into local values ('address25');
insert into local values ('address26');
insert into local values ('address27');
insert into local values ('address28');
insert into local values ('address29');
insert into local values ('address30');
insert into local values ('address31');
insert into local values ('address32');
insert into local values ('address33');
insert into local values ('address34');
insert into local values ('address35');
insert into local values ('address36');
insert into local values ('address37');
insert into local values ('address38');
insert into local values ('address39');
insert into local values ('address40');
insert into local values ('address41');
insert into local values ('address42');
insert into local values ('address43');
insert into local values ('address44');
insert into local values ('address45');
insert into local values ('address46');
insert into local values ('address47');
insert into local values ('address48');
insert into local values ('address49');
insert into local values ('address50');
insert into local values ('address51');
insert into local values ('address52');
insert into local values ('address53');
insert into local values ('address54');
insert into local values ('address55');
insert into local values ('address56');
insert into local values ('address57');
insert into local values ('address58');
insert into local values ('address59');
insert into local values ('address60');
insert into local values ('address61');
insert into local values ('address62');
insert into local values ('address63');
insert into local values ('address64');
insert into local values ('address65');
insert into local values ('address66');
insert into local values ('address67');
insert into local values ('address68');
insert into local values ('address69');
insert into local values ('address70');
insert into local values ('address71');
insert into local values ('address72');
insert into local values ('address73');
insert into local values ('address74');
insert into local values ('address75');
insert into local values ('address76');
insert into local values ('address77');
insert into local values ('address78');
insert into local values ('address79');
insert into local values ('address80');
insert into local values ('address81');
insert into local values ('address82');
insert into local values ('address83');
insert into local values ('address84');
insert into local values ('address85');
insert into local values ('address86');
insert into local values ('address87');
insert into local values ('address88');
insert into local values ('address89');
insert into local values ('address90');
insert into local values ('address91');
insert into local values ('address92');
insert into local values ('address93');
insert into local values ('address94');
insert into local values ('address95');
insert into local values ('address96');
insert into local values ('address97');
insert into local values ('address98');
insert into local values ('address99');
insert into local values ('address100');

insert into vigia values ('address1', 1);
insert into vigia values ('address2', 2);
insert into vigia values ('address3', 3);
insert into vigia values ('address4', 4);
insert into vigia values ('address5', 5);
insert into vigia values ('address6', 6);
insert into vigia values ('address7', 7);
insert into vigia values ('address8', 8);
insert into vigia values ('address9', 9);
insert into vigia values ('address10', 10);
insert into vigia values ('address11', 11);
insert into vigia values ('address12', 12);
insert into vigia values ('address13', 13);
insert into vigia values ('address14', 14);
insert into vigia values ('address15', 15);
insert into vigia values ('address16', 16);
insert into vigia values ('address17', 17);
insert into vigia values ('address18', 18);
insert into vigia values ('address19', 19);
insert into vigia values ('address20', 20);
insert into vigia values ('address21', 21);
insert into vigia values ('address22', 22);
insert into vigia values ('address23', 23);
insert into vigia values ('address24', 24);
insert into vigia values ('address25', 25);
insert into vigia values ('address26', 26);
insert into vigia values ('address27', 27);
insert into vigia values ('address28', 28);
insert into vigia values ('address29', 29);
insert into vigia values ('address30', 30);
insert into vigia values ('address31', 31);
insert into vigia values ('address32', 32);
insert into vigia values ('address33', 33);
insert into vigia values ('address34', 34);
insert into vigia values ('address35', 35);
insert into vigia values ('address36', 36);
insert into vigia values ('address37', 37);
insert into vigia values ('address38', 38);
insert into vigia values ('address39', 39);
insert into vigia values ('address40', 40);
insert into vigia values ('address41', 41);
insert into vigia values ('address42', 42);
insert into vigia values ('address43', 43);
insert into vigia values ('address44', 44);
insert into vigia values ('address45', 45);
insert into vigia values ('address46', 46);
insert into vigia values ('address47', 47);
insert into vigia values ('address48', 48);
insert into vigia values ('address49', 49);
insert into vigia values ('address50', 50);
insert into vigia values ('address51', 51);
insert into vigia values ('address52', 52);
insert into vigia values ('address53', 53);
insert into vigia values ('address54', 54);
insert into vigia values ('address55', 55);
insert into vigia values ('address56', 56);
insert into vigia values ('address57', 57);
insert into vigia values ('address58', 58);
insert into vigia values ('address59', 59);
insert into vigia values ('address60', 60);
insert into vigia values ('address61', 61);
insert into vigia values ('address62', 62);
insert into vigia values ('address63', 63);
insert into vigia values ('address64', 64);
insert into vigia values ('address65', 65);
insert into vigia values ('address66', 66);
insert into vigia values ('address67', 67);
insert into vigia values ('address68', 68);
insert into vigia values ('address69', 69);
insert into vigia values ('address70', 70);
insert into vigia values ('address71', 71);
insert into vigia values ('address72', 72);
insert into vigia values ('address73', 73);
insert into vigia values ('address74', 74);
insert into vigia values ('address75', 75);
insert into vigia values ('address76', 76);
insert into vigia values ('address77', 77);
insert into vigia values ('address78', 78);
insert into vigia values ('address79', 79);
insert into vigia values ('address80', 80);
insert into vigia values ('address81', 81);
insert into vigia values ('address82', 82);
insert into vigia values ('address83', 83);
insert into vigia values ('address84', 84);
insert into vigia values ('address85', 85);
insert into vigia values ('address86', 86);
insert into vigia values ('address87', 87);
insert into vigia values ('address88', 88);
insert into vigia values ('address89', 89);
insert into vigia values ('address90', 90);
insert into vigia values ('address91', 91);
insert into vigia values ('address92', 92);
insert into vigia values ('address93', 93);
insert into vigia values ('address94', 94);
insert into vigia values ('address95', 95);
insert into vigia values ('address96', 96);
insert into vigia values ('address97', 97);
insert into vigia values ('address98', 98);
insert into vigia values ('address99', 99);
insert into vigia values ('address100', 100);

insert into processoSocorro values (1);
insert into processoSocorro values (2);
insert into processoSocorro values (3);
insert into processoSocorro values (4);
insert into processoSocorro values (5);
insert into processoSocorro values (6);
insert into processoSocorro values (7);
insert into processoSocorro values (8);
insert into processoSocorro values (9);
insert into processoSocorro values (10);
insert into processoSocorro values (11);
insert into processoSocorro values (12);
insert into processoSocorro values (13);
insert into processoSocorro values (14);
insert into processoSocorro values (15);
insert into processoSocorro values (16);
insert into processoSocorro values (17);
insert into processoSocorro values (18);
insert into processoSocorro values (19);
insert into processoSocorro values (20);
insert into processoSocorro values (21);
insert into processoSocorro values (22);
insert into processoSocorro values (23);
insert into processoSocorro values (24);
insert into processoSocorro values (25);
insert into processoSocorro values (26);
insert into processoSocorro values (27);
insert into processoSocorro values (28);
insert into processoSocorro values (29);
insert into processoSocorro values (30);
insert into processoSocorro values (31);
insert into processoSocorro values (32);
insert into processoSocorro values (33);
insert into processoSocorro values (34);
insert into processoSocorro values (35);
insert into processoSocorro values (36);
insert into processoSocorro values (37);
insert into processoSocorro values (38);
insert into processoSocorro values (39);
insert into processoSocorro values (40);
insert into processoSocorro values (41);
insert into processoSocorro values (42);
insert into processoSocorro values (43);
insert into processoSocorro values (44);
insert into processoSocorro values (45);
insert into processoSocorro values (46);
insert into processoSocorro values (47);
insert into processoSocorro values (48);
insert into processoSocorro values (49);
insert into processoSocorro values (50);
insert into processoSocorro values (51);
insert into processoSocorro values (52);
insert into processoSocorro values (53);
insert into processoSocorro values (54);
insert into processoSocorro values (55);
insert into processoSocorro values (56);
insert into processoSocorro values (57);
insert into processoSocorro values (58);
insert into processoSocorro values (59);
insert into processoSocorro values (60);
insert into processoSocorro values (61);
insert into processoSocorro values (62);
insert into processoSocorro values (63);
insert into processoSocorro values (64);
insert into processoSocorro values (65);
insert into processoSocorro values (66);
insert into processoSocorro values (67);
insert into processoSocorro values (68);
insert into processoSocorro values (69);
insert into processoSocorro values (70);
insert into processoSocorro values (71);
insert into processoSocorro values (72);
insert into processoSocorro values (73);
insert into processoSocorro values (74);
insert into processoSocorro values (75);
insert into processoSocorro values (76);
insert into processoSocorro values (77);
insert into processoSocorro values (78);
insert into processoSocorro values (79);
insert into processoSocorro values (80);
insert into processoSocorro values (81);
insert into processoSocorro values (82);
insert into processoSocorro values (83);
insert into processoSocorro values (84);
insert into processoSocorro values (85);
insert into processoSocorro values (86);
insert into processoSocorro values (87);
insert into processoSocorro values (88);
insert into processoSocorro values (89);
insert into processoSocorro values (90);
insert into processoSocorro values (91);
insert into processoSocorro values (92);
insert into processoSocorro values (93);
insert into processoSocorro values (94);
insert into processoSocorro values (95);
insert into processoSocorro values (96);
insert into processoSocorro values (97);
insert into processoSocorro values (98);
insert into processoSocorro values (99);
insert into processoSocorro values (100);

insert into eventoEmergencia values (169791594, '9:10:33', 'dokim', 'address1', 1);
insert into eventoEmergencia values (965984806, '3:54:53', 'tugul', 'address2', 2);
insert into eventoEmergencia values (585693956, '0:30:49', 'sevut', 'address3', 3);
insert into eventoEmergencia values (588502986, '0:48:28', 'gebup', 'address4', 4);
insert into eventoEmergencia values (214626055, '0:39:55', 'ronuf', 'address5', 5);
insert into eventoEmergencia values (694156908, '0:16:44', 'vones', 'address6', 6);
insert into eventoEmergencia values (488667858, '0:08:45', 'fozin', 'address7', 7);
insert into eventoEmergencia values (546172265, '1:58:19', 'suvag', 'address8', 8);
insert into eventoEmergencia values (120569268, '7:07:10', 'zozes', 'address9', 9);
insert into eventoEmergencia values (663697251, '1:27:08', 'civem', 'address10', 10);
insert into eventoEmergencia values (767678315, '0:36:08', 'hotoj', 'address11', 11);
insert into eventoEmergencia values (253823386, '0:13:23', 'kaxib', 'address12', 12);
insert into eventoEmergencia values (911217006, '1:33:49', 'hogup', 'address13', 13);
insert into eventoEmergencia values (573933329, '0:22:28', 'wojun', 'address14', 14);
insert into eventoEmergencia values (175058602, '4:16:56', 'gusup', 'address15', 15);
insert into eventoEmergencia values (825986131, '2:50:49', 'mepow', 'address16', 16);
insert into eventoEmergencia values (847362135, '1:25:24', 'juyed', 'address17', 17);
insert into eventoEmergencia values (553834241, '4:23:45', 'tomiz', 'address18', 18);
insert into eventoEmergencia values (887312187, '8:13:49', 'xohas', 'address19', 19);
insert into eventoEmergencia values (548911596, '2:37:03', 'qaluf', 'address20', 20);
insert into eventoEmergencia values (708138310, '1:08:18', 'yedak', 'address21', 21);
insert into eventoEmergencia values (312152824, '2:05:07', 'fojuh', 'address22', 22);
insert into eventoEmergencia values (158247707, '0:50:56', 'zehih', 'address23', 23);
insert into eventoEmergencia values (980059867, '0:11:44', 'xujug', 'address24', 24);
insert into eventoEmergencia values (419306246, '0:30:39', 'yeqed', 'address25', 25);
insert into eventoEmergencia values (246937945, '0:28:53', 'beteh', 'address26', 26);
insert into eventoEmergencia values (400112933, '0:27:23', 'neciy', 'address27', 27);
insert into eventoEmergencia values (573604300, '0:58:29', 'lumaf', 'address28', 28);
insert into eventoEmergencia values (272005902, '1:40:27', 'gaqid', 'address29', 29);
insert into eventoEmergencia values (987986969, '6:36:29', 'tuhut', 'address30', 30);
insert into eventoEmergencia values (168422053, '0:09:47', 'wewet', 'address31', 31);
insert into eventoEmergencia values (677746852, '0:00:25', 'qiquq', 'address32', 32);
insert into eventoEmergencia values (739944926, '4:11:18', 'bihof', 'address33', 33);
insert into eventoEmergencia values (412099636, '1:57:50', 'rovuh', 'address34', 34);
insert into eventoEmergencia values (365034043, '0:15:39', 'rapet', 'address35', 35);
insert into eventoEmergencia values (327181478, '0:32:12', 'pazep', 'address36', 36);
insert into eventoEmergencia values (399719493, '1:03:15', 'beqig', 'address37', 37);
insert into eventoEmergencia values (772329951, '4:13:10', 'funoq', 'address38', 38);
insert into eventoEmergencia values (103063843, '0:28:38', 'zomov', 'address39', 39);
insert into eventoEmergencia values (196262362, '3:47:19', 'huyuj', 'address40', 40);
insert into eventoEmergencia values (756959443, '3:24:22', 'qovak', 'address41', 41);
insert into eventoEmergencia values (340358651, '0:37:18', 'xehok', 'address42', 42);
insert into eventoEmergencia values (712307793, '0:07:33', 'wecef', 'address43', 43);
insert into eventoEmergencia values (998091752, '0:43:31', 'powes', 'address44', 44);
insert into eventoEmergencia values (495501651, '2:47:09', 'sicuf', 'address45', 45);
insert into eventoEmergencia values (777439533, '0:06:34', 'gazec', 'address46', 46);
insert into eventoEmergencia values (978960229, '0:16:12', 'kamoc', 'address47', 47);
insert into eventoEmergencia values (735049438, '8:49:22', 'haqik', 'address48', 48);
insert into eventoEmergencia values (710929284, '1:24:10', 'lucuj', 'address49', 49);
insert into eventoEmergencia values (134633014, '4:09:15', 'diwib', 'address50', 50);
insert into eventoEmergencia values (904967698, '6:34:07', 'zixuq', 'address51', 51);
insert into eventoEmergencia values (221738539, '1:01:43', 'dedir', 'address52', 52);
insert into eventoEmergencia values (555915438, '0:54:24', 'sufad', 'address53', 53);
insert into eventoEmergencia values (141371772, '1:38:44', 'monum', 'address54', 54);
insert into eventoEmergencia values (474915746, '3:18:05', 'xoyoz', 'address55', 55);
insert into eventoEmergencia values (417484826, '0:25:33', 'pabod', 'address56', 56);
insert into eventoEmergencia values (308484640, '6:16:10', 'facid', 'address57', 57);
insert into eventoEmergencia values (508813586, '14:16:22', 'sokav', 'address58', 58);
insert into eventoEmergencia values (396676753, '2:26:16', 'muval', 'address59', 59);
insert into eventoEmergencia values (412094861, '1:38:21', 'vuxul', 'address60', 60);
insert into eventoEmergencia values (620418164, '1:57:05', 'rifeq', 'address61', 61);
insert into eventoEmergencia values (223441224, '0:06:27', 'popuk', 'address62', 62);
insert into eventoEmergencia values (888440684, '3:40:59', 'tunod', 'address63', 63);
insert into eventoEmergencia values (482770047, '0:18:07', 'xujat', 'address64', 64);
insert into eventoEmergencia values (529655229, '0:26:39', 'nopit', 'address65', 65);
insert into eventoEmergencia values (215765529, '0:44:22', 'woziz', 'address66', 66);
insert into eventoEmergencia values (486992689, '1:48:09', 'novon', 'address67', 67);
insert into eventoEmergencia values (618740402, '1:09:20', 'sesag', 'address68', 68);
insert into eventoEmergencia values (165255946, '12:01:11', 'qivoy', 'address69', 69);
insert into eventoEmergencia values (569444129, '1:03:29', 'fuzoq', 'address70', 70);
insert into eventoEmergencia values (373674828, '0:51:41', 'bafog', 'address71', 71);
insert into eventoEmergencia values (103657651, '0:42:43', 'putuq', 'address72', 72);
insert into eventoEmergencia values (386857144, '0:02:56', 'fitov', 'address73', 73);
insert into eventoEmergencia values (755364930, '0:13:23', 'bixeq', 'address74', 74);
insert into eventoEmergencia values (754915572, '0:34:25', 'jozel', 'address75', 75);
insert into eventoEmergencia values (345255522, '0:46:03', 'xefes', 'address76', 76);
insert into eventoEmergencia values (297418084, '5:34:47', 'veyaw', 'address77', 77);
insert into eventoEmergencia values (694562577, '2:53:01', 'gofow', 'address78', 78);
insert into eventoEmergencia values (915522371, '0:03:40', 'lemev', 'address79', 79);
insert into eventoEmergencia values (104622786, '2:45:06', 'kapor', 'address80', 80);
insert into eventoEmergencia values (527950788, '2:06:31', 'yejob', 'address81', 81);
insert into eventoEmergencia values (391786503, '0:53:36', 'jaqoj', 'address82', 82);
insert into eventoEmergencia values (904157630, '2:52:15', 'dorev', 'address83', 83);
insert into eventoEmergencia values (704678727, '4:24:53', 'yucuz', 'address84', 84);
insert into eventoEmergencia values (566857575, '0:06:00', 'cexar', 'address85', 85);
insert into eventoEmergencia values (454951637, '0:13:48', 'fiyev', 'address86', 86);
insert into eventoEmergencia values (702799783, '0:22:47', 'yitij', 'address87', 87);
insert into eventoEmergencia values (407427674, '0:27:33', 'jezum', 'address88', 88);
insert into eventoEmergencia values (816596061, '4:19:47', 'yenuj', 'address89', 89);
insert into eventoEmergencia values (228949045, '5:44:52', 'rugoq', 'address90', 90);
insert into eventoEmergencia values (744284417, '1:04:27', 'purok', 'address91', 91);
insert into eventoEmergencia values (387861046, '2:39:45', 'qevun', 'address92', 92);
insert into eventoEmergencia values (532515429, '0:06:09', 'tifas', 'address93', 93);
insert into eventoEmergencia values (259550755, '1:05:34', 'bojez', 'address94', 94);
insert into eventoEmergencia values (828378098, '5:43:17', 'juhuy', 'address95', 95);
insert into eventoEmergencia values (424435959, '0:55:07', 'cepov', 'address96', 96);
insert into eventoEmergencia values (473774536, '0:50:25', 'difeg', 'address97', 97);
insert into eventoEmergencia values (379480815, '5:13:41', 'tilic', 'address98', 98);
insert into eventoEmergencia values (612403973, '0:22:48', 'sezob', 'address99', 99);
insert into eventoEmergencia values (673144748, '1:29:51', 'pelaj', 'address100', 100);

insert into entidadeMeio values ('bombeiros_de_cuwul');
insert into entidadeMeio values ('bombeiros_de_fimum');
insert into entidadeMeio values ('policia_de_xovuj');
insert into entidadeMeio values ('bombeiros_de_yigil');
insert into entidadeMeio values ('policia_de_jicaj');
insert into entidadeMeio values ('forca aerea_de_macix');
insert into entidadeMeio values ('bombeiros_de_giyux');
insert into entidadeMeio values ('municipio_de_detoq');
insert into entidadeMeio values ('bombeiros_de_zejiw');
insert into entidadeMeio values ('bombeiros_de_qusoc');
insert into entidadeMeio values ('forca aerea_de_vubiz');
insert into entidadeMeio values ('exercito_de_gudew');
insert into entidadeMeio values ('forca aerea_de_vufar');
insert into entidadeMeio values ('municipio_de_matak');
insert into entidadeMeio values ('forca aerea_de_nacag');
insert into entidadeMeio values ('policia_de_mubor');
insert into entidadeMeio values ('municipio_de_hazor');
insert into entidadeMeio values ('policia_de_jelux');
insert into entidadeMeio values ('forca aerea_de_tofik');
insert into entidadeMeio values ('municipio_de_sapit');
insert into entidadeMeio values ('municipio_de_gulaf');
insert into entidadeMeio values ('bombeiros_de_vijeh');
insert into entidadeMeio values ('forca aerea_de_zopuw');
insert into entidadeMeio values ('forca aerea_de_jibaz');
insert into entidadeMeio values ('bombeiros_de_yatir');
insert into entidadeMeio values ('policia_de_gusum');
insert into entidadeMeio values ('forca aerea_de_vediq');
insert into entidadeMeio values ('municipio_de_januw');
insert into entidadeMeio values ('exercito_de_jehun');
insert into entidadeMeio values ('forca aerea_de_sufoj');
insert into entidadeMeio values ('bombeiros_de_robij');
insert into entidadeMeio values ('exercito_de_fukin');
insert into entidadeMeio values ('bombeiros_de_wapuw');
insert into entidadeMeio values ('forca aerea_de_teset');
insert into entidadeMeio values ('forca aerea_de_fesel');
insert into entidadeMeio values ('exercito_de_gosij');
insert into entidadeMeio values ('policia_de_voroq');
insert into entidadeMeio values ('bombeiros_de_rosof');
insert into entidadeMeio values ('exercito_de_zanos');
insert into entidadeMeio values ('policia_de_migic');
insert into entidadeMeio values ('policia_de_qobom');
insert into entidadeMeio values ('municipio_de_wureb');
insert into entidadeMeio values ('bombeiros_de_qijap');
insert into entidadeMeio values ('bombeiros_de_likox');
insert into entidadeMeio values ('policia_de_doliz');
insert into entidadeMeio values ('bombeiros_de_nikav');
insert into entidadeMeio values ('municipio_de_hefiz');
insert into entidadeMeio values ('exercito_de_vukad');
insert into entidadeMeio values ('forca aerea_de_norer');
insert into entidadeMeio values ('policia_de_budaf');
insert into entidadeMeio values ('bombeiros_de_jazor');
insert into entidadeMeio values ('exercito_de_peguq');
insert into entidadeMeio values ('policia_de_lamom');
insert into entidadeMeio values ('bombeiros_de_senad');
insert into entidadeMeio values ('municipio_de_nacik');
insert into entidadeMeio values ('municipio_de_vanaw');
insert into entidadeMeio values ('municipio_de_sisaq');
insert into entidadeMeio values ('municipio_de_culax');
insert into entidadeMeio values ('policia_de_gubud');
insert into entidadeMeio values ('forca aerea_de_giyus');
insert into entidadeMeio values ('policia_de_pomaw');
insert into entidadeMeio values ('policia_de_jirib');
insert into entidadeMeio values ('policia_de_nusaf');
insert into entidadeMeio values ('forca aerea_de_vuvis');
insert into entidadeMeio values ('municipio_de_rokow');
insert into entidadeMeio values ('forca aerea_de_fopeq');
insert into entidadeMeio values ('municipio_de_huyor');
insert into entidadeMeio values ('bombeiros_de_joqis');
insert into entidadeMeio values ('municipio_de_zikaf');
insert into entidadeMeio values ('policia_de_pujew');
insert into entidadeMeio values ('policia_de_yuzow');
insert into entidadeMeio values ('exercito_de_vekum');
insert into entidadeMeio values ('forca aerea_de_raqep');
insert into entidadeMeio values ('municipio_de_foxet');
insert into entidadeMeio values ('exercito_de_huqor');
insert into entidadeMeio values ('exercito_de_kileb');
insert into entidadeMeio values ('forca aerea_de_wagay');
insert into entidadeMeio values ('policia_de_giwuj');
insert into entidadeMeio values ('bombeiros_de_fewiw');
insert into entidadeMeio values ('municipio_de_xuvul');
insert into entidadeMeio values ('municipio_de_zazoy');
insert into entidadeMeio values ('policia_de_piqok');
insert into entidadeMeio values ('municipio_de_hijay');
insert into entidadeMeio values ('exercito_de_lupew');
insert into entidadeMeio values ('exercito_de_jeqeh');
insert into entidadeMeio values ('forca aerea_de_meram');
insert into entidadeMeio values ('forca aerea_de_sulag');
insert into entidadeMeio values ('policia_de_fahif');
insert into entidadeMeio values ('bombeiros_de_maliy');
insert into entidadeMeio values ('bombeiros_de_pekah');
insert into entidadeMeio values ('policia_de_yaruf');
insert into entidadeMeio values ('exercito_de_seboc');
insert into entidadeMeio values ('municipio_de_vedab');
insert into entidadeMeio values ('policia_de_xiyon');
insert into entidadeMeio values ('bombeiros_de_quwow');
insert into entidadeMeio values ('municipio_de_quqey');
insert into entidadeMeio values ('forca aerea_de_pigap');
insert into entidadeMeio values ('exercito_de_mabos');
insert into entidadeMeio values ('forca aerea_de_kequg');
insert into entidadeMeio values ('exercito_de_vigok');

insert into meio values (1, 'Socorro', 'bombeiros_de_cuwul');
insert into meio values (2, 'Apoio', 'bombeiros_de_fimum');
insert into meio values (3, 'Apoio', 'policia_de_xovuj');
insert into meio values (4, 'Socorro', 'bombeiros_de_yigil');
insert into meio values (5, 'Apoio', 'policia_de_jicaj');
insert into meio values (6, 'Combate', 'forca aerea_de_macix');
insert into meio values (7, 'Socorro', 'bombeiros_de_giyux');
insert into meio values (8, 'Apoio', 'municipio_de_detoq');
insert into meio values (9, 'Apoio', 'bombeiros_de_zejiw');
insert into meio values (10, 'Socorro', 'bombeiros_de_qusoc');
insert into meio values (11, 'Apoio', 'forca aerea_de_vubiz');
insert into meio values (12, 'Socorro', 'exercito_de_gudew');
insert into meio values (13, 'Socorro', 'forca aerea_de_vufar');
insert into meio values (14, 'Combate', 'municipio_de_matak');
insert into meio values (15, 'Apoio', 'forca aerea_de_nacag');
insert into meio values (16, 'Combate', 'policia_de_mubor');
insert into meio values (17, 'Apoio', 'municipio_de_hazor');
insert into meio values (18, 'Combate', 'policia_de_jelux');
insert into meio values (19, 'Combate', 'forca aerea_de_tofik');
insert into meio values (20, 'Apoio', 'municipio_de_sapit');
insert into meio values (21, 'Socorro', 'municipio_de_gulaf');
insert into meio values (22, 'Apoio', 'bombeiros_de_vijeh');
insert into meio values (23, 'Apoio', 'forca aerea_de_zopuw');
insert into meio values (24, 'Socorro', 'forca aerea_de_jibaz');
insert into meio values (25, 'Socorro', 'bombeiros_de_yatir');
insert into meio values (26, 'Combate', 'policia_de_gusum');
insert into meio values (27, 'Socorro', 'forca aerea_de_vediq');
insert into meio values (28, 'Apoio', 'municipio_de_januw');
insert into meio values (29, 'Combate', 'exercito_de_jehun');
insert into meio values (30, 'Socorro', 'forca aerea_de_sufoj');
insert into meio values (31, 'Socorro', 'bombeiros_de_robij');
insert into meio values (32, 'Combate', 'exercito_de_fukin');
insert into meio values (33, 'Apoio', 'bombeiros_de_wapuw');
insert into meio values (34, 'Combate', 'forca aerea_de_teset');
insert into meio values (35, 'Socorro', 'forca aerea_de_fesel');
insert into meio values (36, 'Apoio', 'exercito_de_gosij');
insert into meio values (37, 'Apoio', 'policia_de_voroq');
insert into meio values (38, 'Socorro', 'bombeiros_de_rosof');
insert into meio values (39, 'Apoio', 'exercito_de_zanos');
insert into meio values (40, 'Combate', 'policia_de_migic');
insert into meio values (41, 'Combate', 'policia_de_qobom');
insert into meio values (42, 'Combate', 'municipio_de_wureb');
insert into meio values (43, 'Apoio', 'bombeiros_de_qijap');
insert into meio values (44, 'Socorro', 'bombeiros_de_likox');
insert into meio values (45, 'Combate', 'policia_de_doliz');
insert into meio values (46, 'Apoio', 'bombeiros_de_nikav');
insert into meio values (47, 'Apoio', 'municipio_de_hefiz');
insert into meio values (48, 'Combate', 'exercito_de_vukad');
insert into meio values (49, 'Combate', 'forca aerea_de_norer');
insert into meio values (50, 'Apoio', 'policia_de_budaf');
insert into meio values (51, 'Socorro', 'bombeiros_de_jazor');
insert into meio values (52, 'Apoio', 'exercito_de_peguq');
insert into meio values (53, 'Apoio', 'policia_de_lamom');
insert into meio values (54, 'Socorro', 'bombeiros_de_senad');
insert into meio values (55, 'Combate', 'municipio_de_nacik');
insert into meio values (56, 'Apoio', 'municipio_de_vanaw');
insert into meio values (57, 'Socorro', 'municipio_de_sisaq');
insert into meio values (58, 'Socorro', 'municipio_de_culax');
insert into meio values (59, 'Socorro', 'policia_de_gubud');
insert into meio values (60, 'Combate', 'forca aerea_de_giyus');
insert into meio values (61, 'Socorro', 'policia_de_pomaw');
insert into meio values (62, 'Socorro', 'policia_de_jirib');
insert into meio values (63, 'Apoio', 'policia_de_nusaf');
insert into meio values (64, 'Combate', 'forca aerea_de_vuvis');
insert into meio values (65, 'Apoio', 'municipio_de_rokow');
insert into meio values (66, 'Combate', 'forca aerea_de_fopeq');
insert into meio values (67, 'Socorro', 'municipio_de_huyor');
insert into meio values (68, 'Combate', 'bombeiros_de_joqis');
insert into meio values (69, 'Socorro', 'municipio_de_zikaf');
insert into meio values (70, 'Socorro', 'policia_de_pujew');
insert into meio values (71, 'Apoio', 'policia_de_yuzow');
insert into meio values (72, 'Apoio', 'exercito_de_vekum');
insert into meio values (73, 'Combate', 'forca aerea_de_raqep');
insert into meio values (74, 'Apoio', 'municipio_de_foxet');
insert into meio values (75, 'Combate', 'exercito_de_huqor');
insert into meio values (76, 'Socorro', 'exercito_de_kileb');
insert into meio values (77, 'Socorro', 'forca aerea_de_wagay');
insert into meio values (78, 'Socorro', 'policia_de_giwuj');
insert into meio values (79, 'Socorro', 'bombeiros_de_fewiw');
insert into meio values (80, 'Combate', 'municipio_de_xuvul');
insert into meio values (81, 'Socorro', 'municipio_de_zazoy');
insert into meio values (82, 'Socorro', 'policia_de_piqok');
insert into meio values (83, 'Apoio', 'municipio_de_hijay');
insert into meio values (84, 'Combate', 'exercito_de_lupew');
insert into meio values (85, 'Socorro', 'exercito_de_jeqeh');
insert into meio values (86, 'Socorro', 'forca aerea_de_meram');
insert into meio values (87, 'Apoio', 'forca aerea_de_sulag');
insert into meio values (88, 'Socorro', 'policia_de_fahif');
insert into meio values (89, 'Apoio', 'bombeiros_de_maliy');
insert into meio values (90, 'Combate', 'bombeiros_de_pekah');
insert into meio values (91, 'Apoio', 'policia_de_yaruf');
insert into meio values (92, 'Apoio', 'exercito_de_seboc');
insert into meio values (93, 'Apoio', 'municipio_de_vedab');
insert into meio values (94, 'Combate', 'policia_de_xiyon');
insert into meio values (95, 'Socorro', 'bombeiros_de_quwow');
insert into meio values (96, 'Apoio', 'municipio_de_quqey');
insert into meio values (97, 'Combate', 'forca aerea_de_pigap');
insert into meio values (98, 'Apoio', 'exercito_de_mabos');
insert into meio values (99, 'Combate', 'forca aerea_de_kequg');
insert into meio values (100, 'Socorro', 'exercito_de_vigok');

insert into meioCombate values (6, 'forca aerea_de_macix');
insert into meioCombate values (14, 'municipio_de_matak');
insert into meioCombate values (16, 'policia_de_mubor');
insert into meioCombate values (18, 'policia_de_jelux');
insert into meioCombate values (19, 'forca aerea_de_tofik');
insert into meioCombate values (26, 'policia_de_gusum');
insert into meioCombate values (29, 'exercito_de_jehun');
insert into meioCombate values (32, 'exercito_de_fukin');
insert into meioCombate values (34, 'forca aerea_de_teset');
insert into meioCombate values (40, 'policia_de_migic');
insert into meioCombate values (41, 'policia_de_qobom');
insert into meioCombate values (42, 'municipio_de_wureb');
insert into meioCombate values (45, 'policia_de_doliz');
insert into meioCombate values (48, 'exercito_de_vukad');
insert into meioCombate values (49, 'forca aerea_de_norer');
insert into meioCombate values (55, 'municipio_de_nacik');
insert into meioCombate values (60, 'forca aerea_de_giyus');
insert into meioCombate values (64, 'forca aerea_de_vuvis');
insert into meioCombate values (66, 'forca aerea_de_fopeq');
insert into meioCombate values (68, 'bombeiros_de_joqis');
insert into meioCombate values (73, 'forca aerea_de_raqep');
insert into meioCombate values (75, 'exercito_de_huqor');
insert into meioCombate values (80, 'municipio_de_xuvul');
insert into meioCombate values (84, 'exercito_de_lupew');
insert into meioCombate values (90, 'bombeiros_de_pekah');
insert into meioCombate values (94, 'policia_de_xiyon');
insert into meioCombate values (97, 'forca aerea_de_pigap');
insert into meioCombate values (99, 'forca aerea_de_kequg');

insert into meioApoio values (2, 'bombeiros_de_fimum');
insert into meioApoio values (3, 'policia_de_xovuj');
insert into meioApoio values (5, 'policia_de_jicaj');
insert into meioApoio values (8, 'municipio_de_detoq');
insert into meioApoio values (9, 'bombeiros_de_zejiw');
insert into meioApoio values (11, 'forca aerea_de_vubiz');
insert into meioApoio values (15, 'forca aerea_de_nacag');
insert into meioApoio values (17, 'municipio_de_hazor');
insert into meioApoio values (20, 'municipio_de_sapit');
insert into meioApoio values (22, 'bombeiros_de_vijeh');
insert into meioApoio values (23, 'forca aerea_de_zopuw');
insert into meioApoio values (28, 'municipio_de_januw');
insert into meioApoio values (33, 'bombeiros_de_wapuw');
insert into meioApoio values (36, 'exercito_de_gosij');
insert into meioApoio values (37, 'policia_de_voroq');
insert into meioApoio values (39, 'exercito_de_zanos');
insert into meioApoio values (43, 'bombeiros_de_qijap');
insert into meioApoio values (46, 'bombeiros_de_nikav');
insert into meioApoio values (47, 'municipio_de_hefiz');
insert into meioApoio values (50, 'policia_de_budaf');
insert into meioApoio values (52, 'exercito_de_peguq');
insert into meioApoio values (53, 'policia_de_lamom');
insert into meioApoio values (56, 'municipio_de_vanaw');
insert into meioApoio values (63, 'policia_de_nusaf');
insert into meioApoio values (65, 'municipio_de_rokow');
insert into meioApoio values (71, 'policia_de_yuzow');
insert into meioApoio values (72, 'exercito_de_vekum');
insert into meioApoio values (74, 'municipio_de_foxet');
insert into meioApoio values (83, 'municipio_de_hijay');
insert into meioApoio values (87, 'forca aerea_de_sulag');
insert into meioApoio values (89, 'bombeiros_de_maliy');
insert into meioApoio values (91, 'policia_de_yaruf');
insert into meioApoio values (92, 'exercito_de_seboc');
insert into meioApoio values (93, 'municipio_de_vedab');
insert into meioApoio values (96, 'municipio_de_quqey');
insert into meioApoio values (98, 'exercito_de_mabos');

insert into meioSocorro values (1, 'bombeiros_de_cuwul');
insert into meioSocorro values (4, 'bombeiros_de_yigil');
insert into meioSocorro values (7, 'bombeiros_de_giyux');
insert into meioSocorro values (10, 'bombeiros_de_qusoc');
insert into meioSocorro values (12, 'exercito_de_gudew');
insert into meioSocorro values (13, 'forca aerea_de_vufar');
insert into meioSocorro values (21, 'municipio_de_gulaf');
insert into meioSocorro values (24, 'forca aerea_de_jibaz');
insert into meioSocorro values (25, 'bombeiros_de_yatir');
insert into meioSocorro values (27, 'forca aerea_de_vediq');
insert into meioSocorro values (30, 'forca aerea_de_sufoj');
insert into meioSocorro values (31, 'bombeiros_de_robij');
insert into meioSocorro values (35, 'forca aerea_de_fesel');
insert into meioSocorro values (38, 'bombeiros_de_rosof');
insert into meioSocorro values (44, 'bombeiros_de_likox');
insert into meioSocorro values (51, 'bombeiros_de_jazor');
insert into meioSocorro values (54, 'bombeiros_de_senad');
insert into meioSocorro values (57, 'municipio_de_sisaq');
insert into meioSocorro values (58, 'municipio_de_culax');
insert into meioSocorro values (59, 'policia_de_gubud');
insert into meioSocorro values (61, 'policia_de_pomaw');
insert into meioSocorro values (62, 'policia_de_jirib');
insert into meioSocorro values (67, 'municipio_de_huyor');
insert into meioSocorro values (69, 'municipio_de_zikaf');
insert into meioSocorro values (70, 'policia_de_pujew');
insert into meioSocorro values (76, 'exercito_de_kileb');
insert into meioSocorro values (77, 'forca aerea_de_wagay');
insert into meioSocorro values (78, 'policia_de_giwuj');
insert into meioSocorro values (79, 'bombeiros_de_fewiw');
insert into meioSocorro values (81, 'municipio_de_zazoy');
insert into meioSocorro values (82, 'policia_de_piqok');
insert into meioSocorro values (85, 'exercito_de_jeqeh');
insert into meioSocorro values (86, 'forca aerea_de_meram');
insert into meioSocorro values (88, 'policia_de_fahif');
insert into meioSocorro values (95, 'bombeiros_de_quwow');
insert into meioSocorro values (100, 'exercito_de_vigok');

insert into transporta values (1, 'bombeiros_de_cuwul', 93, 1);
insert into transporta values (4, 'bombeiros_de_yigil', 59, 4);
insert into transporta values (7, 'bombeiros_de_giyux', 73, 7);
insert into transporta values (10, 'bombeiros_de_qusoc', 70, 10);
insert into transporta values (12, 'exercito_de_gudew', 70, 12);
insert into transporta values (13, 'forca aerea_de_vufar', 53, 13);
insert into transporta values (21, 'municipio_de_gulaf', 92, 21);
insert into transporta values (24, 'forca aerea_de_jibaz', 92, 24);
insert into transporta values (25, 'bombeiros_de_yatir', 79, 25);
insert into transporta values (27, 'forca aerea_de_vediq', 39, 27);
insert into transporta values (30, 'forca aerea_de_sufoj', 8, 30);
insert into transporta values (31, 'bombeiros_de_robij', 1, 31);
insert into transporta values (35, 'forca aerea_de_fesel', 57, 35);
insert into transporta values (38, 'bombeiros_de_rosof', 91, 38);
insert into transporta values (44, 'bombeiros_de_likox', 22, 44);
insert into transporta values (51, 'bombeiros_de_jazor', 73, 51);
insert into transporta values (54, 'bombeiros_de_senad', 76, 54);
insert into transporta values (57, 'municipio_de_sisaq', 24, 57);
insert into transporta values (58, 'municipio_de_culax', 61, 58);
insert into transporta values (59, 'policia_de_gubud', 70, 59);
insert into transporta values (61, 'policia_de_pomaw', 29, 61);
insert into transporta values (62, 'policia_de_jirib', 21, 62);
insert into transporta values (67, 'municipio_de_huyor', 53, 67);
insert into transporta values (69, 'municipio_de_zikaf', 35, 69);
insert into transporta values (70, 'policia_de_pujew', 86, 70);
insert into transporta values (76, 'exercito_de_kileb', 50, 76);
insert into transporta values (77, 'forca aerea_de_wagay', 76, 77);
insert into transporta values (78, 'policia_de_giwuj', 96, 78);
insert into transporta values (79, 'bombeiros_de_fewiw', 44, 79);
insert into transporta values (81, 'municipio_de_zazoy', 5, 81);
insert into transporta values (82, 'policia_de_piqok', 60, 82);
insert into transporta values (85, 'exercito_de_jeqeh', 22, 85);
insert into transporta values (86, 'forca aerea_de_meram', 4, 86);
insert into transporta values (88, 'policia_de_fahif', 97, 88);
insert into transporta values (95, 'bombeiros_de_quwow', 8, 95);
insert into transporta values (100, 'exercito_de_vigok', 15, 100);

insert into alocado values (2, 'bombeiros_de_fimum', 30, 2);
insert into alocado values (3, 'policia_de_xovuj', 8, 3);
insert into alocado values (5, 'policia_de_jicaj', 37, 5);
insert into alocado values (8, 'municipio_de_detoq', 5, 8);
insert into alocado values (9, 'bombeiros_de_zejiw', 29, 9);
insert into alocado values (11, 'forca aerea_de_vubiz', 35, 11);
insert into alocado values (15, 'forca aerea_de_nacag', 33, 15);
insert into alocado values (17, 'municipio_de_hazor', 4, 17);
insert into alocado values (20, 'municipio_de_sapit', 20, 20);
insert into alocado values (22, 'bombeiros_de_vijeh', 12, 22);
insert into alocado values (23, 'forca aerea_de_zopuw', 24, 23);
insert into alocado values (28, 'municipio_de_januw', 12, 28);
insert into alocado values (33, 'bombeiros_de_wapuw', 9, 33);
insert into alocado values (36, 'exercito_de_gosij', 2, 36);
insert into alocado values (37, 'policia_de_voroq', 13, 37);
insert into alocado values (39, 'exercito_de_zanos', 28, 39);
insert into alocado values (43, 'bombeiros_de_qijap', 60, 43);
insert into alocado values (46, 'bombeiros_de_nikav', 12, 46);
insert into alocado values (47, 'municipio_de_hefiz', 32, 47);
insert into alocado values (50, 'policia_de_budaf', 23, 50);
insert into alocado values (52, 'exercito_de_peguq', 3, 52);
insert into alocado values (53, 'policia_de_lamom', 13, 53);
insert into alocado values (56, 'municipio_de_vanaw', 55, 56);
insert into alocado values (63, 'policia_de_nusaf', 17, 63);
insert into alocado values (65, 'municipio_de_rokow', 38, 65);
insert into alocado values (71, 'policia_de_yuzow', 60, 71);
insert into alocado values (72, 'exercito_de_vekum', 8, 72);
insert into alocado values (74, 'municipio_de_foxet', 2, 74);
insert into alocado values (83, 'municipio_de_hijay', 28, 83);
insert into alocado values (87, 'forca aerea_de_sulag', 5, 87);
insert into alocado values (89, 'bombeiros_de_maliy', 20, 89);
insert into alocado values (91, 'policia_de_yaruf', 15, 91);
insert into alocado values (92, 'exercito_de_seboc', 52, 92);
insert into alocado values (93, 'municipio_de_vedab', 41, 93);
insert into alocado values (96, 'municipio_de_quqey', 45, 96);
insert into alocado values (98, 'exercito_de_mabos', 25, 98);

insert into acciona values (1, 'bombeiros_de_cuwul', 1);
insert into acciona values (2, 'bombeiros_de_fimum', 2);
insert into acciona values (3, 'policia_de_xovuj', 3);
insert into acciona values (4, 'bombeiros_de_yigil', 4);
insert into acciona values (5, 'policia_de_jicaj', 5);
insert into acciona values (6, 'forca aerea_de_macix', 6);
insert into acciona values (7, 'bombeiros_de_giyux', 7);
insert into acciona values (8, 'municipio_de_detoq', 8);
insert into acciona values (9, 'bombeiros_de_zejiw', 9);
insert into acciona values (10, 'bombeiros_de_qusoc', 10);
insert into acciona values (11, 'forca aerea_de_vubiz', 11);
insert into acciona values (12, 'exercito_de_gudew', 12);
insert into acciona values (13, 'forca aerea_de_vufar', 13);
insert into acciona values (14, 'municipio_de_matak', 14);
insert into acciona values (15, 'forca aerea_de_nacag', 15);
insert into acciona values (16, 'policia_de_mubor', 16);
insert into acciona values (17, 'municipio_de_hazor', 17);
insert into acciona values (18, 'policia_de_jelux', 18);
insert into acciona values (19, 'forca aerea_de_tofik', 19);
insert into acciona values (20, 'municipio_de_sapit', 20);
insert into acciona values (21, 'municipio_de_gulaf', 21);
insert into acciona values (22, 'bombeiros_de_vijeh', 22);
insert into acciona values (23, 'forca aerea_de_zopuw', 23);
insert into acciona values (24, 'forca aerea_de_jibaz', 24);
insert into acciona values (25, 'bombeiros_de_yatir', 25);
insert into acciona values (26, 'policia_de_gusum', 26);
insert into acciona values (27, 'forca aerea_de_vediq', 27);
insert into acciona values (28, 'municipio_de_januw', 28);
insert into acciona values (29, 'exercito_de_jehun', 29);
insert into acciona values (30, 'forca aerea_de_sufoj', 30);
insert into acciona values (31, 'bombeiros_de_robij', 31);
insert into acciona values (32, 'exercito_de_fukin', 32);
insert into acciona values (33, 'bombeiros_de_wapuw', 33);
insert into acciona values (34, 'forca aerea_de_teset', 34);
insert into acciona values (35, 'forca aerea_de_fesel', 35);
insert into acciona values (36, 'exercito_de_gosij', 36);
insert into acciona values (37, 'policia_de_voroq', 37);
insert into acciona values (38, 'bombeiros_de_rosof', 38);
insert into acciona values (39, 'exercito_de_zanos', 39);
insert into acciona values (40, 'policia_de_migic', 40);
insert into acciona values (41, 'policia_de_qobom', 41);
insert into acciona values (42, 'municipio_de_wureb', 42);
insert into acciona values (43, 'bombeiros_de_qijap', 43);
insert into acciona values (44, 'bombeiros_de_likox', 44);
insert into acciona values (45, 'policia_de_doliz', 45);
insert into acciona values (46, 'bombeiros_de_nikav', 46);
insert into acciona values (47, 'municipio_de_hefiz', 47);
insert into acciona values (48, 'exercito_de_vukad', 48);
insert into acciona values (49, 'forca aerea_de_norer', 49);
insert into acciona values (50, 'policia_de_budaf', 50);
insert into acciona values (51, 'bombeiros_de_jazor', 51);
insert into acciona values (52, 'exercito_de_peguq', 52);
insert into acciona values (53, 'policia_de_lamom', 53);
insert into acciona values (54, 'bombeiros_de_senad', 54);
insert into acciona values (55, 'municipio_de_nacik', 55);
insert into acciona values (56, 'municipio_de_vanaw', 56);
insert into acciona values (57, 'municipio_de_sisaq', 57);
insert into acciona values (58, 'municipio_de_culax', 58);
insert into acciona values (59, 'policia_de_gubud', 59);
insert into acciona values (60, 'forca aerea_de_giyus', 60);
insert into acciona values (61, 'policia_de_pomaw', 61);
insert into acciona values (62, 'policia_de_jirib', 62);
insert into acciona values (63, 'policia_de_nusaf', 63);
insert into acciona values (64, 'forca aerea_de_vuvis', 64);
insert into acciona values (65, 'municipio_de_rokow', 65);
insert into acciona values (66, 'forca aerea_de_fopeq', 66);
insert into acciona values (67, 'municipio_de_huyor', 67);
insert into acciona values (68, 'bombeiros_de_joqis', 68);
insert into acciona values (69, 'municipio_de_zikaf', 69);
insert into acciona values (70, 'policia_de_pujew', 70);
insert into acciona values (71, 'policia_de_yuzow', 71);
insert into acciona values (72, 'exercito_de_vekum', 72);
insert into acciona values (73, 'forca aerea_de_raqep', 73);
insert into acciona values (74, 'municipio_de_foxet', 74);
insert into acciona values (75, 'exercito_de_huqor', 75);
insert into acciona values (76, 'exercito_de_kileb', 76);
insert into acciona values (77, 'forca aerea_de_wagay', 77);
insert into acciona values (78, 'policia_de_giwuj', 78);
insert into acciona values (79, 'bombeiros_de_fewiw', 79);
insert into acciona values (80, 'municipio_de_xuvul', 80);
insert into acciona values (81, 'municipio_de_zazoy', 81);
insert into acciona values (82, 'policia_de_piqok', 82);
insert into acciona values (83, 'municipio_de_hijay', 83);
insert into acciona values (84, 'exercito_de_lupew', 84);
insert into acciona values (85, 'exercito_de_jeqeh', 85);
insert into acciona values (86, 'forca aerea_de_meram', 86);
insert into acciona values (87, 'forca aerea_de_sulag', 87);
insert into acciona values (88, 'policia_de_fahif', 88);
insert into acciona values (89, 'bombeiros_de_maliy', 89);
insert into acciona values (90, 'bombeiros_de_pekah', 90);
insert into acciona values (91, 'policia_de_yaruf', 91);
insert into acciona values (92, 'exercito_de_seboc', 92);
insert into acciona values (93, 'municipio_de_vedab', 93);
insert into acciona values (94, 'policia_de_xiyon', 94);
insert into acciona values (95, 'bombeiros_de_quwow', 95);
insert into acciona values (96, 'municipio_de_quqey', 96);
insert into acciona values (97, 'forca aerea_de_pigap', 97);
insert into acciona values (98, 'exercito_de_mabos', 98);
insert into acciona values (99, 'forca aerea_de_kequg', 99);
insert into acciona values (100, 'exercito_de_vigok', 100);

insert into coordenador values (1);
insert into coordenador values (2);
insert into coordenador values (3);
insert into coordenador values (4);
insert into coordenador values (5);
insert into coordenador values (6);
insert into coordenador values (7);
insert into coordenador values (8);
insert into coordenador values (9);
insert into coordenador values (10);
insert into coordenador values (11);
insert into coordenador values (12);
insert into coordenador values (13);
insert into coordenador values (14);
insert into coordenador values (15);
insert into coordenador values (16);
insert into coordenador values (17);
insert into coordenador values (18);
insert into coordenador values (19);
insert into coordenador values (20);
insert into coordenador values (21);
insert into coordenador values (22);
insert into coordenador values (23);
insert into coordenador values (24);
insert into coordenador values (25);
insert into coordenador values (26);
insert into coordenador values (27);
insert into coordenador values (28);
insert into coordenador values (29);
insert into coordenador values (30);
insert into coordenador values (31);
insert into coordenador values (32);
insert into coordenador values (33);
insert into coordenador values (34);
insert into coordenador values (35);
insert into coordenador values (36);
insert into coordenador values (37);
insert into coordenador values (38);
insert into coordenador values (39);
insert into coordenador values (40);
insert into coordenador values (41);
insert into coordenador values (42);
insert into coordenador values (43);
insert into coordenador values (44);
insert into coordenador values (45);
insert into coordenador values (46);
insert into coordenador values (47);
insert into coordenador values (48);
insert into coordenador values (49);
insert into coordenador values (50);
insert into coordenador values (51);
insert into coordenador values (52);
insert into coordenador values (53);
insert into coordenador values (54);
insert into coordenador values (55);
insert into coordenador values (56);
insert into coordenador values (57);
insert into coordenador values (58);
insert into coordenador values (59);
insert into coordenador values (60);
insert into coordenador values (61);
insert into coordenador values (62);
insert into coordenador values (63);
insert into coordenador values (64);
insert into coordenador values (65);
insert into coordenador values (66);
insert into coordenador values (67);
insert into coordenador values (68);
insert into coordenador values (69);
insert into coordenador values (70);
insert into coordenador values (71);
insert into coordenador values (72);
insert into coordenador values (73);
insert into coordenador values (74);
insert into coordenador values (75);
insert into coordenador values (76);
insert into coordenador values (77);
insert into coordenador values (78);
insert into coordenador values (79);
insert into coordenador values (80);
insert into coordenador values (81);
insert into coordenador values (82);
insert into coordenador values (83);
insert into coordenador values (84);
insert into coordenador values (85);
insert into coordenador values (86);
insert into coordenador values (87);
insert into coordenador values (88);
insert into coordenador values (89);
insert into coordenador values (90);
insert into coordenador values (91);
insert into coordenador values (92);
insert into coordenador values (93);
insert into coordenador values (94);
insert into coordenador values (95);
insert into coordenador values (96);
insert into coordenador values (97);
insert into coordenador values (98);
insert into coordenador values (99);
insert into coordenador values (100);

insert into audita values (1, 1, 'bombeiros_de_cuwul', 1, '2019-01-01 17:14:54', '2019-01-01 20:17:44', '2019-01-01','Auditoria do processo 1 que comecou no dia 2019-01-01 17:14:54 e acabou no dia 2019-01-01 20:17:44 da entidade bombeiros_de_cuwul do Meio de Socorro');
insert into audita values (2, 2, 'bombeiros_de_fimum', 2, '2019-01-01 23:04:44', '2019-01-04 03:10:01', '2019-01-01','Auditoria do processo 2 que comecou no dia 2019-01-01 23:04:44 e acabou no dia 2019-01-04 03:10:01 da entidade bombeiros_de_fimum do Meio de Apoio');
insert into audita values (3, 3, 'policia_de_xovuj', 3, '2019-01-03 02:24:15', '2019-01-03 18:34:56', '2019-01-03','Auditoria do processo 3 que comecou no dia 2019-01-03 02:24:15 e acabou no dia 2019-01-03 18:34:56 da entidade policia_de_xovuj do Meio de Apoio');
insert into audita values (4, 4, 'bombeiros_de_yigil', 4, '2019-01-05 13:24:33', '2019-01-05 15:34:51', '2019-01-05','Auditoria do processo 4 que comecou no dia 2019-01-05 13:24:33 e acabou no dia 2019-01-05 15:34:51 da entidade bombeiros_de_yigil do Meio de Socorro');
insert into audita values (5, 5, 'policia_de_jicaj', 5, '2019-01-03 05:11:34', '2019-01-03 10:10:02', '2019-01-03','Auditoria do processo 5 que comecou no dia 2019-01-03 05:11:34 e acabou no dia 2019-01-03 10:10:02 da entidade policia_de_jicaj do Meio de Apoio');
insert into audita values (6, 6, 'forca aerea_de_macix', 6, '2019-01-03 15:08:02', '2019-01-03 18:59:37', '2019-01-03','Auditoria do processo 6 que comecou no dia 2019-01-03 15:08:02 e acabou no dia 2019-01-03 18:59:37 da entidade forca aerea_de_macix do Meio de Combate');
insert into audita values (7, 7, 'bombeiros_de_giyux', 7, '2019-01-04 13:38:32', '2019-01-04 19:34:04', '2019-01-04','Auditoria do processo 7 que comecou no dia 2019-01-04 13:38:32 e acabou no dia 2019-01-04 19:34:04 da entidade bombeiros_de_giyux do Meio de Socorro');
insert into audita values (8, 8, 'municipio_de_detoq', 8, '2019-01-03 22:53:58', '2019-01-05 05:15:53', '2019-01-03','Auditoria do processo 8 que comecou no dia 2019-01-03 22:53:58 e acabou no dia 2019-01-05 05:15:53 da entidade municipio_de_detoq do Meio de Apoio');
insert into audita values (9, 9, 'bombeiros_de_zejiw', 9, '2019-01-04 19:11:59', '2019-01-05 14:28:50', '2019-01-04','Auditoria do processo 9 que comecou no dia 2019-01-04 19:11:59 e acabou no dia 2019-01-05 14:28:50 da entidade bombeiros_de_zejiw do Meio de Apoio');
insert into audita values (10, 10, 'bombeiros_de_qusoc', 10, '2019-01-07 11:19:03', '2019-01-07 22:02:38', '2019-01-07','Auditoria do processo 10 que comecou no dia 2019-01-07 11:19:03 e acabou no dia 2019-01-07 22:02:38 da entidade bombeiros_de_qusoc do Meio de Socorro');
insert into audita values (11, 11, 'forca aerea_de_vubiz', 11, '2019-01-07 10:55:25', '2019-01-07 18:27:21', '2019-01-07','Auditoria do processo 11 que comecou no dia 2019-01-07 10:55:25 e acabou no dia 2019-01-07 18:27:21 da entidade forca aerea_de_vubiz do Meio de Apoio');
insert into audita values (12, 12, 'exercito_de_gudew', 12, '2019-01-10 22:26:50', '2019-01-11 06:25:20', '2019-01-10','Auditoria do processo 12 que comecou no dia 2019-01-10 22:26:50 e acabou no dia 2019-01-11 06:25:20 da entidade exercito_de_gudew do Meio de Socorro');
insert into audita values (13, 13, 'forca aerea_de_vufar', 13, '2019-01-08 20:15:47', '2019-01-09 19:13:31', '2019-01-08','Auditoria do processo 13 que comecou no dia 2019-01-08 20:15:47 e acabou no dia 2019-01-09 19:13:31 da entidade forca aerea_de_vufar do Meio de Socorro');
insert into audita values (14, 14, 'municipio_de_matak', 14, '2019-01-14 22:06:49', '2019-01-15 04:20:04', '2019-01-14','Auditoria do processo 14 que comecou no dia 2019-01-14 22:06:49 e acabou no dia 2019-01-15 04:20:04 da entidade municipio_de_matak do Meio de Combate');
insert into audita values (15, 15, 'forca aerea_de_nacag', 15, '2019-01-12 01:49:16', '2019-01-12 11:01:47', '2019-01-12','Auditoria do processo 15 que comecou no dia 2019-01-12 01:49:16 e acabou no dia 2019-01-12 11:01:47 da entidade forca aerea_de_nacag do Meio de Apoio');
insert into audita values (16, 16, 'policia_de_mubor', 16, '2019-01-10 22:00:12', '2019-01-11 02:25:41', '2019-01-10','Auditoria do processo 16 que comecou no dia 2019-01-10 22:00:12 e acabou no dia 2019-01-11 02:25:41 da entidade policia_de_mubor do Meio de Combate');
insert into audita values (17, 17, 'municipio_de_hazor', 17, '2019-01-10 18:02:35', '2019-01-11 15:48:09', '2019-01-10','Auditoria do processo 17 que comecou no dia 2019-01-10 18:02:35 e acabou no dia 2019-01-11 15:48:09 da entidade municipio_de_hazor do Meio de Apoio');
insert into audita values (18, 18, 'policia_de_jelux', 18, '2019-01-10 09:40:08', '2019-01-10 20:43:31', '2019-01-10','Auditoria do processo 18 que comecou no dia 2019-01-10 09:40:08 e acabou no dia 2019-01-10 20:43:31 da entidade policia_de_jelux do Meio de Combate');
insert into audita values (19, 19, 'forca aerea_de_tofik', 19, '2019-01-11 04:02:26', '2019-01-12 20:12:40', '2019-01-11','Auditoria do processo 19 que comecou no dia 2019-01-11 04:02:26 e acabou no dia 2019-01-12 20:12:40 da entidade forca aerea_de_tofik do Meio de Combate');
insert into audita values (20, 20, 'municipio_de_sapit', 20, '2019-01-12 05:38:32', '2019-01-12 18:58:26', '2019-01-12','Auditoria do processo 20 que comecou no dia 2019-01-12 05:38:32 e acabou no dia 2019-01-12 18:58:26 da entidade municipio_de_sapit do Meio de Apoio');
insert into audita values (21, 21, 'municipio_de_gulaf', 21, '2019-01-15 23:51:02', '2019-01-17 13:31:04', '2019-01-15','Auditoria do processo 21 que comecou no dia 2019-01-15 23:51:02 e acabou no dia 2019-01-17 13:31:04 da entidade municipio_de_gulaf do Meio de Socorro');
insert into audita values (22, 22, 'bombeiros_de_vijeh', 22, '2019-01-13 18:35:53', '2019-01-14 12:47:19', '2019-01-13','Auditoria do processo 22 que comecou no dia 2019-01-13 18:35:53 e acabou no dia 2019-01-14 12:47:19 da entidade bombeiros_de_vijeh do Meio de Apoio');
insert into audita values (23, 23, 'forca aerea_de_zopuw', 23, '2019-01-16 00:27:26', '2019-01-16 17:03:50', '2019-01-16','Auditoria do processo 23 que comecou no dia 2019-01-16 00:27:26 e acabou no dia 2019-01-16 17:03:50 da entidade forca aerea_de_zopuw do Meio de Apoio');
insert into audita values (24, 24, 'forca aerea_de_jibaz', 24, '2019-01-16 04:35:11', '2019-01-16 15:01:32', '2019-01-16','Auditoria do processo 24 que comecou no dia 2019-01-16 04:35:11 e acabou no dia 2019-01-16 15:01:32 da entidade forca aerea_de_jibaz do Meio de Socorro');
insert into audita values (25, 25, 'bombeiros_de_yatir', 25, '2019-01-15 22:09:54', '2019-01-15 23:05:39', '2019-01-15','Auditoria do processo 25 que comecou no dia 2019-01-15 22:09:54 e acabou no dia 2019-01-15 23:05:39 da entidade bombeiros_de_yatir do Meio de Socorro');
insert into audita values (26, 26, 'policia_de_gusum', 26, '2019-01-20 10:30:31', '2019-01-22 10:10:41', '2019-01-20','Auditoria do processo 26 que comecou no dia 2019-01-20 10:30:31 e acabou no dia 2019-01-22 10:10:41 da entidade policia_de_gusum do Meio de Combate');
insert into audita values (27, 27, 'forca aerea_de_vediq', 27, '2019-01-16 16:32:37', '2019-01-18 01:04:55', '2019-01-16','Auditoria do processo 27 que comecou no dia 2019-01-16 16:32:37 e acabou no dia 2019-01-18 01:04:55 da entidade forca aerea_de_vediq do Meio de Socorro');
insert into audita values (28, 28, 'municipio_de_januw', 28, '2019-01-19 11:21:02', '2019-01-19 14:30:05', '2019-01-19','Auditoria do processo 28 que comecou no dia 2019-01-19 11:21:02 e acabou no dia 2019-01-19 14:30:05 da entidade municipio_de_januw do Meio de Apoio');
insert into audita values (29, 29, 'exercito_de_jehun', 29, '2019-01-17 02:39:53', '2019-01-17 21:56:16', '2019-01-17','Auditoria do processo 29 que comecou no dia 2019-01-17 02:39:53 e acabou no dia 2019-01-17 21:56:16 da entidade exercito_de_jehun do Meio de Combate');
insert into audita values (30, 30, 'forca aerea_de_sufoj', 30, '2019-01-15 03:49:04', '2019-01-15 19:18:34', '2019-01-15','Auditoria do processo 30 que comecou no dia 2019-01-15 03:49:04 e acabou no dia 2019-01-15 19:18:34 da entidade forca aerea_de_sufoj do Meio de Socorro');
insert into audita values (31, 31, 'bombeiros_de_robij', 31, '2019-01-16 09:32:38', '2019-01-16 14:34:29', '2019-01-16','Auditoria do processo 31 que comecou no dia 2019-01-16 09:32:38 e acabou no dia 2019-01-16 14:34:29 da entidade bombeiros_de_robij do Meio de Socorro');
insert into audita values (32, 32, 'exercito_de_fukin', 32, '2019-01-23 01:00:02', '2019-01-23 15:53:25', '2019-01-23','Auditoria do processo 32 que comecou no dia 2019-01-23 01:00:02 e acabou no dia 2019-01-23 15:53:25 da entidade exercito_de_fukin do Meio de Combate');
insert into audita values (33, 33, 'bombeiros_de_wapuw', 33, '2019-01-22 16:58:03', '2019-01-22 22:59:01', '2019-01-22','Auditoria do processo 33 que comecou no dia 2019-01-22 16:58:03 e acabou no dia 2019-01-22 22:59:01 da entidade bombeiros_de_wapuw do Meio de Apoio');
insert into audita values (34, 34, 'forca aerea_de_teset', 34, '2019-01-24 22:17:40', '2019-01-25 20:15:22', '2019-01-24','Auditoria do processo 34 que comecou no dia 2019-01-24 22:17:40 e acabou no dia 2019-01-25 20:15:22 da entidade forca aerea_de_teset do Meio de Combate');
insert into audita values (35, 35, 'forca aerea_de_fesel', 35, '2019-01-23 08:13:25', '2019-01-23 10:01:42', '2019-01-23','Auditoria do processo 35 que comecou no dia 2019-01-23 08:13:25 e acabou no dia 2019-01-23 10:01:42 da entidade forca aerea_de_fesel do Meio de Socorro');
insert into audita values (36, 36, 'exercito_de_gosij', 36, '2019-01-26 04:12:04', '2019-01-26 05:55:36', '2019-01-26','Auditoria do processo 36 que comecou no dia 2019-01-26 04:12:04 e acabou no dia 2019-01-26 05:55:36 da entidade exercito_de_gosij do Meio de Apoio');
insert into audita values (37, 37, 'policia_de_voroq', 37, '2019-01-22 18:20:25', '2019-01-22 20:31:54', '2019-01-22','Auditoria do processo 37 que comecou no dia 2019-01-22 18:20:25 e acabou no dia 2019-01-22 20:31:54 da entidade policia_de_voroq do Meio de Apoio');
insert into audita values (38, 38, 'bombeiros_de_rosof', 38, '2019-01-24 19:09:14', '2019-01-24 21:59:24', '2019-01-24','Auditoria do processo 38 que comecou no dia 2019-01-24 19:09:14 e acabou no dia 2019-01-24 21:59:24 da entidade bombeiros_de_rosof do Meio de Socorro');
insert into audita values (39, 39, 'exercito_de_zanos', 39, '2019-01-23 19:59:58', '2019-01-24 21:02:10', '2019-01-23','Auditoria do processo 39 que comecou no dia 2019-01-23 19:59:58 e acabou no dia 2019-01-24 21:02:10 da entidade exercito_de_zanos do Meio de Apoio');
insert into audita values (40, 40, 'policia_de_migic', 40, '2019-01-26 19:51:10', '2019-01-27 03:50:26', '2019-01-26','Auditoria do processo 40 que comecou no dia 2019-01-26 19:51:10 e acabou no dia 2019-01-27 03:50:26 da entidade policia_de_migic do Meio de Combate');
insert into audita values (41, 41, 'policia_de_qobom', 41, '2019-01-31 23:35:42', '2019-02-01 21:42:25', '2019-01-31','Auditoria do processo 41 que comecou no dia 2019-01-31 23:35:42 e acabou no dia 2019-02-01 21:42:25 da entidade policia_de_qobom do Meio de Combate');
insert into audita values (42, 42, 'municipio_de_wureb', 42, '2019-01-26 17:39:56', '2019-01-27 02:09:31', '2019-01-26','Auditoria do processo 42 que comecou no dia 2019-01-26 17:39:56 e acabou no dia 2019-01-27 02:09:31 da entidade municipio_de_wureb do Meio de Combate');
insert into audita values (43, 43, 'bombeiros_de_qijap', 43, '2019-01-20 04:09:20', '2019-01-20 05:49:57', '2019-01-20','Auditoria do processo 43 que comecou no dia 2019-01-20 04:09:20 e acabou no dia 2019-01-20 05:49:57 da entidade bombeiros_de_qijap do Meio de Apoio');
insert into audita values (44, 44, 'bombeiros_de_likox', 44, '2019-01-29 23:53:04', '2019-01-31 17:40:25', '2019-01-29','Auditoria do processo 44 que comecou no dia 2019-01-29 23:53:04 e acabou no dia 2019-01-31 17:40:25 da entidade bombeiros_de_likox do Meio de Socorro');
insert into audita values (45, 45, 'policia_de_doliz', 45, '2019-02-01 05:07:58', '2019-02-01 05:37:19', '2019-02-01','Auditoria do processo 45 que comecou no dia 2019-02-01 05:07:58 e acabou no dia 2019-02-01 05:37:19 da entidade policia_de_doliz do Meio de Combate');
insert into audita values (46, 46, 'bombeiros_de_nikav', 46, '2019-01-27 16:11:23', '2019-01-27 17:39:53', '2019-01-27','Auditoria do processo 46 que comecou no dia 2019-01-27 16:11:23 e acabou no dia 2019-01-27 17:39:53 da entidade bombeiros_de_nikav do Meio de Apoio');
insert into audita values (47, 47, 'municipio_de_hefiz', 47, '2019-01-28 02:28:27', '2019-01-28 21:58:59', '2019-01-28','Auditoria do processo 47 que comecou no dia 2019-01-28 02:28:27 e acabou no dia 2019-01-28 21:58:59 da entidade municipio_de_hefiz do Meio de Apoio');
insert into audita values (48, 48, 'exercito_de_vukad', 48, '2019-01-27 11:58:33', '2019-01-27 14:51:04', '2019-01-27','Auditoria do processo 48 que comecou no dia 2019-01-27 11:58:33 e acabou no dia 2019-01-27 14:51:04 da entidade exercito_de_vukad do Meio de Combate');
insert into audita values (49, 49, 'forca aerea_de_norer', 49, '2019-01-31 07:46:49', '2019-02-01 08:19:01', '2019-01-31','Auditoria do processo 49 que comecou no dia 2019-01-31 07:46:49 e acabou no dia 2019-02-01 08:19:01 da entidade forca aerea_de_norer do Meio de Combate');
insert into audita values (50, 50, 'policia_de_budaf', 50, '2019-01-27 15:46:03', '2019-01-27 17:59:28', '2019-01-27','Auditoria do processo 50 que comecou no dia 2019-01-27 15:46:03 e acabou no dia 2019-01-27 17:59:28 da entidade policia_de_budaf do Meio de Apoio');
insert into audita values (51, 51, 'bombeiros_de_jazor', 51, '2019-01-31 18:29:49', '2019-01-31 19:01:36', '2019-01-31','Auditoria do processo 51 que comecou no dia 2019-01-31 18:29:49 e acabou no dia 2019-01-31 19:01:36 da entidade bombeiros_de_jazor do Meio de Socorro');
insert into audita values (52, 52, 'exercito_de_peguq', 52, '2019-02-02 22:34:16', '2019-02-03 10:03:55', '2019-02-02','Auditoria do processo 52 que comecou no dia 2019-02-02 22:34:16 e acabou no dia 2019-02-03 10:03:55 da entidade exercito_de_peguq do Meio de Apoio');
insert into audita values (53, 53, 'policia_de_lamom', 53, '2019-01-31 00:09:16', '2019-02-01 04:28:09', '2019-01-31','Auditoria do processo 53 que comecou no dia 2019-01-31 00:09:16 e acabou no dia 2019-02-01 04:28:09 da entidade policia_de_lamom do Meio de Apoio');
insert into audita values (54, 54, 'bombeiros_de_senad', 54, '2019-02-02 10:02:37', '2019-02-02 14:24:04', '2019-02-02','Auditoria do processo 54 que comecou no dia 2019-02-02 10:02:37 e acabou no dia 2019-02-02 14:24:04 da entidade bombeiros_de_senad do Meio de Socorro');
insert into audita values (55, 55, 'municipio_de_nacik', 55, '2019-02-01 11:07:03', '2019-02-01 12:45:04', '2019-02-01','Auditoria do processo 55 que comecou no dia 2019-02-01 11:07:03 e acabou no dia 2019-02-01 12:45:04 da entidade municipio_de_nacik do Meio de Combate');
insert into audita values (56, 56, 'municipio_de_vanaw', 56, '2019-02-03 23:37:59', '2019-02-04 01:26:36', '2019-02-03','Auditoria do processo 56 que comecou no dia 2019-02-03 23:37:59 e acabou no dia 2019-02-04 01:26:36 da entidade municipio_de_vanaw do Meio de Apoio');
insert into audita values (57, 57, 'municipio_de_sisaq', 57, '2019-01-31 07:37:09', '2019-01-31 11:15:05', '2019-01-31','Auditoria do processo 57 que comecou no dia 2019-01-31 07:37:09 e acabou no dia 2019-01-31 11:15:05 da entidade municipio_de_sisaq do Meio de Socorro');
insert into audita values (58, 58, 'municipio_de_culax', 58, '2019-02-03 07:02:09', '2019-02-03 18:41:22', '2019-02-03','Auditoria do processo 58 que comecou no dia 2019-02-03 07:02:09 e acabou no dia 2019-02-03 18:41:22 da entidade municipio_de_culax do Meio de Socorro');
insert into audita values (59, 59, 'policia_de_gubud', 59, '2019-02-04 01:58:08', '2019-02-05 04:35:46', '2019-02-04','Auditoria do processo 59 que comecou no dia 2019-02-04 01:58:08 e acabou no dia 2019-02-05 04:35:46 da entidade policia_de_gubud do Meio de Socorro');
insert into audita values (60, 60, 'forca aerea_de_giyus', 60, '2019-02-04 09:04:01', '2019-02-05 08:28:29', '2019-02-04','Auditoria do processo 60 que comecou no dia 2019-02-04 09:04:01 e acabou no dia 2019-02-05 08:28:29 da entidade forca aerea_de_giyus do Meio de Combate');
insert into audita values (61, 61, 'policia_de_pomaw', 61, '2019-02-04 17:46:40', '2019-02-05 03:17:06', '2019-02-04','Auditoria do processo 61 que comecou no dia 2019-02-04 17:46:40 e acabou no dia 2019-02-05 03:17:06 da entidade policia_de_pomaw do Meio de Socorro');
insert into audita values (62, 62, 'policia_de_jirib', 62, '2019-02-05 10:19:25', '2019-02-07 07:17:23', '2019-02-05','Auditoria do processo 62 que comecou no dia 2019-02-05 10:19:25 e acabou no dia 2019-02-07 07:17:23 da entidade policia_de_jirib do Meio de Socorro');
insert into audita values (63, 63, 'policia_de_nusaf', 63, '2019-02-07 20:36:04', '2019-02-08 11:08:06', '2019-02-07','Auditoria do processo 63 que comecou no dia 2019-02-07 20:36:04 e acabou no dia 2019-02-08 11:08:06 da entidade policia_de_nusaf do Meio de Apoio');
insert into audita values (64, 64, 'forca aerea_de_vuvis', 64, '2019-02-07 21:20:41', '2019-02-08 11:24:27', '2019-02-07','Auditoria do processo 64 que comecou no dia 2019-02-07 21:20:41 e acabou no dia 2019-02-08 11:24:27 da entidade forca aerea_de_vuvis do Meio de Combate');
insert into audita values (65, 65, 'municipio_de_rokow', 65, '2019-02-07 21:00:33', '2019-02-07 23:44:35', '2019-02-07','Auditoria do processo 65 que comecou no dia 2019-02-07 21:00:33 e acabou no dia 2019-02-07 23:44:35 da entidade municipio_de_rokow do Meio de Apoio');
insert into audita values (66, 66, 'forca aerea_de_fopeq', 66, '2019-02-10 08:36:02', '2019-02-10 13:51:53', '2019-02-10','Auditoria do processo 66 que comecou no dia 2019-02-10 08:36:02 e acabou no dia 2019-02-10 13:51:53 da entidade forca aerea_de_fopeq do Meio de Combate');
insert into audita values (67, 67, 'municipio_de_huyor', 67, '2019-02-11 13:22:41', '2019-02-11 23:19:10', '2019-02-11','Auditoria do processo 67 que comecou no dia 2019-02-11 13:22:41 e acabou no dia 2019-02-11 23:19:10 da entidade municipio_de_huyor do Meio de Socorro');
insert into audita values (68, 68, 'bombeiros_de_joqis', 68, '2019-02-13 04:16:21', '2019-02-13 10:46:15', '2019-02-13','Auditoria do processo 68 que comecou no dia 2019-02-13 04:16:21 e acabou no dia 2019-02-13 10:46:15 da entidade bombeiros_de_joqis do Meio de Combate');
insert into audita values (69, 69, 'municipio_de_zikaf', 69, '2019-02-15 08:42:26', '2019-02-15 09:58:23', '2019-02-15','Auditoria do processo 69 que comecou no dia 2019-02-15 08:42:26 e acabou no dia 2019-02-15 09:58:23 da entidade municipio_de_zikaf do Meio de Socorro');
insert into audita values (70, 70, 'policia_de_pujew', 70, '2019-02-12 16:41:35', '2019-02-13 09:36:05', '2019-02-12','Auditoria do processo 70 que comecou no dia 2019-02-12 16:41:35 e acabou no dia 2019-02-13 09:36:05 da entidade policia_de_pujew do Meio de Socorro');
insert into audita values (71, 71, 'policia_de_yuzow', 71, '2019-02-17 06:42:04', '2019-02-17 07:17:34', '2019-02-17','Auditoria do processo 71 que comecou no dia 2019-02-17 06:42:04 e acabou no dia 2019-02-17 07:17:34 da entidade policia_de_yuzow do Meio de Apoio');
insert into audita values (72, 72, 'exercito_de_vekum', 72, '2019-02-12 21:59:12', '2019-02-14 23:37:49', '2019-02-12','Auditoria do processo 72 que comecou no dia 2019-02-12 21:59:12 e acabou no dia 2019-02-14 23:37:49 da entidade exercito_de_vekum do Meio de Apoio');
insert into audita values (73, 73, 'forca aerea_de_raqep', 73, '2019-02-15 14:56:48', '2019-02-15 20:49:50', '2019-02-15','Auditoria do processo 73 que comecou no dia 2019-02-15 14:56:48 e acabou no dia 2019-02-15 20:49:50 da entidade forca aerea_de_raqep do Meio de Combate');
insert into audita values (74, 74, 'municipio_de_foxet', 74, '2019-02-16 10:48:12', '2019-02-16 11:55:09', '2019-02-16','Auditoria do processo 74 que comecou no dia 2019-02-16 10:48:12 e acabou no dia 2019-02-16 11:55:09 da entidade municipio_de_foxet do Meio de Apoio');
insert into audita values (75, 75, 'exercito_de_huqor', 75, '2019-02-16 03:04:50', '2019-02-16 05:34:15', '2019-02-16','Auditoria do processo 75 que comecou no dia 2019-02-16 03:04:50 e acabou no dia 2019-02-16 05:34:15 da entidade exercito_de_huqor do Meio de Combate');
insert into audita values (76, 76, 'exercito_de_kileb', 76, '2019-02-14 23:05:39', '2019-02-15 06:11:33', '2019-02-14','Auditoria do processo 76 que comecou no dia 2019-02-14 23:05:39 e acabou no dia 2019-02-15 06:11:33 da entidade exercito_de_kileb do Meio de Socorro');
insert into audita values (77, 77, 'forca aerea_de_wagay', 77, '2019-02-15 04:05:08', '2019-02-15 16:41:00', '2019-02-15','Auditoria do processo 77 que comecou no dia 2019-02-15 04:05:08 e acabou no dia 2019-02-15 16:41:00 da entidade forca aerea_de_wagay do Meio de Socorro');
insert into audita values (78, 78, 'policia_de_giwuj', 78, '2019-02-11 22:16:17', '2019-02-13 13:41:24', '2019-02-11','Auditoria do processo 78 que comecou no dia 2019-02-11 22:16:17 e acabou no dia 2019-02-13 13:41:24 da entidade policia_de_giwuj do Meio de Socorro');
insert into audita values (79, 79, 'bombeiros_de_fewiw', 79, '2019-02-17 00:34:54', '2019-02-17 20:35:27', '2019-02-17','Auditoria do processo 79 que comecou no dia 2019-02-17 00:34:54 e acabou no dia 2019-02-17 20:35:27 da entidade bombeiros_de_fewiw do Meio de Socorro');
insert into audita values (80, 80, 'municipio_de_xuvul', 80, '2019-02-13 21:17:53', '2019-02-14 10:15:02', '2019-02-13','Auditoria do processo 80 que comecou no dia 2019-02-13 21:17:53 e acabou no dia 2019-02-14 10:15:02 da entidade municipio_de_xuvul do Meio de Combate');
insert into audita values (81, 81, 'municipio_de_zazoy', 81, '2019-02-16 19:48:35', '2019-02-16 20:08:41', '2019-02-16','Auditoria do processo 81 que comecou no dia 2019-02-16 19:48:35 e acabou no dia 2019-02-16 20:08:41 da entidade municipio_de_zazoy do Meio de Socorro');
insert into audita values (82, 82, 'policia_de_piqok', 82, '2019-02-13 22:46:44', '2019-02-14 03:19:24', '2019-02-13','Auditoria do processo 82 que comecou no dia 2019-02-13 22:46:44 e acabou no dia 2019-02-14 03:19:24 da entidade policia_de_piqok do Meio de Socorro');
insert into audita values (83, 83, 'municipio_de_hijay', 83, '2019-02-22 18:38:00', '2019-02-22 19:50:47', '2019-02-22','Auditoria do processo 83 que comecou no dia 2019-02-22 18:38:00 e acabou no dia 2019-02-22 19:50:47 da entidade municipio_de_hijay do Meio de Apoio');
insert into audita values (84, 84, 'exercito_de_lupew', 84, '2019-02-21 09:57:06', '2019-02-22 01:17:31', '2019-02-21','Auditoria do processo 84 que comecou no dia 2019-02-21 09:57:06 e acabou no dia 2019-02-22 01:17:31 da entidade exercito_de_lupew do Meio de Combate');
insert into audita values (85, 85, 'exercito_de_jeqeh', 85, '2019-02-19 18:02:00', '2019-02-20 08:46:38', '2019-02-19','Auditoria do processo 85 que comecou no dia 2019-02-19 18:02:00 e acabou no dia 2019-02-20 08:46:38 da entidade exercito_de_jeqeh do Meio de Socorro');
insert into audita values (86, 86, 'forca aerea_de_meram', 86, '2019-02-17 23:35:31', '2019-02-18 07:33:53', '2019-02-17','Auditoria do processo 86 que comecou no dia 2019-02-17 23:35:31 e acabou no dia 2019-02-18 07:33:53 da entidade forca aerea_de_meram do Meio de Socorro');
insert into audita values (87, 87, 'forca aerea_de_sulag', 87, '2019-02-22 14:19:47', '2019-02-23 02:42:14', '2019-02-22','Auditoria do processo 87 que comecou no dia 2019-02-22 14:19:47 e acabou no dia 2019-02-23 02:42:14 da entidade forca aerea_de_sulag do Meio de Apoio');
insert into audita values (88, 88, 'policia_de_fahif', 88, '2019-02-22 23:49:21', '2019-02-24 08:01:58', '2019-02-22','Auditoria do processo 88 que comecou no dia 2019-02-22 23:49:21 e acabou no dia 2019-02-24 08:01:58 da entidade policia_de_fahif do Meio de Socorro');
insert into audita values (89, 89, 'bombeiros_de_maliy', 89, '2019-02-20 10:44:33', '2019-02-20 20:22:42', '2019-02-20','Auditoria do processo 89 que comecou no dia 2019-02-20 10:44:33 e acabou no dia 2019-02-20 20:22:42 da entidade bombeiros_de_maliy do Meio de Apoio');
insert into audita values (90, 90, 'bombeiros_de_pekah', 90, '2019-02-25 05:04:27', '2019-02-26 05:12:24', '2019-02-25','Auditoria do processo 90 que comecou no dia 2019-02-25 05:04:27 e acabou no dia 2019-02-26 05:12:24 da entidade bombeiros_de_pekah do Meio de Combate');
insert into audita values (91, 91, 'policia_de_yaruf', 91, '2019-02-23 12:56:42', '2019-02-24 06:09:06', '2019-02-23','Auditoria do processo 91 que comecou no dia 2019-02-23 12:56:42 e acabou no dia 2019-02-24 06:09:06 da entidade policia_de_yaruf do Meio de Apoio');
insert into audita values (92, 92, 'exercito_de_seboc', 92, '2019-02-23 22:56:21', '2019-02-24 13:47:44', '2019-02-23','Auditoria do processo 92 que comecou no dia 2019-02-23 22:56:21 e acabou no dia 2019-02-24 13:47:44 da entidade exercito_de_seboc do Meio de Apoio');
insert into audita values (93, 93, 'municipio_de_vedab', 93, '2019-02-25 05:40:27', '2019-02-25 10:25:45', '2019-02-25','Auditoria do processo 93 que comecou no dia 2019-02-25 05:40:27 e acabou no dia 2019-02-25 10:25:45 da entidade municipio_de_vedab do Meio de Apoio');
insert into audita values (94, 94, 'policia_de_xiyon', 94, '2019-02-25 07:50:50', '2019-02-25 19:56:40', '2019-02-25','Auditoria do processo 94 que comecou no dia 2019-02-25 07:50:50 e acabou no dia 2019-02-25 19:56:40 da entidade policia_de_xiyon do Meio de Combate');
insert into audita values (95, 95, 'bombeiros_de_quwow', 95, '2019-02-25 06:44:39', '2019-02-26 22:38:06', '2019-02-25','Auditoria do processo 95 que comecou no dia 2019-02-25 06:44:39 e acabou no dia 2019-02-26 22:38:06 da entidade bombeiros_de_quwow do Meio de Socorro');
insert into audita values (96, 96, 'municipio_de_quqey', 96, '2019-02-25 12:14:40', '2019-02-25 13:30:28', '2019-02-25','Auditoria do processo 96 que comecou no dia 2019-02-25 12:14:40 e acabou no dia 2019-02-25 13:30:28 da entidade municipio_de_quqey do Meio de Apoio');
insert into audita values (97, 97, 'forca aerea_de_pigap', 97, '2019-02-27 13:26:20', '2019-02-27 22:41:31', '2019-02-27','Auditoria do processo 97 que comecou no dia 2019-02-27 13:26:20 e acabou no dia 2019-02-27 22:41:31 da entidade forca aerea_de_pigap do Meio de Combate');
insert into audita values (98, 98, 'exercito_de_mabos', 98, '2019-03-01 23:51:57', '2019-03-02 00:42:14', '2019-03-01','Auditoria do processo 98 que comecou no dia 2019-03-01 23:51:57 e acabou no dia 2019-03-02 00:42:14 da entidade exercito_de_mabos do Meio de Apoio');
insert into audita values (99, 99, 'forca aerea_de_kequg', 99, '2019-02-28 15:05:33', '2019-03-01 16:56:28', '2019-02-28','Auditoria do processo 99 que comecou no dia 2019-02-28 15:05:33 e acabou no dia 2019-03-01 16:56:28 da entidade forca aerea_de_kequg do Meio de Combate');
insert into audita values (100, 100, 'exercito_de_vigok', 100, '2019-03-01 05:38:43', '2019-03-01 19:32:28', '2019-03-01','Auditoria do processo 100 que comecou no dia 2019-03-01 05:38:43 e acabou no dia 2019-03-01 19:32:28 da entidade exercito_de_vigok do Meio de Socorro');

insert into solicita values (1, '2018-01-20 17:15:19', 1, '2017-02-02 05:12:01', '2017-02-02 15:37:33');
insert into solicita values (2, '2018-01-21 02:25:52', 2, '2017-02-02 01:22:18', '2017-02-02 05:35:44');
insert into solicita values (3, '2018-01-21 06:20:45', 3, '2017-02-01 14:46:38', '2017-02-01 15:10:02');
insert into solicita values (4, '2018-01-21 06:51:34', 4, '2017-02-02 11:37:25', '2017-02-02 15:10:53');
insert into solicita values (5, '2018-01-21 07:40:02', 5, '2017-02-02 06:23:42', '2017-02-02 08:12:43');
insert into solicita values (6, '2018-01-21 08:19:57', 6, '2017-02-02 22:16:52', '2017-02-03 21:18:55');
insert into solicita values (7, '2018-01-21 08:36:41', 7, '2017-02-03 11:54:58', '2017-02-03 21:59:27');
insert into solicita values (8, '2018-01-21 08:45:26', 8, '2017-02-03 12:25:49', '2017-02-03 15:39:49');
insert into solicita values (9, '2018-01-21 10:43:45', 9, '2017-02-04 17:07:55', '2017-02-05 00:19:00');
insert into solicita values (10, '2018-01-21 17:50:55', 10, '2017-02-04 12:06:44', '2017-02-05 10:01:08');
insert into solicita values (11, '2018-01-21 19:18:03', 11, '2017-02-05 13:51:09', '2017-02-05 22:02:50');
insert into solicita values (12, '2018-01-21 19:54:11', 12, '2017-02-05 03:06:57', '2017-02-05 17:16:19');
insert into solicita values (13, '2018-01-21 20:07:34', 13, '2017-02-03 19:40:29', '2017-02-03 23:56:18');
insert into solicita values (14, '2018-01-21 21:41:23', 14, '2017-02-04 12:26:30', '2017-02-05 02:39:17');
insert into solicita values (15, '2018-01-21 22:03:51', 15, '2017-02-05 23:44:07', '2017-02-06 05:13:17');
insert into solicita values (16, '2018-01-22 02:20:47', 16, '2017-02-05 11:17:28', '2017-02-06 03:12:08');
insert into solicita values (17, '2018-01-22 05:11:36', 17, '2017-02-06 13:14:59', '2017-02-06 13:25:16');
insert into solicita values (18, '2018-01-22 06:37:00', 18, '2017-02-06 22:20:09', '2017-02-07 06:08:03');
insert into solicita values (19, '2018-01-22 11:00:45', 19, '2017-02-07 05:57:48', '2017-02-07 22:20:52');
insert into solicita values (20, '2018-01-22 19:14:34', 20, '2017-02-07 13:35:39', '2017-02-07 19:35:47');
insert into solicita values (21, '2018-01-22 21:51:37', 21, '2017-02-08 04:54:47', '2017-02-08 06:06:39');
insert into solicita values (22, '2018-01-22 22:59:55', 22, '2017-02-07 07:36:31', '2017-02-07 15:19:24');
insert into solicita values (23, '2018-01-23 01:05:02', 23, '2017-02-07 17:18:10', '2017-02-07 17:32:23');
insert into solicita values (24, '2018-01-23 01:55:58', 24, '2017-02-06 18:06:40', '2017-02-06 19:22:57');
insert into solicita values (25, '2018-01-23 02:07:42', 25, '2017-02-07 21:45:29', '2017-02-08 09:22:02');
insert into solicita values (26, '2018-01-23 02:38:21', 26, '2017-02-07 18:11:54', '2017-02-07 21:34:38');
insert into solicita values (27, '2018-01-23 03:07:14', 27, '2017-02-08 23:00:11', '2017-02-08 23:03:23');
insert into solicita values (28, '2018-01-23 03:34:37', 28, '2017-02-08 11:16:24', '2017-02-08 20:00:08');
insert into solicita values (29, '2018-01-23 04:33:06', 29, '2017-02-08 16:33:50', '2017-02-08 19:04:07');
insert into solicita values (30, '2018-01-23 06:13:33', 30, '2017-02-09 06:08:57', '2017-02-09 07:12:02');
insert into solicita values (31, '2018-01-23 12:50:02', 31, '2017-02-11 11:08:40', '2017-02-11 13:10:48');
insert into solicita values (32, '2018-01-23 12:59:49', 32, '2017-02-11 06:13:49', '2017-02-11 17:58:35');
insert into solicita values (33, '2018-01-23 13:00:14', 33, '2017-02-11 23:07:21', '2017-02-13 04:25:43');
insert into solicita values (34, '2018-01-23 17:11:32', 34, '2017-02-09 13:52:31', '2017-02-10 06:49:25');
insert into solicita values (35, '2018-01-23 19:09:22', 35, '2017-02-11 03:08:59', '2017-02-11 10:29:15');
insert into solicita values (36, '2018-01-23 19:25:01', 36, '2017-02-11 21:23:40', '2017-02-12 09:14:47');
insert into solicita values (37, '2018-01-23 19:57:13', 37, '2017-02-12 03:52:13', '2017-02-12 05:42:49');
insert into solicita values (38, '2018-01-23 21:00:28', 38, '2017-02-09 17:33:22', '2017-02-09 19:25:46');
insert into solicita values (39, '2018-01-24 01:13:38', 39, '2017-02-11 08:42:46', '2017-02-11 16:49:30');
insert into solicita values (40, '2018-01-24 01:42:16', 40, '2017-02-13 22:52:24', '2017-02-14 12:17:37');
insert into solicita values (41, '2018-01-24 05:29:35', 41, '2017-02-13 02:17:59', '2017-02-13 07:38:33');
insert into solicita values (42, '2018-01-24 08:53:57', 42, '2017-02-12 21:08:24', '2017-02-13 05:01:38');
insert into solicita values (43, '2018-01-24 09:31:15', 43, '2017-02-14 03:36:36', '2017-02-14 09:09:04');
insert into solicita values (44, '2018-01-24 09:38:48', 44, '2017-02-16 16:57:51', '2017-02-16 20:26:37');
insert into solicita values (45, '2018-01-24 10:22:19', 45, '2017-02-16 21:38:31', '2017-02-17 04:46:15');
insert into solicita values (46, '2018-01-24 13:09:28', 46, '2017-02-14 03:12:19', '2017-02-14 09:48:24');
insert into solicita values (47, '2018-01-24 13:16:02', 47, '2017-02-14 23:30:45', '2017-02-15 03:27:21');
insert into solicita values (48, '2018-01-24 13:32:14', 48, '2017-02-15 08:34:14', '2017-02-15 11:52:06');
insert into solicita values (49, '2018-01-24 22:21:36', 49, '2017-02-15 22:34:23', '2017-02-16 19:44:14');
insert into solicita values (50, '2018-01-24 23:45:46', 50, '2017-02-16 06:32:02', '2017-02-16 21:59:56');
insert into solicita values (51, '2018-01-25 03:55:01', 51, '2017-02-16 04:45:03', '2017-02-16 06:47:15');
insert into solicita values (52, '2018-01-25 10:29:08', 52, '2017-02-16 23:39:28', '2017-02-17 08:53:06');
insert into solicita values (53, '2018-01-25 11:30:51', 53, '2017-02-14 00:57:42', '2017-02-14 05:29:40');
insert into solicita values (54, '2018-01-25 12:25:15', 54, '2017-02-15 12:37:26', '2017-02-16 14:12:38');
insert into solicita values (55, '2018-01-25 14:03:59', 55, '2017-02-15 04:30:26', '2017-02-15 09:41:21');
insert into solicita values (56, '2018-01-25 17:22:04', 56, '2017-02-18 15:50:37', '2017-02-18 21:28:38');
insert into solicita values (57, '2018-01-25 17:47:37', 57, '2017-02-15 03:59:34', '2017-02-15 14:04:49');
insert into solicita values (58, '2018-01-26 00:03:47', 58, '2017-02-17 00:59:27', '2017-02-17 07:22:52');
insert into solicita values (59, '2018-01-26 14:20:09', 59, '2017-02-17 00:54:44', '2017-02-17 05:42:35');
insert into solicita values (60, '2018-01-26 16:46:25', 60, '2017-02-19 21:20:16', '2017-02-19 21:45:33');
insert into solicita values (61, '2018-01-26 18:24:46', 61, '2017-02-19 19:38:05', '2017-02-20 09:02:31');
insert into solicita values (62, '2018-01-26 20:21:51', 62, '2017-02-19 17:33:39', '2017-02-19 23:25:08');
insert into solicita values (63, '2018-01-26 20:28:18', 63, '2017-02-17 16:55:18', '2017-02-17 18:09:31');
insert into solicita values (64, '2018-01-27 00:09:17', 64, '2017-02-18 19:29:09', '2017-02-18 20:20:14');
insert into solicita values (65, '2018-01-27 00:27:24', 65, '2017-02-19 05:38:19', '2017-02-19 08:47:30');
insert into solicita values (66, '2018-01-27 00:54:03', 66, '2017-02-19 19:03:06', '2017-02-19 19:43:25');
insert into solicita values (67, '2018-01-27 01:38:25', 67, '2017-02-21 01:19:21', '2017-02-21 01:52:02');
insert into solicita values (68, '2018-01-27 03:26:34', 68, '2017-02-21 16:31:03', '2017-02-21 19:12:14');
insert into solicita values (69, '2018-01-27 04:35:54', 69, '2017-02-19 19:42:53', '2017-02-20 00:09:15');
insert into solicita values (70, '2018-01-27 16:37:05', 70, '2017-02-21 08:20:05', '2017-02-21 12:34:41');
insert into solicita values (71, '2018-01-27 17:40:34', 71, '2017-02-20 22:42:17', '2017-02-21 04:14:53');
insert into solicita values (72, '2018-01-27 18:32:15', 72, '2017-02-22 18:34:25', '2017-02-23 03:43:03');
insert into solicita values (73, '2018-01-27 19:14:58', 73, '2017-02-21 07:57:11', '2017-02-21 08:00:47');
insert into solicita values (74, '2018-01-27 19:17:54', 74, '2017-02-19 16:18:40', '2017-02-20 09:56:24');
insert into solicita values (75, '2018-01-27 19:31:17', 75, '2017-02-22 13:35:31', '2017-02-22 15:31:39');
insert into solicita values (76, '2018-01-27 20:05:42', 76, '2017-02-21 19:00:52', '2017-02-22 11:04:35');
insert into solicita values (77, '2018-01-27 20:51:45', 77, '2017-02-24 05:33:56', '2017-02-24 07:41:22');
insert into solicita values (78, '2018-01-28 02:26:32', 78, '2017-02-22 10:24:50', '2017-02-22 14:55:44');
insert into solicita values (79, '2018-01-28 05:19:33', 79, '2017-02-23 12:22:17', '2017-02-24 14:33:00');
insert into solicita values (80, '2018-01-28 05:23:13', 80, '2017-02-25 06:14:08', '2017-02-25 10:51:50');
insert into solicita values (81, '2018-01-28 08:08:19', 81, '2017-02-26 07:53:08', '2017-02-26 10:38:55');
insert into solicita values (82, '2018-01-28 10:14:50', 82, '2017-02-24 13:44:37', '2017-02-24 14:39:21');
insert into solicita values (83, '2018-01-28 11:08:26', 83, '2017-02-25 23:24:11', '2017-02-26 02:09:53');
insert into solicita values (84, '2018-01-28 14:00:41', 84, '2017-02-26 09:05:15', '2017-02-26 21:25:21');
insert into solicita values (85, '2018-01-28 18:25:34', 85, '2017-02-24 01:49:07', '2017-02-24 15:23:15');
insert into solicita values (86, '2018-01-28 18:31:34', 86, '2017-02-24 11:13:21', '2017-02-24 15:27:05');
insert into solicita values (87, '2018-01-28 18:45:22', 87, '2017-02-27 17:07:41', '2017-02-27 18:36:13');
insert into solicita values (88, '2018-01-28 19:08:09', 88, '2017-02-25 22:00:20', '2017-02-25 23:44:03');
insert into solicita values (89, '2018-01-28 19:35:42', 89, '2017-02-27 01:10:17', '2017-02-27 01:14:58');
insert into solicita values (90, '2018-01-28 23:55:29', 90, '2017-02-25 02:24:23', '2017-02-25 06:02:24');
insert into solicita values (91, '2018-01-29 05:40:21', 91, '2017-02-26 21:13:15', '2017-02-26 23:28:02');
insert into solicita values (92, '2018-01-29 06:44:48', 92, '2017-02-26 13:12:30', '2017-02-26 14:18:59');
insert into solicita values (93, '2018-01-29 09:24:33', 93, '2017-02-27 18:08:17', '2017-02-28 01:43:12');
insert into solicita values (94, '2018-01-29 09:30:42', 94, '2017-02-28 04:21:29', '2017-02-28 09:21:27');
insert into solicita values (95, '2018-01-29 10:36:16', 95, '2017-02-27 01:01:13', '2017-02-27 20:08:09');
insert into solicita values (96, '2018-01-29 16:19:33', 96, '2017-03-01 09:09:19', '2017-03-01 16:13:50');
insert into solicita values (97, '2018-01-29 17:14:40', 97, '2017-02-27 12:34:43', '2017-02-28 05:21:48');
insert into solicita values (98, '2018-01-29 18:05:05', 98, '2017-03-02 04:15:53', '2017-03-02 05:04:38');
insert into solicita values (99, '2018-01-29 23:18:46', 99, '2017-03-01 22:03:37', '2017-03-02 05:25:14');
insert into solicita values (100, '2018-01-29 23:41:34', 100, '2017-03-01 17:11:54', '2017-03-02 00:24:55');

