insert into camara values (1);
insert into camara values (2);
insert into camara values (3);
insert into camara values (4);
insert into camara values (5);
insert into camara values (6);
insert into camara values (7);
insert into camara values (8);
insert into camara values (9);
insert into camara values (10);
insert into camara values (11);
insert into camara values (12);
insert into camara values (13);
insert into camara values (14);
insert into camara values (15);
insert into camara values (16);
insert into camara values (17);
insert into camara values (18);
insert into camara values (19);
insert into camara values (20);
insert into camara values (21);
insert into camara values (22);
insert into camara values (23);
insert into camara values (24);
insert into camara values (25);
insert into camara values (26);
insert into camara values (27);
insert into camara values (28);
insert into camara values (29);
insert into camara values (30);
insert into camara values (31);
insert into camara values (32);
insert into camara values (33);
insert into camara values (34);
insert into camara values (35);
insert into camara values (36);
insert into camara values (37);
insert into camara values (38);
insert into camara values (39);
insert into camara values (40);
insert into camara values (41);
insert into camara values (42);
insert into camara values (43);
insert into camara values (44);
insert into camara values (45);
insert into camara values (46);
insert into camara values (47);
insert into camara values (48);
insert into camara values (49);
insert into camara values (50);
insert into camara values (51);
insert into camara values (52);
insert into camara values (53);
insert into camara values (54);
insert into camara values (55);
insert into camara values (56);
insert into camara values (57);
insert into camara values (58);
insert into camara values (59);
insert into camara values (60);
insert into camara values (61);
insert into camara values (62);
insert into camara values (63);
insert into camara values (64);
insert into camara values (65);
insert into camara values (66);
insert into camara values (67);
insert into camara values (68);
insert into camara values (69);
insert into camara values (70);
insert into camara values (71);
insert into camara values (72);
insert into camara values (73);
insert into camara values (74);
insert into camara values (75);
insert into camara values (76);
insert into camara values (77);
insert into camara values (78);
insert into camara values (79);
insert into camara values (80);
insert into camara values (81);
insert into camara values (82);
insert into camara values (83);
insert into camara values (84);
insert into camara values (85);
insert into camara values (86);
insert into camara values (87);
insert into camara values (88);
insert into camara values (89);
insert into camara values (90);
insert into camara values (91);
insert into camara values (92);
insert into camara values (93);
insert into camara values (94);
insert into camara values (95);
insert into camara values (96);
insert into camara values (97);
insert into camara values (98);
insert into camara values (99);
insert into camara values (100);

insert into video values ('2018-01-20 13:41:37', '2018-01-20 17:31:07', 1);
insert into video values ('2018-01-20 17:31:07', '2018-01-20 17:49:09', 2);
insert into video values ('2018-01-20 17:49:09', '2018-01-20 18:02:53', 3);
insert into video values ('2018-01-20 18:02:53', '2018-01-20 18:46:57', 4);
insert into video values ('2018-01-20 18:46:57', '2018-01-20 19:05:39', 5);
insert into video values ('2018-01-20 19:05:39', '2018-01-20 20:00:08', 6);
insert into video values ('2018-01-20 20:00:08', '2018-01-20 23:11:21', 7);
insert into video values ('2018-01-20 23:11:21', '2018-01-21 01:56:23', 8);
insert into video values ('2018-01-21 01:56:23', '2018-01-21 06:31:18', 9);
insert into video values ('2018-01-21 06:31:18', '2018-01-21 08:37:54', 10);
insert into video values ('2018-01-21 08:37:54', '2018-01-21 09:10:33', 11);
insert into video values ('2018-01-21 09:10:33', '2018-01-21 13:34:16', 12);
insert into video values ('2018-01-21 13:34:16', '2018-01-21 15:21:09', 13);
insert into video values ('2018-01-21 15:21:09', '2018-01-21 17:24:19', 14);
insert into video values ('2018-01-21 17:24:19', '2018-01-21 19:11:13', 15);
insert into video values ('2018-01-21 19:11:13', '2018-01-21 22:53:57', 16);
insert into video values ('2018-01-21 22:53:57', '2018-01-22 01:04:19', 17);
insert into video values ('2018-01-22 01:04:19', '2018-01-22 02:30:08', 18);
insert into video values ('2018-01-22 02:30:08', '2018-01-22 04:28:57', 19);
insert into video values ('2018-01-22 04:28:57', '2018-01-22 04:37:36', 20);
insert into video values ('2018-01-22 04:37:36', '2018-01-22 04:41:38', 21);
insert into video values ('2018-01-22 04:41:38', '2018-01-22 06:32:51', 22);
insert into video values ('2018-01-22 06:32:51', '2018-01-22 08:25:00', 23);
insert into video values ('2018-01-22 08:25:00', '2018-01-22 11:45:56', 24);
insert into video values ('2018-01-22 11:45:56', '2018-01-22 12:26:49', 25);
insert into video values ('2018-01-22 12:26:49', '2018-01-22 13:59:09', 26);
insert into video values ('2018-01-22 13:59:09', '2018-01-22 14:00:26', 27);
insert into video values ('2018-01-22 14:00:26', '2018-01-22 16:28:55', 28);
insert into video values ('2018-01-22 16:28:55', '2018-01-22 17:14:31', 29);
insert into video values ('2018-01-22 17:14:31', '2018-01-22 17:27:25', 30);
insert into video values ('2018-01-22 17:27:25', '2018-01-22 18:11:25', 31);
insert into video values ('2018-01-22 18:11:25', '2018-01-23 00:32:35', 32);
insert into video values ('2018-01-23 00:32:35', '2018-01-23 02:10:34', 33);
insert into video values ('2018-01-23 02:10:34', '2018-01-23 02:42:45', 34);
insert into video values ('2018-01-23 02:42:45', '2018-01-23 06:13:38', 35);
insert into video values ('2018-01-23 06:13:38', '2018-01-23 07:47:16', 36);
insert into video values ('2018-01-23 07:47:16', '2018-01-23 07:51:43', 37);
insert into video values ('2018-01-23 07:51:43', '2018-01-23 09:21:37', 38);
insert into video values ('2018-01-23 09:21:37', '2018-01-23 15:32:46', 39);
insert into video values ('2018-01-23 15:32:46', '2018-01-23 15:33:07', 40);
insert into video values ('2018-01-23 15:33:07', '2018-01-23 16:06:18', 41);
insert into video values ('2018-01-23 16:06:18', '2018-01-23 17:03:41', 42);
insert into video values ('2018-01-23 17:03:41', '2018-01-23 17:21:34', 43);
insert into video values ('2018-01-23 17:21:34', '2018-01-24 01:46:11', 44);
insert into video values ('2018-01-24 01:46:11', '2018-01-24 03:40:23', 45);
insert into video values ('2018-01-24 03:40:23', '2018-01-24 03:58:55', 46);
insert into video values ('2018-01-24 03:58:55', '2018-01-24 05:11:20', 47);
insert into video values ('2018-01-24 05:11:20', '2018-01-24 07:11:45', 48);
insert into video values ('2018-01-24 07:11:45', '2018-01-24 11:50:40', 49);
insert into video values ('2018-01-24 11:50:40', '2018-01-24 12:29:54', 50);
insert into video values ('2018-01-24 12:29:54', '2018-01-24 13:54:07', 51);
insert into video values ('2018-01-24 13:54:07', '2018-01-24 15:58:30', 52);
insert into video values ('2018-01-24 15:58:30', '2018-01-24 20:50:12', 53);
insert into video values ('2018-01-24 20:50:12', '2018-01-24 20:56:10', 54);
insert into video values ('2018-01-24 20:56:10', '2018-01-24 21:45:21', 55);
insert into video values ('2018-01-24 21:45:21', '2018-01-25 00:44:00', 56);
insert into video values ('2018-01-25 00:44:00', '2018-01-25 05:30:49', 57);
insert into video values ('2018-01-25 05:30:49', '2018-01-25 05:49:43', 58);
insert into video values ('2018-01-25 05:49:43', '2018-01-25 06:45:11', 59);
insert into video values ('2018-01-25 06:45:11', '2018-01-25 11:21:55', 60);
insert into video values ('2018-01-25 11:21:55', '2018-01-25 14:11:23', 61);
insert into video values ('2018-01-25 14:11:23', '2018-01-25 14:32:31', 62);
insert into video values ('2018-01-25 14:32:31', '2018-01-25 15:22:39', 63);
insert into video values ('2018-01-25 15:22:39', '2018-01-25 16:22:20', 64);
insert into video values ('2018-01-25 16:22:20', '2018-01-25 18:18:08', 65);
insert into video values ('2018-01-25 18:18:08', '2018-01-25 22:22:24', 66);
insert into video values ('2018-01-25 22:22:24', '2018-01-26 05:12:40', 67);
insert into video values ('2018-01-26 05:12:40', '2018-01-26 07:56:14', 68);
insert into video values ('2018-01-26 07:56:14', '2018-01-26 09:39:53', 69);
insert into video values ('2018-01-26 09:39:53', '2018-01-26 10:02:54', 70);
insert into video values ('2018-01-26 10:02:54', '2018-01-26 11:42:48', 71);
insert into video values ('2018-01-26 11:42:48', '2018-01-26 14:25:21', 72);
insert into video values ('2018-01-26 14:25:21', '2018-01-26 18:32:28', 73);
insert into video values ('2018-01-26 18:32:28', '2018-01-26 21:44:35', 74);
insert into video values ('2018-01-26 21:44:35', '2018-01-26 23:15:31', 75);
insert into video values ('2018-01-26 23:15:31', '2018-01-26 23:22:57', 76);
insert into video values ('2018-01-26 23:22:57', '2018-01-26 23:34:20', 77);
insert into video values ('2018-01-26 23:34:20', '2018-01-27 05:22:36', 78);
insert into video values ('2018-01-27 05:22:36', '2018-01-27 13:50:00', 79);
insert into video values ('2018-01-27 13:50:00', '2018-01-27 14:15:02', 80);
insert into video values ('2018-01-27 14:15:02', '2018-01-27 20:27:55', 81);
insert into video values ('2018-01-27 20:27:55', '2018-01-28 00:58:09', 82);
insert into video values ('2018-01-28 00:58:09', '2018-01-28 02:04:17', 83);
insert into video values ('2018-01-28 02:04:17', '2018-01-28 02:04:41', 84);
insert into video values ('2018-01-28 02:04:41', '2018-01-28 21:08:02', 85);
insert into video values ('2018-01-28 21:08:02', '2018-01-28 23:19:35', 86);
insert into video values ('2018-01-28 23:19:35', '2018-01-29 01:31:25', 87);
insert into video values ('2018-01-29 01:31:25', '2018-01-29 03:14:24', 88);
insert into video values ('2018-01-29 03:14:24', '2018-01-29 06:22:37', 89);
insert into video values ('2018-01-29 06:22:37', '2018-01-29 09:11:32', 90);
insert into video values ('2018-01-29 09:11:32', '2018-01-29 09:19:17', 91);
insert into video values ('2018-01-29 09:19:17', '2018-01-29 12:24:21', 92);
insert into video values ('2018-01-29 12:24:21', '2018-01-29 12:47:35', 93);
insert into video values ('2018-01-29 12:47:35', '2018-01-29 14:14:37', 94);
insert into video values ('2018-01-29 14:14:37', '2018-01-29 19:53:15', 95);
insert into video values ('2018-01-29 19:53:15', '2018-01-29 21:23:57', 96);
insert into video values ('2018-01-29 21:23:57', '2018-01-29 21:56:25', 97);
insert into video values ('2018-01-29 21:56:25', '2018-01-29 22:07:29', 98);
insert into video values ('2018-01-29 22:07:29', '2018-01-29 23:34:39', 99);
insert into video values ('2018-01-29 23:34:39', '2018-01-30 03:02:41', 100);

insert into segmentoVideo values (1, '3:49:30', '2018-01-20 13:41:37', 1);
insert into segmentoVideo values (2, '0:18:02', '2018-01-20 17:31:07', 2);
insert into segmentoVideo values (3, '0:13:44', '2018-01-20 17:49:09', 3);
insert into segmentoVideo values (4, '0:44:04', '2018-01-20 18:02:53', 4);
insert into segmentoVideo values (5, '0:18:42', '2018-01-20 18:46:57', 5);
insert into segmentoVideo values (6, '0:54:29', '2018-01-20 19:05:39', 6);
insert into segmentoVideo values (7, '3:11:13', '2018-01-20 20:00:08', 7);
insert into segmentoVideo values (8, '2:45:02', '2018-01-20 23:11:21', 8);
insert into segmentoVideo values (9, '4:34:55', '2018-01-21 01:56:23', 9);
insert into segmentoVideo values (10, '2:06:36', '2018-01-21 06:31:18', 10);
insert into segmentoVideo values (11, '0:32:39', '2018-01-21 08:37:54', 11);
insert into segmentoVideo values (12, '4:23:43', '2018-01-21 09:10:33', 12);
insert into segmentoVideo values (13, '1:46:53', '2018-01-21 13:34:16', 13);
insert into segmentoVideo values (14, '2:03:10', '2018-01-21 15:21:09', 14);
insert into segmentoVideo values (15, '1:46:54', '2018-01-21 17:24:19', 15);
insert into segmentoVideo values (16, '3:42:44', '2018-01-21 19:11:13', 16);
insert into segmentoVideo values (17, '2:10:22', '2018-01-21 22:53:57', 17);
insert into segmentoVideo values (18, '1:25:49', '2018-01-22 01:04:19', 18);
insert into segmentoVideo values (19, '1:58:49', '2018-01-22 02:30:08', 19);
insert into segmentoVideo values (20, '0:08:39', '2018-01-22 04:28:57', 20);
insert into segmentoVideo values (21, '0:04:02', '2018-01-22 04:37:36', 21);
insert into segmentoVideo values (22, '1:51:13', '2018-01-22 04:41:38', 22);
insert into segmentoVideo values (23, '1:52:09', '2018-01-22 06:32:51', 23);
insert into segmentoVideo values (24, '3:20:56', '2018-01-22 08:25:00', 24);
insert into segmentoVideo values (25, '0:40:53', '2018-01-22 11:45:56', 25);
insert into segmentoVideo values (26, '1:32:20', '2018-01-22 12:26:49', 26);
insert into segmentoVideo values (27, '0:01:17', '2018-01-22 13:59:09', 27);
insert into segmentoVideo values (28, '2:28:29', '2018-01-22 14:00:26', 28);
insert into segmentoVideo values (29, '0:45:36', '2018-01-22 16:28:55', 29);
insert into segmentoVideo values (30, '0:12:54', '2018-01-22 17:14:31', 30);
insert into segmentoVideo values (31, '0:44:00', '2018-01-22 17:27:25', 31);
insert into segmentoVideo values (32, '6:21:10', '2018-01-22 18:11:25', 32);
insert into segmentoVideo values (33, '1:37:59', '2018-01-23 00:32:35', 33);
insert into segmentoVideo values (34, '0:32:11', '2018-01-23 02:10:34', 34);
insert into segmentoVideo values (35, '3:30:53', '2018-01-23 02:42:45', 35);
insert into segmentoVideo values (36, '1:33:38', '2018-01-23 06:13:38', 36);
insert into segmentoVideo values (37, '0:04:27', '2018-01-23 07:47:16', 37);
insert into segmentoVideo values (38, '1:29:54', '2018-01-23 07:51:43', 38);
insert into segmentoVideo values (39, '6:11:09', '2018-01-23 09:21:37', 39);
insert into segmentoVideo values (40, '0:00:21', '2018-01-23 15:32:46', 40);
insert into segmentoVideo values (41, '0:33:11', '2018-01-23 15:33:07', 41);
insert into segmentoVideo values (42, '0:57:23', '2018-01-23 16:06:18', 42);
insert into segmentoVideo values (43, '0:17:53', '2018-01-23 17:03:41', 43);
insert into segmentoVideo values (44, '8:24:37', '2018-01-23 17:21:34', 44);
insert into segmentoVideo values (45, '1:54:12', '2018-01-24 01:46:11', 45);
insert into segmentoVideo values (46, '0:18:32', '2018-01-24 03:40:23', 46);
insert into segmentoVideo values (47, '1:12:25', '2018-01-24 03:58:55', 47);
insert into segmentoVideo values (48, '2:00:25', '2018-01-24 05:11:20', 48);
insert into segmentoVideo values (49, '4:38:55', '2018-01-24 07:11:45', 49);
insert into segmentoVideo values (50, '0:39:14', '2018-01-24 11:50:40', 50);
insert into segmentoVideo values (51, '1:24:13', '2018-01-24 12:29:54', 51);
insert into segmentoVideo values (52, '2:04:23', '2018-01-24 13:54:07', 52);
insert into segmentoVideo values (53, '4:51:42', '2018-01-24 15:58:30', 53);
insert into segmentoVideo values (54, '0:05:58', '2018-01-24 20:50:12', 54);
insert into segmentoVideo values (55, '0:49:11', '2018-01-24 20:56:10', 55);
insert into segmentoVideo values (56, '2:58:39', '2018-01-24 21:45:21', 56);
insert into segmentoVideo values (57, '4:46:49', '2018-01-25 00:44:00', 57);
insert into segmentoVideo values (58, '0:18:54', '2018-01-25 05:30:49', 58);
insert into segmentoVideo values (59, '0:55:28', '2018-01-25 05:49:43', 59);
insert into segmentoVideo values (60, '4:36:44', '2018-01-25 06:45:11', 60);
insert into segmentoVideo values (61, '2:49:28', '2018-01-25 11:21:55', 61);
insert into segmentoVideo values (62, '0:21:08', '2018-01-25 14:11:23', 62);
insert into segmentoVideo values (63, '0:50:08', '2018-01-25 14:32:31', 63);
insert into segmentoVideo values (64, '0:59:41', '2018-01-25 15:22:39', 64);
insert into segmentoVideo values (65, '1:55:48', '2018-01-25 16:22:20', 65);
insert into segmentoVideo values (66, '4:04:16', '2018-01-25 18:18:08', 66);
insert into segmentoVideo values (67, '6:50:16', '2018-01-25 22:22:24', 67);
insert into segmentoVideo values (68, '2:43:34', '2018-01-26 05:12:40', 68);
insert into segmentoVideo values (69, '1:43:39', '2018-01-26 07:56:14', 69);
insert into segmentoVideo values (70, '0:23:01', '2018-01-26 09:39:53', 70);
insert into segmentoVideo values (71, '1:39:54', '2018-01-26 10:02:54', 71);
insert into segmentoVideo values (72, '2:42:33', '2018-01-26 11:42:48', 72);
insert into segmentoVideo values (73, '4:07:07', '2018-01-26 14:25:21', 73);
insert into segmentoVideo values (74, '3:12:07', '2018-01-26 18:32:28', 74);
insert into segmentoVideo values (75, '1:30:56', '2018-01-26 21:44:35', 75);
insert into segmentoVideo values (76, '0:07:26', '2018-01-26 23:15:31', 76);
insert into segmentoVideo values (77, '0:11:23', '2018-01-26 23:22:57', 77);
insert into segmentoVideo values (78, '5:48:16', '2018-01-26 23:34:20', 78);
insert into segmentoVideo values (79, '8:27:24', '2018-01-27 05:22:36', 79);
insert into segmentoVideo values (80, '0:25:02', '2018-01-27 13:50:00', 80);
insert into segmentoVideo values (81, '6:12:53', '2018-01-27 14:15:02', 81);
insert into segmentoVideo values (82, '4:30:14', '2018-01-27 20:27:55', 82);
insert into segmentoVideo values (83, '1:06:08', '2018-01-28 00:58:09', 83);
insert into segmentoVideo values (84, '0:00:24', '2018-01-28 02:04:17', 84);
insert into segmentoVideo values (85, '19:03:21', '2018-01-28 02:04:41', 85);
insert into segmentoVideo values (86, '2:11:33', '2018-01-28 21:08:02', 86);
insert into segmentoVideo values (87, '2:11:50', '2018-01-28 23:19:35', 87);
insert into segmentoVideo values (88, '1:42:59', '2018-01-29 01:31:25', 88);
insert into segmentoVideo values (89, '3:08:13', '2018-01-29 03:14:24', 89);
insert into segmentoVideo values (90, '2:48:55', '2018-01-29 06:22:37', 90);
insert into segmentoVideo values (91, '0:07:45', '2018-01-29 09:11:32', 91);
insert into segmentoVideo values (92, '3:05:04', '2018-01-29 09:19:17', 92);
insert into segmentoVideo values (93, '0:23:14', '2018-01-29 12:24:21', 93);
insert into segmentoVideo values (94, '1:27:02', '2018-01-29 12:47:35', 94);
insert into segmentoVideo values (95, '5:38:38', '2018-01-29 14:14:37', 95);
insert into segmentoVideo values (96, '1:30:42', '2018-01-29 19:53:15', 96);
insert into segmentoVideo values (97, '0:32:28', '2018-01-29 21:23:57', 97);
insert into segmentoVideo values (98, '0:11:04', '2018-01-29 21:56:25', 98);
insert into segmentoVideo values (99, '1:27:10', '2018-01-29 22:07:29', 99);
insert into segmentoVideo values (100, '3:28:02', '2018-01-29 23:34:39', 100);

insert into local values ('address1');
insert into local values ('address2');
insert into local values ('address3');
insert into local values ('address4');
insert into local values ('address5');
insert into local values ('address6');
insert into local values ('address7');
insert into local values ('address8');
insert into local values ('address9');
insert into local values ('address10');
insert into local values ('address11');
insert into local values ('address12');
insert into local values ('address13');
insert into local values ('address14');
insert into local values ('address15');
insert into local values ('address16');
insert into local values ('address17');
insert into local values ('address18');
insert into local values ('address19');
insert into local values ('address20');
insert into local values ('address21');
insert into local values ('address22');
insert into local values ('address23');
insert into local values ('address24');
insert into local values ('address25');
insert into local values ('address26');
insert into local values ('address27');
insert into local values ('address28');
insert into local values ('address29');
insert into local values ('address30');
insert into local values ('address31');
insert into local values ('address32');
insert into local values ('address33');
insert into local values ('address34');
insert into local values ('address35');
insert into local values ('address36');
insert into local values ('address37');
insert into local values ('address38');
insert into local values ('address39');
insert into local values ('address40');
insert into local values ('address41');
insert into local values ('address42');
insert into local values ('address43');
insert into local values ('address44');
insert into local values ('address45');
insert into local values ('address46');
insert into local values ('address47');
insert into local values ('address48');
insert into local values ('address49');
insert into local values ('address50');
insert into local values ('address51');
insert into local values ('address52');
insert into local values ('address53');
insert into local values ('address54');
insert into local values ('address55');
insert into local values ('address56');
insert into local values ('address57');
insert into local values ('address58');
insert into local values ('address59');
insert into local values ('address60');
insert into local values ('address61');
insert into local values ('address62');
insert into local values ('address63');
insert into local values ('address64');
insert into local values ('address65');
insert into local values ('address66');
insert into local values ('address67');
insert into local values ('address68');
insert into local values ('address69');
insert into local values ('address70');
insert into local values ('address71');
insert into local values ('address72');
insert into local values ('address73');
insert into local values ('address74');
insert into local values ('address75');
insert into local values ('address76');
insert into local values ('address77');
insert into local values ('address78');
insert into local values ('address79');
insert into local values ('address80');
insert into local values ('address81');
insert into local values ('address82');
insert into local values ('address83');
insert into local values ('address84');
insert into local values ('address85');
insert into local values ('address86');
insert into local values ('address87');
insert into local values ('address88');
insert into local values ('address89');
insert into local values ('address90');
insert into local values ('address91');
insert into local values ('address92');
insert into local values ('address93');
insert into local values ('address94');
insert into local values ('address95');
insert into local values ('address96');
insert into local values ('address97');
insert into local values ('address98');
insert into local values ('address99');
insert into local values ('address100');

insert into vigia values ('address1', 1);
insert into vigia values ('address2', 2);
insert into vigia values ('address3', 3);
insert into vigia values ('address4', 4);
insert into vigia values ('address5', 5);
insert into vigia values ('address6', 6);
insert into vigia values ('address7', 7);
insert into vigia values ('address8', 8);
insert into vigia values ('address9', 9);
insert into vigia values ('address10', 10);
insert into vigia values ('address11', 11);
insert into vigia values ('address12', 12);
insert into vigia values ('address13', 13);
insert into vigia values ('address14', 14);
insert into vigia values ('address15', 15);
insert into vigia values ('address16', 16);
insert into vigia values ('address17', 17);
insert into vigia values ('address18', 18);
insert into vigia values ('address19', 19);
insert into vigia values ('address20', 20);
insert into vigia values ('address21', 21);
insert into vigia values ('address22', 22);
insert into vigia values ('address23', 23);
insert into vigia values ('address24', 24);
insert into vigia values ('address25', 25);
insert into vigia values ('address26', 26);
insert into vigia values ('address27', 27);
insert into vigia values ('address28', 28);
insert into vigia values ('address29', 29);
insert into vigia values ('address30', 30);
insert into vigia values ('address31', 31);
insert into vigia values ('address32', 32);
insert into vigia values ('address33', 33);
insert into vigia values ('address34', 34);
insert into vigia values ('address35', 35);
insert into vigia values ('address36', 36);
insert into vigia values ('address37', 37);
insert into vigia values ('address38', 38);
insert into vigia values ('address39', 39);
insert into vigia values ('address40', 40);
insert into vigia values ('address41', 41);
insert into vigia values ('address42', 42);
insert into vigia values ('address43', 43);
insert into vigia values ('address44', 44);
insert into vigia values ('address45', 45);
insert into vigia values ('address46', 46);
insert into vigia values ('address47', 47);
insert into vigia values ('address48', 48);
insert into vigia values ('address49', 49);
insert into vigia values ('address50', 50);
insert into vigia values ('address51', 51);
insert into vigia values ('address52', 52);
insert into vigia values ('address53', 53);
insert into vigia values ('address54', 54);
insert into vigia values ('address55', 55);
insert into vigia values ('address56', 56);
insert into vigia values ('address57', 57);
insert into vigia values ('address58', 58);
insert into vigia values ('address59', 59);
insert into vigia values ('address60', 60);
insert into vigia values ('address61', 61);
insert into vigia values ('address62', 62);
insert into vigia values ('address63', 63);
insert into vigia values ('address64', 64);
insert into vigia values ('address65', 65);
insert into vigia values ('address66', 66);
insert into vigia values ('address67', 67);
insert into vigia values ('address68', 68);
insert into vigia values ('address69', 69);
insert into vigia values ('address70', 70);
insert into vigia values ('address71', 71);
insert into vigia values ('address72', 72);
insert into vigia values ('address73', 73);
insert into vigia values ('address74', 74);
insert into vigia values ('address75', 75);
insert into vigia values ('address76', 76);
insert into vigia values ('address77', 77);
insert into vigia values ('address78', 78);
insert into vigia values ('address79', 79);
insert into vigia values ('address80', 80);
insert into vigia values ('address81', 81);
insert into vigia values ('address82', 82);
insert into vigia values ('address83', 83);
insert into vigia values ('address84', 84);
insert into vigia values ('address85', 85);
insert into vigia values ('address86', 86);
insert into vigia values ('address87', 87);
insert into vigia values ('address88', 88);
insert into vigia values ('address89', 89);
insert into vigia values ('address90', 90);
insert into vigia values ('address91', 91);
insert into vigia values ('address92', 92);
insert into vigia values ('address93', 93);
insert into vigia values ('address94', 94);
insert into vigia values ('address95', 95);
insert into vigia values ('address96', 96);
insert into vigia values ('address97', 97);
insert into vigia values ('address98', 98);
insert into vigia values ('address99', 99);
insert into vigia values ('address100', 100);

insert into processoSocorro values (1);
insert into processoSocorro values (2);
insert into processoSocorro values (3);
insert into processoSocorro values (4);
insert into processoSocorro values (5);
insert into processoSocorro values (6);
insert into processoSocorro values (7);
insert into processoSocorro values (8);
insert into processoSocorro values (9);
insert into processoSocorro values (10);
insert into processoSocorro values (11);
insert into processoSocorro values (12);
insert into processoSocorro values (13);
insert into processoSocorro values (14);
insert into processoSocorro values (15);
insert into processoSocorro values (16);
insert into processoSocorro values (17);
insert into processoSocorro values (18);
insert into processoSocorro values (19);
insert into processoSocorro values (20);
insert into processoSocorro values (21);
insert into processoSocorro values (22);
insert into processoSocorro values (23);
insert into processoSocorro values (24);
insert into processoSocorro values (25);
insert into processoSocorro values (26);
insert into processoSocorro values (27);
insert into processoSocorro values (28);
insert into processoSocorro values (29);
insert into processoSocorro values (30);
insert into processoSocorro values (31);
insert into processoSocorro values (32);
insert into processoSocorro values (33);
insert into processoSocorro values (34);
insert into processoSocorro values (35);
insert into processoSocorro values (36);
insert into processoSocorro values (37);
insert into processoSocorro values (38);
insert into processoSocorro values (39);
insert into processoSocorro values (40);
insert into processoSocorro values (41);
insert into processoSocorro values (42);
insert into processoSocorro values (43);
insert into processoSocorro values (44);
insert into processoSocorro values (45);
insert into processoSocorro values (46);
insert into processoSocorro values (47);
insert into processoSocorro values (48);
insert into processoSocorro values (49);
insert into processoSocorro values (50);
insert into processoSocorro values (51);
insert into processoSocorro values (52);
insert into processoSocorro values (53);
insert into processoSocorro values (54);
insert into processoSocorro values (55);
insert into processoSocorro values (56);
insert into processoSocorro values (57);
insert into processoSocorro values (58);
insert into processoSocorro values (59);
insert into processoSocorro values (60);
insert into processoSocorro values (61);
insert into processoSocorro values (62);
insert into processoSocorro values (63);
insert into processoSocorro values (64);
insert into processoSocorro values (65);
insert into processoSocorro values (66);
insert into processoSocorro values (67);
insert into processoSocorro values (68);
insert into processoSocorro values (69);
insert into processoSocorro values (70);
insert into processoSocorro values (71);
insert into processoSocorro values (72);
insert into processoSocorro values (73);
insert into processoSocorro values (74);
insert into processoSocorro values (75);
insert into processoSocorro values (76);
insert into processoSocorro values (77);
insert into processoSocorro values (78);
insert into processoSocorro values (79);
insert into processoSocorro values (80);
insert into processoSocorro values (81);
insert into processoSocorro values (82);
insert into processoSocorro values (83);
insert into processoSocorro values (84);
insert into processoSocorro values (85);
insert into processoSocorro values (86);
insert into processoSocorro values (87);
insert into processoSocorro values (88);
insert into processoSocorro values (89);
insert into processoSocorro values (90);
insert into processoSocorro values (91);
insert into processoSocorro values (92);
insert into processoSocorro values (93);
insert into processoSocorro values (94);
insert into processoSocorro values (95);
insert into processoSocorro values (96);
insert into processoSocorro values (97);
insert into processoSocorro values (98);
insert into processoSocorro values (99);
insert into processoSocorro values (100);

insert into eventoEmergencia values (536308382, '2018-01-20 13:41:37', 'kisag', 'address1', 1);
insert into eventoEmergencia values (578316874, '2018-01-20 17:31:07', 'jiyiz', 'address2', 2);
insert into eventoEmergencia values (132768217, '2018-01-20 17:49:09', 'hiwod', 'address3', 3);
insert into eventoEmergencia values (708183887, '2018-01-20 18:02:53', 'canow', 'address4', 4);
insert into eventoEmergencia values (629761599, '2018-01-20 18:46:57', 'sogad', 'address5', 5);
insert into eventoEmergencia values (288088971, '2018-01-20 19:05:39', 'baciy', 'address6', 6);
insert into eventoEmergencia values (593812624, '2018-01-20 20:00:08', 'xunes', 'address7', 7);
insert into eventoEmergencia values (445100280, '2018-01-20 23:11:21', 'higer', 'address8', 8);
insert into eventoEmergencia values (670998069, '2018-01-21 01:56:23', 'misos', 'address9', 9);
insert into eventoEmergencia values (126556647, '2018-01-21 06:31:18', 'jetop', 'address10', 10);
insert into eventoEmergencia values (925740200, '2018-01-21 08:37:54', 'tuyis', 'address11', 11);
insert into eventoEmergencia values (332521701, '2018-01-21 09:10:33', 'cotur', 'address12', 12);
insert into eventoEmergencia values (284920787, '2018-01-21 13:34:16', 'hijil', 'address13', 13);
insert into eventoEmergencia values (792059384, '2018-01-21 15:21:09', 'decuz', 'address14', 14);
insert into eventoEmergencia values (627278461, '2018-01-21 17:24:19', 'qohiv', 'address15', 15);
insert into eventoEmergencia values (654488857, '2018-01-21 19:11:13', 'lalar', 'address16', 16);
insert into eventoEmergencia values (227198744, '2018-01-21 22:53:57', 'lujal', 'address17', 17);
insert into eventoEmergencia values (893590626, '2018-01-22 01:04:19', 'mutac', 'address18', 18);
insert into eventoEmergencia values (453458794, '2018-01-22 02:30:08', 'qipuk', 'address19', 19);
insert into eventoEmergencia values (942153526, '2018-01-22 04:28:57', 'wevaw', 'address20', 20);
insert into eventoEmergencia values (955365555, '2018-01-22 04:37:36', 'hedeh', 'address21', 21);
insert into eventoEmergencia values (665113431, '2018-01-22 04:41:38', 'surin', 'address22', 22);
insert into eventoEmergencia values (216283403, '2018-01-22 06:32:51', 'cucus', 'address23', 23);
insert into eventoEmergencia values (809743395, '2018-01-22 08:25:00', 'sobef', 'address24', 24);
insert into eventoEmergencia values (479903940, '2018-01-22 11:45:56', 'wijiy', 'address25', 25);
insert into eventoEmergencia values (324611240, '2018-01-22 12:26:49', 'vulak', 'address26', 26);
insert into eventoEmergencia values (484940860, '2018-01-22 13:59:09', 'sulul', 'address27', 27);
insert into eventoEmergencia values (415242825, '2018-01-22 14:00:26', 'zihum', 'address28', 28);
insert into eventoEmergencia values (989181398, '2018-01-22 16:28:55', 'sexag', 'address29', 29);
insert into eventoEmergencia values (882353391, '2018-01-22 17:14:31', 'zezak', 'address30', 30);
insert into eventoEmergencia values (383590409, '2018-01-22 17:27:25', 'vevab', 'address31', 31);
insert into eventoEmergencia values (914057044, '2018-01-22 18:11:25', 'pahay', 'address32', 32);
insert into eventoEmergencia values (145809984, '2018-01-23 00:32:35', 'kifaz', 'address33', 33);
insert into eventoEmergencia values (225278929, '2018-01-23 02:10:34', 'memus', 'address34', 34);
insert into eventoEmergencia values (744156663, '2018-01-23 02:42:45', 'kowih', 'address35', 35);
insert into eventoEmergencia values (697995104, '2018-01-23 06:13:38', 'hizin', 'address36', 36);
insert into eventoEmergencia values (773845637, '2018-01-23 07:47:16', 'witax', 'address37', 37);
insert into eventoEmergencia values (790139006, '2018-01-23 07:51:43', 'rabeg', 'address38', 38);
insert into eventoEmergencia values (998769751, '2018-01-23 09:21:37', 'sicix', 'address39', 39);
insert into eventoEmergencia values (983427066, '2018-01-23 15:32:46', 'qadiq', 'address40', 40);
insert into eventoEmergencia values (129987852, '2018-01-23 15:33:07', 'hebiw', 'address41', 41);
insert into eventoEmergencia values (445680354, '2018-01-23 16:06:18', 'kiliy', 'address42', 42);
insert into eventoEmergencia values (728342425, '2018-01-23 17:03:41', 'vemuh', 'address43', 43);
insert into eventoEmergencia values (543794121, '2018-01-23 17:21:34', 'guneq', 'address44', 44);
insert into eventoEmergencia values (691098904, '2018-01-24 01:46:11', 'mepaw', 'address45', 45);
insert into eventoEmergencia values (597776875, '2018-01-24 03:40:23', 'tadoh', 'address46', 46);
insert into eventoEmergencia values (697094376, '2018-01-24 03:58:55', 'vilul', 'address47', 47);
insert into eventoEmergencia values (872998717, '2018-01-24 05:11:20', 'zafuq', 'address48', 48);
insert into eventoEmergencia values (721299049, '2018-01-24 07:11:45', 'labaz', 'address49', 49);
insert into eventoEmergencia values (159675788, '2018-01-24 11:50:40', 'ritom', 'address50', 50);
insert into eventoEmergencia values (803075418, '2018-01-24 12:29:54', 'wipos', 'address51', 51);
insert into eventoEmergencia values (171746241, '2018-01-24 13:54:07', 'jokuw', 'address52', 52);
insert into eventoEmergencia values (418853134, '2018-01-24 15:58:30', 'podeq', 'address53', 53);
insert into eventoEmergencia values (796530099, '2018-01-24 20:50:12', 'mecok', 'address54', 54);
insert into eventoEmergencia values (195355215, '2018-01-24 20:56:10', 'gahis', 'address55', 55);
insert into eventoEmergencia values (897608716, '2018-01-24 21:45:21', 'ficej', 'address56', 56);
insert into eventoEmergencia values (811129357, '2018-01-25 00:44:00', 'salen', 'address57', 57);
insert into eventoEmergencia values (863428037, '2018-01-25 05:30:49', 'fosap', 'address58', 58);
insert into eventoEmergencia values (707476380, '2018-01-25 05:49:43', 'cirus', 'address59', 59);
insert into eventoEmergencia values (337485864, '2018-01-25 06:45:11', 'pewux', 'address60', 60);
insert into eventoEmergencia values (622999164, '2018-01-25 11:21:55', 'kusub', 'address61', 61);
insert into eventoEmergencia values (223697837, '2018-01-25 14:11:23', 'jijes', 'address62', 62);
insert into eventoEmergencia values (589566934, '2018-01-25 14:32:31', 'bakev', 'address63', 63);
insert into eventoEmergencia values (402282444, '2018-01-25 15:22:39', 'lepez', 'address64', 64);
insert into eventoEmergencia values (272562626, '2018-01-25 16:22:20', 'vonuk', 'address65', 65);
insert into eventoEmergencia values (191589464, '2018-01-25 18:18:08', 'caxol', 'address66', 66);
insert into eventoEmergencia values (740203440, '2018-01-25 22:22:24', 'nakop', 'address67', 67);
insert into eventoEmergencia values (635914635, '2018-01-26 05:12:40', 'jawoz', 'address68', 68);
insert into eventoEmergencia values (376897616, '2018-01-26 07:56:14', 'ziluw', 'address69', 69);
insert into eventoEmergencia values (180148391, '2018-01-26 09:39:53', 'yehur', 'address70', 70);
insert into eventoEmergencia values (679016247, '2018-01-26 10:02:54', 'cubun', 'address71', 71);
insert into eventoEmergencia values (710358880, '2018-01-26 11:42:48', 'nijir', 'address72', 72);
insert into eventoEmergencia values (176624223, '2018-01-26 14:25:21', 'vihav', 'address73', 73);
insert into eventoEmergencia values (304659488, '2018-01-26 18:32:28', 'lijed', 'address74', 74);
insert into eventoEmergencia values (339597321, '2018-01-26 21:44:35', 'dubic', 'address75', 75);
insert into eventoEmergencia values (124824246, '2018-01-26 23:15:31', 'dewix', 'address76', 76);
insert into eventoEmergencia values (555712485, '2018-01-26 23:22:57', 'zazuw', 'address77', 77);
insert into eventoEmergencia values (697035072, '2018-01-26 23:34:20', 'nehos', 'address78', 78);
insert into eventoEmergencia values (777542394, '2018-01-27 05:22:36', 'tosod', 'address79', 79);
insert into eventoEmergencia values (394276402, '2018-01-27 13:50:00', 'yokon', 'address80', 80);
insert into eventoEmergencia values (660284616, '2018-01-27 14:15:02', 'yuser', 'address81', 81);
insert into eventoEmergencia values (583363921, '2018-01-27 20:27:55', 'sowiz', 'address82', 82);
insert into eventoEmergencia values (115062118, '2018-01-28 00:58:09', 'cewog', 'address83', 83);
insert into eventoEmergencia values (253649874, '2018-01-28 02:04:17', 'lidap', 'address84', 84);
insert into eventoEmergencia values (340637364, '2018-01-28 02:04:41', 'rupim', 'address85', 85);
insert into eventoEmergencia values (101162886, '2018-01-28 21:08:02', 'zexoh', 'address86', 86);
insert into eventoEmergencia values (957089885, '2018-01-28 23:19:35', 'xafag', 'address87', 87);
insert into eventoEmergencia values (951838864, '2018-01-29 01:31:25', 'quvon', 'address88', 88);
insert into eventoEmergencia values (239011858, '2018-01-29 03:14:24', 'befub', 'address89', 89);
insert into eventoEmergencia values (788774044, '2018-01-29 06:22:37', 'deroz', 'address90', 90);
insert into eventoEmergencia values (459509446, '2018-01-29 09:11:32', 'panin', 'address91', 91);
insert into eventoEmergencia values (879397214, '2018-01-29 09:19:17', 'zovin', 'address92', 92);
insert into eventoEmergencia values (701243066, '2018-01-29 12:24:21', 'mobud', 'address93', 93);
insert into eventoEmergencia values (415031758, '2018-01-29 12:47:35', 'xexiq', 'address94', 94);
insert into eventoEmergencia values (830712348, '2018-01-29 14:14:37', 'wetos', 'address95', 95);
insert into eventoEmergencia values (424246650, '2018-01-29 19:53:15', 'hoxub', 'address96', 96);
insert into eventoEmergencia values (894317241, '2018-01-29 21:23:57', 'gixag', 'address97', 97);
insert into eventoEmergencia values (185891020, '2018-01-29 21:56:25', 'hicar', 'address98', 98);
insert into eventoEmergencia values (736680662, '2018-01-29 22:07:29', 'qenoz', 'address99', 99);
insert into eventoEmergencia values (941651200, '2018-01-29 23:34:39', 'duxon', 'address100', 100);

insert into entidadeMeio values ('exercito_de_bucux');
insert into entidadeMeio values ('bombeiros_de_lajav');
insert into entidadeMeio values ('forca aerea_de_zanov');
insert into entidadeMeio values ('municipio_de_vomel');
insert into entidadeMeio values ('municipio_de_wuvuw');
insert into entidadeMeio values ('forca aerea_de_zebas');
insert into entidadeMeio values ('forca aerea_de_vegus');
insert into entidadeMeio values ('bombeiros_de_yeqeb');
insert into entidadeMeio values ('exercito_de_bojoc');
insert into entidadeMeio values ('bombeiros_de_guwom');
insert into entidadeMeio values ('forca aerea_de_tuzur');
insert into entidadeMeio values ('policia_de_ruwud');
insert into entidadeMeio values ('bombeiros_de_gefiw');
insert into entidadeMeio values ('exercito_de_rayet');
insert into entidadeMeio values ('municipio_de_qaleh');
insert into entidadeMeio values ('policia_de_yaweh');
insert into entidadeMeio values ('forca aerea_de_xavik');
insert into entidadeMeio values ('bombeiros_de_bafix');
insert into entidadeMeio values ('municipio_de_hatub');
insert into entidadeMeio values ('exercito_de_yaqig');
insert into entidadeMeio values ('exercito_de_ruqit');
insert into entidadeMeio values ('forca aerea_de_luhid');
insert into entidadeMeio values ('forca aerea_de_vuyet');
insert into entidadeMeio values ('bombeiros_de_hodib');
insert into entidadeMeio values ('policia_de_fopek');
insert into entidadeMeio values ('forca aerea_de_wofah');
insert into entidadeMeio values ('bombeiros_de_tifat');
insert into entidadeMeio values ('policia_de_pavux');
insert into entidadeMeio values ('municipio_de_xikuh');
insert into entidadeMeio values ('forca aerea_de_lomos');
insert into entidadeMeio values ('exercito_de_guloy');
insert into entidadeMeio values ('forca aerea_de_kujud');
insert into entidadeMeio values ('exercito_de_waruf');
insert into entidadeMeio values ('bombeiros_de_nukok');
insert into entidadeMeio values ('municipio_de_qiqer');
insert into entidadeMeio values ('municipio_de_bosef');
insert into entidadeMeio values ('forca aerea_de_sajij');
insert into entidadeMeio values ('municipio_de_tiqac');
insert into entidadeMeio values ('municipio_de_seton');
insert into entidadeMeio values ('bombeiros_de_gugec');
insert into entidadeMeio values ('exercito_de_rapam');
insert into entidadeMeio values ('policia_de_nahit');
insert into entidadeMeio values ('policia_de_nexit');
insert into entidadeMeio values ('municipio_de_yuhes');
insert into entidadeMeio values ('forca aerea_de_bepen');
insert into entidadeMeio values ('exercito_de_daqad');
insert into entidadeMeio values ('exercito_de_qiqot');
insert into entidadeMeio values ('forca aerea_de_pisuv');
insert into entidadeMeio values ('municipio_de_kekuh');
insert into entidadeMeio values ('forca aerea_de_buhav');
insert into entidadeMeio values ('policia_de_milek');
insert into entidadeMeio values ('municipio_de_keyew');
insert into entidadeMeio values ('bombeiros_de_fupof');
insert into entidadeMeio values ('forca aerea_de_sowuv');
insert into entidadeMeio values ('forca aerea_de_yipov');
insert into entidadeMeio values ('policia_de_dadiz');
insert into entidadeMeio values ('exercito_de_hamuf');
insert into entidadeMeio values ('exercito_de_xitim');
insert into entidadeMeio values ('forca aerea_de_jihow');
insert into entidadeMeio values ('policia_de_tipab');
insert into entidadeMeio values ('municipio_de_rezuc');
insert into entidadeMeio values ('exercito_de_xutar');
insert into entidadeMeio values ('exercito_de_revek');
insert into entidadeMeio values ('municipio_de_texiw');
insert into entidadeMeio values ('policia_de_vehed');
insert into entidadeMeio values ('municipio_de_jacic');
insert into entidadeMeio values ('municipio_de_remoj');
insert into entidadeMeio values ('forca aerea_de_jefev');
insert into entidadeMeio values ('bombeiros_de_kenoc');
insert into entidadeMeio values ('bombeiros_de_zaqim');
insert into entidadeMeio values ('forca aerea_de_jorow');
insert into entidadeMeio values ('exercito_de_cahan');
insert into entidadeMeio values ('bombeiros_de_papig');
insert into entidadeMeio values ('bombeiros_de_locip');
insert into entidadeMeio values ('municipio_de_muxon');
insert into entidadeMeio values ('forca aerea_de_winey');
insert into entidadeMeio values ('bombeiros_de_lepag');
insert into entidadeMeio values ('municipio_de_zizit');
insert into entidadeMeio values ('municipio_de_poxuq');
insert into entidadeMeio values ('municipio_de_vugic');
insert into entidadeMeio values ('policia_de_funih');
insert into entidadeMeio values ('forca aerea_de_ruwoz');
insert into entidadeMeio values ('forca aerea_de_rogem');
insert into entidadeMeio values ('municipio_de_gokex');
insert into entidadeMeio values ('bombeiros_de_miyes');
insert into entidadeMeio values ('municipio_de_koluh');
insert into entidadeMeio values ('policia_de_sumaj');
insert into entidadeMeio values ('policia_de_dusil');
insert into entidadeMeio values ('bombeiros_de_vojem');
insert into entidadeMeio values ('exercito_de_sahuy');
insert into entidadeMeio values ('forca aerea_de_rodor');
insert into entidadeMeio values ('bombeiros_de_luhic');
insert into entidadeMeio values ('bombeiros_de_cotim');
insert into entidadeMeio values ('exercito_de_xisuh');
insert into entidadeMeio values ('policia_de_ficag');
insert into entidadeMeio values ('bombeiros_de_taquz');
insert into entidadeMeio values ('policia_de_koqec');
insert into entidadeMeio values ('bombeiros_de_guzub');
insert into entidadeMeio values ('bombeiros_de_zovis');
insert into entidadeMeio values ('forca aerea_de_mevut');

insert into meio values (1, 'Apoio', 'exercito_de_bucux');
insert into meio values (2, 'Combate', 'bombeiros_de_lajav');
insert into meio values (3, 'Socorro', 'forca aerea_de_zanov');
insert into meio values (4, 'Apoio', 'municipio_de_vomel');
insert into meio values (5, 'Combate', 'municipio_de_wuvuw');
insert into meio values (6, 'Socorro', 'forca aerea_de_zebas');
insert into meio values (7, 'Socorro', 'forca aerea_de_vegus');
insert into meio values (8, 'Combate', 'bombeiros_de_yeqeb');
insert into meio values (9, 'Combate', 'exercito_de_bojoc');
insert into meio values (10, 'Combate', 'bombeiros_de_guwom');
insert into meio values (11, 'Combate', 'forca aerea_de_tuzur');
insert into meio values (12, 'Combate', 'policia_de_ruwud');
insert into meio values (13, 'Apoio', 'bombeiros_de_gefiw');
insert into meio values (14, 'Apoio', 'exercito_de_rayet');
insert into meio values (15, 'Socorro', 'municipio_de_qaleh');
insert into meio values (16, 'Apoio', 'policia_de_yaweh');
insert into meio values (17, 'Apoio', 'forca aerea_de_xavik');
insert into meio values (18, 'Combate', 'bombeiros_de_bafix');
insert into meio values (19, 'Combate', 'municipio_de_hatub');
insert into meio values (20, 'Socorro', 'exercito_de_yaqig');
insert into meio values (21, 'Socorro', 'exercito_de_ruqit');
insert into meio values (22, 'Apoio', 'forca aerea_de_luhid');
insert into meio values (23, 'Combate', 'forca aerea_de_vuyet');
insert into meio values (24, 'Apoio', 'bombeiros_de_hodib');
insert into meio values (25, 'Socorro', 'policia_de_fopek');
insert into meio values (26, 'Combate', 'forca aerea_de_wofah');
insert into meio values (27, 'Apoio', 'bombeiros_de_tifat');
insert into meio values (28, 'Combate', 'policia_de_pavux');
insert into meio values (29, 'Apoio', 'municipio_de_xikuh');
insert into meio values (30, 'Combate', 'forca aerea_de_lomos');
insert into meio values (31, 'Apoio', 'exercito_de_guloy');
insert into meio values (32, 'Socorro', 'forca aerea_de_kujud');
insert into meio values (33, 'Combate', 'exercito_de_waruf');
insert into meio values (34, 'Combate', 'bombeiros_de_nukok');
insert into meio values (35, 'Apoio', 'municipio_de_qiqer');
insert into meio values (36, 'Socorro', 'municipio_de_bosef');
insert into meio values (37, 'Socorro', 'forca aerea_de_sajij');
insert into meio values (38, 'Combate', 'municipio_de_tiqac');
insert into meio values (39, 'Combate', 'municipio_de_seton');
insert into meio values (40, 'Socorro', 'bombeiros_de_gugec');
insert into meio values (41, 'Apoio', 'exercito_de_rapam');
insert into meio values (42, 'Apoio', 'policia_de_nahit');
insert into meio values (43, 'Socorro', 'policia_de_nexit');
insert into meio values (44, 'Socorro', 'municipio_de_yuhes');
insert into meio values (45, 'Combate', 'forca aerea_de_bepen');
insert into meio values (46, 'Combate', 'exercito_de_daqad');
insert into meio values (47, 'Combate', 'exercito_de_qiqot');
insert into meio values (48, 'Combate', 'forca aerea_de_pisuv');
insert into meio values (49, 'Socorro', 'municipio_de_kekuh');
insert into meio values (50, 'Combate', 'forca aerea_de_buhav');
insert into meio values (51, 'Apoio', 'policia_de_milek');
insert into meio values (52, 'Socorro', 'municipio_de_keyew');
insert into meio values (53, 'Socorro', 'bombeiros_de_fupof');
insert into meio values (54, 'Socorro', 'forca aerea_de_sowuv');
insert into meio values (55, 'Socorro', 'forca aerea_de_yipov');
insert into meio values (56, 'Apoio', 'policia_de_dadiz');
insert into meio values (57, 'Apoio', 'exercito_de_hamuf');
insert into meio values (58, 'Apoio', 'exercito_de_xitim');
insert into meio values (59, 'Socorro', 'forca aerea_de_jihow');
insert into meio values (60, 'Socorro', 'policia_de_tipab');
insert into meio values (61, 'Socorro', 'municipio_de_rezuc');
insert into meio values (62, 'Apoio', 'exercito_de_xutar');
insert into meio values (63, 'Apoio', 'exercito_de_revek');
insert into meio values (64, 'Socorro', 'municipio_de_texiw');
insert into meio values (65, 'Apoio', 'policia_de_vehed');
insert into meio values (66, 'Apoio', 'municipio_de_jacic');
insert into meio values (67, 'Apoio', 'municipio_de_remoj');
insert into meio values (68, 'Socorro', 'forca aerea_de_jefev');
insert into meio values (69, 'Socorro', 'bombeiros_de_kenoc');
insert into meio values (70, 'Socorro', 'bombeiros_de_zaqim');
insert into meio values (71, 'Apoio', 'forca aerea_de_jorow');
insert into meio values (72, 'Combate', 'exercito_de_cahan');
insert into meio values (73, 'Combate', 'bombeiros_de_papig');
insert into meio values (74, 'Combate', 'bombeiros_de_locip');
insert into meio values (75, 'Socorro', 'municipio_de_muxon');
insert into meio values (76, 'Apoio', 'forca aerea_de_winey');
insert into meio values (77, 'Socorro', 'bombeiros_de_lepag');
insert into meio values (78, 'Apoio', 'municipio_de_zizit');
insert into meio values (79, 'Socorro', 'municipio_de_poxuq');
insert into meio values (80, 'Socorro', 'municipio_de_vugic');
insert into meio values (81, 'Combate', 'policia_de_funih');
insert into meio values (82, 'Combate', 'forca aerea_de_ruwoz');
insert into meio values (83, 'Combate', 'forca aerea_de_rogem');
insert into meio values (84, 'Socorro', 'municipio_de_gokex');
insert into meio values (85, 'Socorro', 'bombeiros_de_miyes');
insert into meio values (86, 'Combate', 'municipio_de_koluh');
insert into meio values (87, 'Combate', 'policia_de_sumaj');
insert into meio values (88, 'Combate', 'policia_de_dusil');
insert into meio values (89, 'Combate', 'bombeiros_de_vojem');
insert into meio values (90, 'Apoio', 'exercito_de_sahuy');
insert into meio values (91, 'Socorro', 'forca aerea_de_rodor');
insert into meio values (92, 'Socorro', 'bombeiros_de_luhic');
insert into meio values (93, 'Combate', 'bombeiros_de_cotim');
insert into meio values (94, 'Apoio', 'exercito_de_xisuh');
insert into meio values (95, 'Combate', 'policia_de_ficag');
insert into meio values (96, 'Combate', 'bombeiros_de_taquz');
insert into meio values (97, 'Apoio', 'policia_de_koqec');
insert into meio values (98, 'Combate', 'bombeiros_de_guzub');
insert into meio values (99, 'Apoio', 'bombeiros_de_zovis');
insert into meio values (100, 'Combate', 'forca aerea_de_mevut');

insert into meioCombate values (2, 'bombeiros_de_lajav');
insert into meioCombate values (5, 'municipio_de_wuvuw');
insert into meioCombate values (8, 'bombeiros_de_yeqeb');
insert into meioCombate values (9, 'exercito_de_bojoc');
insert into meioCombate values (10, 'bombeiros_de_guwom');
insert into meioCombate values (11, 'forca aerea_de_tuzur');
insert into meioCombate values (12, 'policia_de_ruwud');
insert into meioCombate values (18, 'bombeiros_de_bafix');
insert into meioCombate values (19, 'municipio_de_hatub');
insert into meioCombate values (23, 'forca aerea_de_vuyet');
insert into meioCombate values (26, 'forca aerea_de_wofah');
insert into meioCombate values (28, 'policia_de_pavux');
insert into meioCombate values (30, 'forca aerea_de_lomos');
insert into meioCombate values (33, 'exercito_de_waruf');
insert into meioCombate values (34, 'bombeiros_de_nukok');
insert into meioCombate values (38, 'municipio_de_tiqac');
insert into meioCombate values (39, 'municipio_de_seton');
insert into meioCombate values (45, 'forca aerea_de_bepen');
insert into meioCombate values (46, 'exercito_de_daqad');
insert into meioCombate values (47, 'exercito_de_qiqot');
insert into meioCombate values (48, 'forca aerea_de_pisuv');
insert into meioCombate values (50, 'forca aerea_de_buhav');
insert into meioCombate values (72, 'exercito_de_cahan');
insert into meioCombate values (73, 'bombeiros_de_papig');
insert into meioCombate values (74, 'bombeiros_de_locip');
insert into meioCombate values (81, 'policia_de_funih');
insert into meioCombate values (82, 'forca aerea_de_ruwoz');
insert into meioCombate values (83, 'forca aerea_de_rogem');
insert into meioCombate values (86, 'municipio_de_koluh');
insert into meioCombate values (87, 'policia_de_sumaj');
insert into meioCombate values (88, 'policia_de_dusil');
insert into meioCombate values (89, 'bombeiros_de_vojem');
insert into meioCombate values (93, 'bombeiros_de_cotim');
insert into meioCombate values (95, 'policia_de_ficag');
insert into meioCombate values (96, 'bombeiros_de_taquz');
insert into meioCombate values (98, 'bombeiros_de_guzub');
insert into meioCombate values (100, 'forca aerea_de_mevut');

insert into meioApoio values (1, 'exercito_de_bucux');
insert into meioApoio values (4, 'municipio_de_vomel');
insert into meioApoio values (13, 'bombeiros_de_gefiw');
insert into meioApoio values (14, 'exercito_de_rayet');
insert into meioApoio values (16, 'policia_de_yaweh');
insert into meioApoio values (17, 'forca aerea_de_xavik');
insert into meioApoio values (22, 'forca aerea_de_luhid');
insert into meioApoio values (24, 'bombeiros_de_hodib');
insert into meioApoio values (27, 'bombeiros_de_tifat');
insert into meioApoio values (29, 'municipio_de_xikuh');
insert into meioApoio values (31, 'exercito_de_guloy');
insert into meioApoio values (35, 'municipio_de_qiqer');
insert into meioApoio values (41, 'exercito_de_rapam');
insert into meioApoio values (42, 'policia_de_nahit');
insert into meioApoio values (51, 'policia_de_milek');
insert into meioApoio values (56, 'policia_de_dadiz');
insert into meioApoio values (57, 'exercito_de_hamuf');
insert into meioApoio values (58, 'exercito_de_xitim');
insert into meioApoio values (62, 'exercito_de_xutar');
insert into meioApoio values (63, 'exercito_de_revek');
insert into meioApoio values (65, 'policia_de_vehed');
insert into meioApoio values (66, 'municipio_de_jacic');
insert into meioApoio values (67, 'municipio_de_remoj');
insert into meioApoio values (71, 'forca aerea_de_jorow');
insert into meioApoio values (76, 'forca aerea_de_winey');
insert into meioApoio values (78, 'municipio_de_zizit');
insert into meioApoio values (90, 'exercito_de_sahuy');
insert into meioApoio values (94, 'exercito_de_xisuh');
insert into meioApoio values (97, 'policia_de_koqec');
insert into meioApoio values (99, 'bombeiros_de_zovis');

insert into meioSocorro values (3, 'forca aerea_de_zanov');
insert into meioSocorro values (6, 'forca aerea_de_zebas');
insert into meioSocorro values (7, 'forca aerea_de_vegus');
insert into meioSocorro values (15, 'municipio_de_qaleh');
insert into meioSocorro values (20, 'exercito_de_yaqig');
insert into meioSocorro values (21, 'exercito_de_ruqit');
insert into meioSocorro values (25, 'policia_de_fopek');
insert into meioSocorro values (32, 'forca aerea_de_kujud');
insert into meioSocorro values (36, 'municipio_de_bosef');
insert into meioSocorro values (37, 'forca aerea_de_sajij');
insert into meioSocorro values (40, 'bombeiros_de_gugec');
insert into meioSocorro values (43, 'policia_de_nexit');
insert into meioSocorro values (44, 'municipio_de_yuhes');
insert into meioSocorro values (49, 'municipio_de_kekuh');
insert into meioSocorro values (52, 'municipio_de_keyew');
insert into meioSocorro values (53, 'bombeiros_de_fupof');
insert into meioSocorro values (54, 'forca aerea_de_sowuv');
insert into meioSocorro values (55, 'forca aerea_de_yipov');
insert into meioSocorro values (59, 'forca aerea_de_jihow');
insert into meioSocorro values (60, 'policia_de_tipab');
insert into meioSocorro values (61, 'municipio_de_rezuc');
insert into meioSocorro values (64, 'municipio_de_texiw');
insert into meioSocorro values (68, 'forca aerea_de_jefev');
insert into meioSocorro values (69, 'bombeiros_de_kenoc');
insert into meioSocorro values (70, 'bombeiros_de_zaqim');
insert into meioSocorro values (75, 'municipio_de_muxon');
insert into meioSocorro values (77, 'bombeiros_de_lepag');
insert into meioSocorro values (79, 'municipio_de_poxuq');
insert into meioSocorro values (80, 'municipio_de_vugic');
insert into meioSocorro values (84, 'municipio_de_gokex');
insert into meioSocorro values (85, 'bombeiros_de_miyes');
insert into meioSocorro values (91, 'forca aerea_de_rodor');
insert into meioSocorro values (92, 'bombeiros_de_luhic');

insert into transporta values (3, 'forca aerea_de_zanov', 5, 3);
insert into transporta values (6, 'forca aerea_de_zebas', 94, 6);
insert into transporta values (7, 'forca aerea_de_vegus', 16, 7);
insert into transporta values (15, 'municipio_de_qaleh', 71, 15);
insert into transporta values (20, 'exercito_de_yaqig', 84, 20);
insert into transporta values (21, 'exercito_de_ruqit', 23, 21);
insert into transporta values (25, 'policia_de_fopek', 78, 25);
insert into transporta values (32, 'forca aerea_de_kujud', 65, 32);
insert into transporta values (36, 'municipio_de_bosef', 82, 36);
insert into transporta values (37, 'forca aerea_de_sajij', 100, 37);
insert into transporta values (40, 'bombeiros_de_gugec', 95, 40);
insert into transporta values (43, 'policia_de_nexit', 77, 43);
insert into transporta values (44, 'municipio_de_yuhes', 66, 44);
insert into transporta values (49, 'municipio_de_kekuh', 78, 49);
insert into transporta values (52, 'municipio_de_keyew', 57, 52);
insert into transporta values (53, 'bombeiros_de_fupof', 59, 53);
insert into transporta values (54, 'forca aerea_de_sowuv', 81, 54);
insert into transporta values (55, 'forca aerea_de_yipov', 25, 55);
insert into transporta values (59, 'forca aerea_de_jihow', 88, 59);
insert into transporta values (60, 'policia_de_tipab', 45, 60);
insert into transporta values (61, 'municipio_de_rezuc', 48, 61);
insert into transporta values (64, 'municipio_de_texiw', 78, 64);
insert into transporta values (68, 'forca aerea_de_jefev', 62, 68);
insert into transporta values (69, 'bombeiros_de_kenoc', 93, 69);
insert into transporta values (70, 'bombeiros_de_zaqim', 98, 70);
insert into transporta values (75, 'municipio_de_muxon', 42, 75);
insert into transporta values (77, 'bombeiros_de_lepag', 76, 77);
insert into transporta values (79, 'municipio_de_poxuq', 92, 79);
insert into transporta values (80, 'municipio_de_vugic', 85, 80);
insert into transporta values (84, 'municipio_de_gokex', 26, 84);
insert into transporta values (85, 'bombeiros_de_miyes', 27, 85);
insert into transporta values (91, 'forca aerea_de_rodor', 12, 91);
insert into transporta values (92, 'bombeiros_de_luhic', 44, 92);

insert into alocado values (1, 'exercito_de_bucux', 40, 1);
insert into alocado values (4, 'municipio_de_vomel', 32, 4);
insert into alocado values (13, 'bombeiros_de_gefiw', 26, 13);
insert into alocado values (14, 'exercito_de_rayet', 15, 14);
insert into alocado values (16, 'policia_de_yaweh', 18, 16);
insert into alocado values (17, 'forca aerea_de_xavik', 11, 17);
insert into alocado values (22, 'forca aerea_de_luhid', 33, 22);
insert into alocado values (24, 'bombeiros_de_hodib', 50, 24);
insert into alocado values (27, 'bombeiros_de_tifat', 46, 27);
insert into alocado values (29, 'municipio_de_xikuh', 48, 29);
insert into alocado values (31, 'exercito_de_guloy', 40, 31);
insert into alocado values (35, 'municipio_de_qiqer', 53, 35);
insert into alocado values (41, 'exercito_de_rapam', 1, 41);
insert into alocado values (42, 'policia_de_nahit', 39, 42);
insert into alocado values (51, 'policia_de_milek', 41, 51);
insert into alocado values (56, 'policia_de_dadiz', 29, 56);
insert into alocado values (57, 'exercito_de_hamuf', 32, 57);
insert into alocado values (58, 'exercito_de_xitim', 39, 58);
insert into alocado values (62, 'exercito_de_xutar', 41, 62);
insert into alocado values (63, 'exercito_de_revek', 29, 63);
insert into alocado values (65, 'policia_de_vehed', 29, 65);
insert into alocado values (66, 'municipio_de_jacic', 9, 66);
insert into alocado values (67, 'municipio_de_remoj', 27, 67);
insert into alocado values (71, 'forca aerea_de_jorow', 50, 71);
insert into alocado values (76, 'forca aerea_de_winey', 10, 76);
insert into alocado values (78, 'municipio_de_zizit', 38, 78);
insert into alocado values (90, 'exercito_de_sahuy', 38, 90);
insert into alocado values (94, 'exercito_de_xisuh', 35, 94);
insert into alocado values (97, 'policia_de_koqec', 35, 97);
insert into alocado values (99, 'bombeiros_de_zovis', 1, 99);

insert into acciona values (1, 'exercito_de_bucux', 1);
insert into acciona values (2, 'bombeiros_de_lajav', 2);
insert into acciona values (3, 'forca aerea_de_zanov', 3);
insert into acciona values (4, 'municipio_de_vomel', 4);
insert into acciona values (5, 'municipio_de_wuvuw', 5);
insert into acciona values (6, 'forca aerea_de_zebas', 6);
insert into acciona values (7, 'forca aerea_de_vegus', 7);
insert into acciona values (8, 'bombeiros_de_yeqeb', 8);
insert into acciona values (9, 'exercito_de_bojoc', 9);
insert into acciona values (10, 'bombeiros_de_guwom', 10);
insert into acciona values (11, 'forca aerea_de_tuzur', 11);
insert into acciona values (12, 'policia_de_ruwud', 12);
insert into acciona values (13, 'bombeiros_de_gefiw', 13);
insert into acciona values (14, 'exercito_de_rayet', 14);
insert into acciona values (15, 'municipio_de_qaleh', 15);
insert into acciona values (16, 'policia_de_yaweh', 16);
insert into acciona values (17, 'forca aerea_de_xavik', 17);
insert into acciona values (18, 'bombeiros_de_bafix', 18);
insert into acciona values (19, 'municipio_de_hatub', 19);
insert into acciona values (20, 'exercito_de_yaqig', 20);
insert into acciona values (21, 'exercito_de_ruqit', 21);
insert into acciona values (22, 'forca aerea_de_luhid', 22);
insert into acciona values (23, 'forca aerea_de_vuyet', 23);
insert into acciona values (24, 'bombeiros_de_hodib', 24);
insert into acciona values (25, 'policia_de_fopek', 25);
insert into acciona values (26, 'forca aerea_de_wofah', 26);
insert into acciona values (27, 'bombeiros_de_tifat', 27);
insert into acciona values (28, 'policia_de_pavux', 28);
insert into acciona values (29, 'municipio_de_xikuh', 29);
insert into acciona values (30, 'forca aerea_de_lomos', 30);
insert into acciona values (31, 'exercito_de_guloy', 31);
insert into acciona values (32, 'forca aerea_de_kujud', 32);
insert into acciona values (33, 'exercito_de_waruf', 33);
insert into acciona values (34, 'bombeiros_de_nukok', 34);
insert into acciona values (35, 'municipio_de_qiqer', 35);
insert into acciona values (36, 'municipio_de_bosef', 36);
insert into acciona values (37, 'forca aerea_de_sajij', 37);
insert into acciona values (38, 'municipio_de_tiqac', 38);
insert into acciona values (39, 'municipio_de_seton', 39);
insert into acciona values (40, 'bombeiros_de_gugec', 40);
insert into acciona values (41, 'exercito_de_rapam', 41);
insert into acciona values (42, 'policia_de_nahit', 42);
insert into acciona values (43, 'policia_de_nexit', 43);
insert into acciona values (44, 'municipio_de_yuhes', 44);
insert into acciona values (45, 'forca aerea_de_bepen', 45);
insert into acciona values (46, 'exercito_de_daqad', 46);
insert into acciona values (47, 'exercito_de_qiqot', 47);
insert into acciona values (48, 'forca aerea_de_pisuv', 48);
insert into acciona values (49, 'municipio_de_kekuh', 49);
insert into acciona values (50, 'forca aerea_de_buhav', 50);
insert into acciona values (51, 'policia_de_milek', 51);
insert into acciona values (52, 'municipio_de_keyew', 52);
insert into acciona values (53, 'bombeiros_de_fupof', 53);
insert into acciona values (54, 'forca aerea_de_sowuv', 54);
insert into acciona values (55, 'forca aerea_de_yipov', 55);
insert into acciona values (56, 'policia_de_dadiz', 56);
insert into acciona values (57, 'exercito_de_hamuf', 57);
insert into acciona values (58, 'exercito_de_xitim', 58);
insert into acciona values (59, 'forca aerea_de_jihow', 59);
insert into acciona values (60, 'policia_de_tipab', 60);
insert into acciona values (61, 'municipio_de_rezuc', 61);
insert into acciona values (62, 'exercito_de_xutar', 62);
insert into acciona values (63, 'exercito_de_revek', 63);
insert into acciona values (64, 'municipio_de_texiw', 64);
insert into acciona values (65, 'policia_de_vehed', 65);
insert into acciona values (66, 'municipio_de_jacic', 66);
insert into acciona values (67, 'municipio_de_remoj', 67);
insert into acciona values (68, 'forca aerea_de_jefev', 68);
insert into acciona values (69, 'bombeiros_de_kenoc', 69);
insert into acciona values (70, 'bombeiros_de_zaqim', 70);
insert into acciona values (71, 'forca aerea_de_jorow', 71);
insert into acciona values (72, 'exercito_de_cahan', 72);
insert into acciona values (73, 'bombeiros_de_papig', 73);
insert into acciona values (74, 'bombeiros_de_locip', 74);
insert into acciona values (75, 'municipio_de_muxon', 75);
insert into acciona values (76, 'forca aerea_de_winey', 76);
insert into acciona values (77, 'bombeiros_de_lepag', 77);
insert into acciona values (78, 'municipio_de_zizit', 78);
insert into acciona values (79, 'municipio_de_poxuq', 79);
insert into acciona values (80, 'municipio_de_vugic', 80);
insert into acciona values (81, 'policia_de_funih', 81);
insert into acciona values (82, 'forca aerea_de_ruwoz', 82);
insert into acciona values (83, 'forca aerea_de_rogem', 83);
insert into acciona values (84, 'municipio_de_gokex', 84);
insert into acciona values (85, 'bombeiros_de_miyes', 85);
insert into acciona values (86, 'municipio_de_koluh', 86);
insert into acciona values (87, 'policia_de_sumaj', 87);
insert into acciona values (88, 'policia_de_dusil', 88);
insert into acciona values (89, 'bombeiros_de_vojem', 89);
insert into acciona values (90, 'exercito_de_sahuy', 90);
insert into acciona values (91, 'forca aerea_de_rodor', 91);
insert into acciona values (92, 'bombeiros_de_luhic', 92);
insert into acciona values (93, 'bombeiros_de_cotim', 93);
insert into acciona values (94, 'exercito_de_xisuh', 94);
insert into acciona values (95, 'policia_de_ficag', 95);
insert into acciona values (96, 'bombeiros_de_taquz', 96);
insert into acciona values (97, 'policia_de_koqec', 97);
insert into acciona values (98, 'bombeiros_de_guzub', 98);
insert into acciona values (99, 'bombeiros_de_zovis', 99);
insert into acciona values (100, 'forca aerea_de_mevut', 100);

insert into coordenador values (1);
insert into coordenador values (2);
insert into coordenador values (3);
insert into coordenador values (4);
insert into coordenador values (5);
insert into coordenador values (6);
insert into coordenador values (7);
insert into coordenador values (8);
insert into coordenador values (9);
insert into coordenador values (10);
insert into coordenador values (11);
insert into coordenador values (12);
insert into coordenador values (13);
insert into coordenador values (14);
insert into coordenador values (15);
insert into coordenador values (16);
insert into coordenador values (17);
insert into coordenador values (18);
insert into coordenador values (19);
insert into coordenador values (20);
insert into coordenador values (21);
insert into coordenador values (22);
insert into coordenador values (23);
insert into coordenador values (24);
insert into coordenador values (25);
insert into coordenador values (26);
insert into coordenador values (27);
insert into coordenador values (28);
insert into coordenador values (29);
insert into coordenador values (30);
insert into coordenador values (31);
insert into coordenador values (32);
insert into coordenador values (33);
insert into coordenador values (34);
insert into coordenador values (35);
insert into coordenador values (36);
insert into coordenador values (37);
insert into coordenador values (38);
insert into coordenador values (39);
insert into coordenador values (40);
insert into coordenador values (41);
insert into coordenador values (42);
insert into coordenador values (43);
insert into coordenador values (44);
insert into coordenador values (45);
insert into coordenador values (46);
insert into coordenador values (47);
insert into coordenador values (48);
insert into coordenador values (49);
insert into coordenador values (50);
insert into coordenador values (51);
insert into coordenador values (52);
insert into coordenador values (53);
insert into coordenador values (54);
insert into coordenador values (55);
insert into coordenador values (56);
insert into coordenador values (57);
insert into coordenador values (58);
insert into coordenador values (59);
insert into coordenador values (60);
insert into coordenador values (61);
insert into coordenador values (62);
insert into coordenador values (63);
insert into coordenador values (64);
insert into coordenador values (65);
insert into coordenador values (66);
insert into coordenador values (67);
insert into coordenador values (68);
insert into coordenador values (69);
insert into coordenador values (70);
insert into coordenador values (71);
insert into coordenador values (72);
insert into coordenador values (73);
insert into coordenador values (74);
insert into coordenador values (75);
insert into coordenador values (76);
insert into coordenador values (77);
insert into coordenador values (78);
insert into coordenador values (79);
insert into coordenador values (80);
insert into coordenador values (81);
insert into coordenador values (82);
insert into coordenador values (83);
insert into coordenador values (84);
insert into coordenador values (85);
insert into coordenador values (86);
insert into coordenador values (87);
insert into coordenador values (88);
insert into coordenador values (89);
insert into coordenador values (90);
insert into coordenador values (91);
insert into coordenador values (92);
insert into coordenador values (93);
insert into coordenador values (94);
insert into coordenador values (95);
insert into coordenador values (96);
insert into coordenador values (97);
insert into coordenador values (98);
insert into coordenador values (99);
insert into coordenador values (100);

insert into audita values (1, 1, 'exercito_de_bucux', 1, '2018-01-02 16:15:56', '2018-01-02 17:11:14', '2018-01-02','Auditoria do processo 1 que comecou no dia 2018-01-02 16:15:56 e acabou no dia 2018-01-02 17:11:14 da entidade exercito_de_bucux do Meio de Apoio');
insert into audita values (2, 2, 'bombeiros_de_lajav', 2, '2018-01-01 20:42:42', '2018-01-02 00:07:59', '2018-01-01','Auditoria do processo 2 que comecou no dia 2018-01-01 20:42:42 e acabou no dia 2018-01-02 00:07:59 da entidade bombeiros_de_lajav do Meio de Combate');
insert into audita values (3, 3, 'forca aerea_de_zanov', 3, '2018-01-03 02:29:29', '2018-01-05 07:49:55', '2018-01-03','Auditoria do processo 3 que comecou no dia 2018-01-03 02:29:29 e acabou no dia 2018-01-05 07:49:55 da entidade forca aerea_de_zanov do Meio de Socorro');
insert into audita values (4, 4, 'municipio_de_vomel', 4, '2018-01-04 04:12:53', '2018-01-05 14:59:02', '2018-01-04','Auditoria do processo 4 que comecou no dia 2018-01-04 04:12:53 e acabou no dia 2018-01-05 14:59:02 da entidade municipio_de_vomel do Meio de Apoio');
insert into audita values (5, 5, 'municipio_de_wuvuw', 5, '2018-01-03 03:01:29', '2018-01-03 07:36:17', '2018-01-03','Auditoria do processo 5 que comecou no dia 2018-01-03 03:01:29 e acabou no dia 2018-01-03 07:36:17 da entidade municipio_de_wuvuw do Meio de Combate');
insert into audita values (6, 6, 'forca aerea_de_zebas', 6, '2018-01-02 15:19:49', '2018-01-04 11:18:38', '2018-01-02','Auditoria do processo 6 que comecou no dia 2018-01-02 15:19:49 e acabou no dia 2018-01-04 11:18:38 da entidade forca aerea_de_zebas do Meio de Socorro');
insert into audita values (7, 7, 'forca aerea_de_vegus', 7, '2018-01-03 23:26:42', '2018-01-03 23:57:31', '2018-01-03','Auditoria do processo 7 que comecou no dia 2018-01-03 23:26:42 e acabou no dia 2018-01-03 23:57:31 da entidade forca aerea_de_vegus do Meio de Socorro');
insert into audita values (8, 8, 'bombeiros_de_yeqeb', 8, '2018-01-06 00:43:42', '2018-01-06 00:46:50', '2018-01-06','Auditoria do processo 8 que comecou no dia 2018-01-06 00:43:42 e acabou no dia 2018-01-06 00:46:50 da entidade bombeiros_de_yeqeb do Meio de Combate');
insert into audita values (9, 9, 'exercito_de_bojoc', 9, '2018-01-05 20:16:30', '2018-01-06 00:17:43', '2018-01-05','Auditoria do processo 9 que comecou no dia 2018-01-05 20:16:30 e acabou no dia 2018-01-06 00:17:43 da entidade exercito_de_bojoc do Meio de Combate');
insert into audita values (10, 10, 'bombeiros_de_guwom', 10, '2018-01-05 02:45:40', '2018-01-05 17:44:38', '2018-01-05','Auditoria do processo 10 que comecou no dia 2018-01-05 02:45:40 e acabou no dia 2018-01-05 17:44:38 da entidade bombeiros_de_guwom do Meio de Combate');
insert into audita values (11, 11, 'forca aerea_de_tuzur', 11, '2018-01-09 02:53:46', '2018-01-09 06:08:28', '2018-01-09','Auditoria do processo 11 que comecou no dia 2018-01-09 02:53:46 e acabou no dia 2018-01-09 06:08:28 da entidade forca aerea_de_tuzur do Meio de Combate');
insert into audita values (12, 12, 'policia_de_ruwud', 12, '2018-01-12 01:02:07', '2018-01-12 07:39:06', '2018-01-12','Auditoria do processo 12 que comecou no dia 2018-01-12 01:02:07 e acabou no dia 2018-01-12 07:39:06 da entidade policia_de_ruwud do Meio de Combate');
insert into audita values (13, 13, 'bombeiros_de_gefiw', 13, '2018-01-06 11:02:44', '2018-01-09 00:44:40', '2018-01-06','Auditoria do processo 13 que comecou no dia 2018-01-06 11:02:44 e acabou no dia 2018-01-09 00:44:40 da entidade bombeiros_de_gefiw do Meio de Apoio');
insert into audita values (14, 14, 'exercito_de_rayet', 14, '2018-01-10 11:45:15', '2018-01-10 11:56:18', '2018-01-10','Auditoria do processo 14 que comecou no dia 2018-01-10 11:45:15 e acabou no dia 2018-01-10 11:56:18 da entidade exercito_de_rayet do Meio de Apoio');
insert into audita values (15, 15, 'municipio_de_qaleh', 15, '2018-01-06 19:53:33', '2018-01-06 20:31:32', '2018-01-06','Auditoria do processo 15 que comecou no dia 2018-01-06 19:53:33 e acabou no dia 2018-01-06 20:31:32 da entidade municipio_de_qaleh do Meio de Socorro');
insert into audita values (16, 16, 'policia_de_yaweh', 16, '2018-01-06 18:34:10', '2018-01-06 20:22:49', '2018-01-06','Auditoria do processo 16 que comecou no dia 2018-01-06 18:34:10 e acabou no dia 2018-01-06 20:22:49 da entidade policia_de_yaweh do Meio de Apoio');
insert into audita values (17, 17, 'forca aerea_de_xavik', 17, '2018-01-14 23:12:47', '2018-01-17 17:58:42', '2018-01-14','Auditoria do processo 17 que comecou no dia 2018-01-14 23:12:47 e acabou no dia 2018-01-17 17:58:42 da entidade forca aerea_de_xavik do Meio de Apoio');
insert into audita values (18, 18, 'bombeiros_de_bafix', 18, '2018-01-15 00:47:48', '2018-01-15 10:56:42', '2018-01-15','Auditoria do processo 18 que comecou no dia 2018-01-15 00:47:48 e acabou no dia 2018-01-15 10:56:42 da entidade bombeiros_de_bafix do Meio de Combate');
insert into audita values (19, 19, 'municipio_de_hatub', 19, '2018-01-12 06:40:27', '2018-01-12 14:15:43', '2018-01-12','Auditoria do processo 19 que comecou no dia 2018-01-12 06:40:27 e acabou no dia 2018-01-12 14:15:43 da entidade municipio_de_hatub do Meio de Combate');
insert into audita values (20, 20, 'exercito_de_yaqig', 20, '2018-01-18 20:30:06', '2018-01-19 03:25:12', '2018-01-18','Auditoria do processo 20 que comecou no dia 2018-01-18 20:30:06 e acabou no dia 2018-01-19 03:25:12 da entidade exercito_de_yaqig do Meio de Socorro');
insert into audita values (21, 21, 'exercito_de_ruqit', 21, '2018-01-10 11:17:21', '2018-01-11 01:27:13', '2018-01-10','Auditoria do processo 21 que comecou no dia 2018-01-10 11:17:21 e acabou no dia 2018-01-11 01:27:13 da entidade exercito_de_ruqit do Meio de Socorro');
insert into audita values (22, 22, 'forca aerea_de_luhid', 22, '2018-01-12 13:06:33', '2018-01-12 23:51:19', '2018-01-12','Auditoria do processo 22 que comecou no dia 2018-01-12 13:06:33 e acabou no dia 2018-01-12 23:51:19 da entidade forca aerea_de_luhid do Meio de Apoio');
insert into audita values (23, 23, 'forca aerea_de_vuyet', 23, '2018-01-16 17:07:41', '2018-01-17 02:11:08', '2018-01-16','Auditoria do processo 23 que comecou no dia 2018-01-16 17:07:41 e acabou no dia 2018-01-17 02:11:08 da entidade forca aerea_de_vuyet do Meio de Combate');
insert into audita values (24, 24, 'bombeiros_de_hodib', 24, '2018-01-15 16:40:03', '2018-01-15 18:56:53', '2018-01-15','Auditoria do processo 24 que comecou no dia 2018-01-15 16:40:03 e acabou no dia 2018-01-15 18:56:53 da entidade bombeiros_de_hodib do Meio de Apoio');
insert into audita values (25, 25, 'policia_de_fopek', 25, '2018-01-11 06:20:38', '2018-01-12 01:59:13', '2018-01-11','Auditoria do processo 25 que comecou no dia 2018-01-11 06:20:38 e acabou no dia 2018-01-12 01:59:13 da entidade policia_de_fopek do Meio de Socorro');
insert into audita values (26, 26, 'forca aerea_de_wofah', 26, '2018-01-17 09:05:21', '2018-01-18 00:02:44', '2018-01-17','Auditoria do processo 26 que comecou no dia 2018-01-17 09:05:21 e acabou no dia 2018-01-18 00:02:44 da entidade forca aerea_de_wofah do Meio de Combate');
insert into audita values (27, 27, 'bombeiros_de_tifat', 27, '2018-01-17 20:31:30', '2018-01-19 11:02:16', '2018-01-17','Auditoria do processo 27 que comecou no dia 2018-01-17 20:31:30 e acabou no dia 2018-01-19 11:02:16 da entidade bombeiros_de_tifat do Meio de Apoio');
insert into audita values (28, 28, 'policia_de_pavux', 28, '2018-01-21 12:43:10', '2018-01-21 15:07:25', '2018-01-21','Auditoria do processo 28 que comecou no dia 2018-01-21 12:43:10 e acabou no dia 2018-01-21 15:07:25 da entidade policia_de_pavux do Meio de Combate');
insert into audita values (29, 29, 'municipio_de_xikuh', 29, '2018-01-20 23:53:00', '2018-01-22 19:59:16', '2018-01-20','Auditoria do processo 29 que comecou no dia 2018-01-20 23:53:00 e acabou no dia 2018-01-22 19:59:16 da entidade municipio_de_xikuh do Meio de Apoio');
insert into audita values (30, 30, 'forca aerea_de_lomos', 30, '2018-01-20 20:14:49', '2018-01-21 15:05:25', '2018-01-20','Auditoria do processo 30 que comecou no dia 2018-01-20 20:14:49 e acabou no dia 2018-01-21 15:05:25 da entidade forca aerea_de_lomos do Meio de Combate');
insert into audita values (31, 31, 'exercito_de_guloy', 31, '2018-01-21 02:17:30', '2018-01-22 16:51:17', '2018-01-21','Auditoria do processo 31 que comecou no dia 2018-01-21 02:17:30 e acabou no dia 2018-01-22 16:51:17 da entidade exercito_de_guloy do Meio de Apoio');
insert into audita values (32, 32, 'forca aerea_de_kujud', 32, '2018-01-18 01:07:19', '2018-01-18 03:54:01', '2018-01-18','Auditoria do processo 32 que comecou no dia 2018-01-18 01:07:19 e acabou no dia 2018-01-18 03:54:01 da entidade forca aerea_de_kujud do Meio de Socorro');
insert into audita values (33, 33, 'exercito_de_waruf', 33, '2018-01-25 16:54:09', '2018-01-25 20:25:51', '2018-01-25','Auditoria do processo 33 que comecou no dia 2018-01-25 16:54:09 e acabou no dia 2018-01-25 20:25:51 da entidade exercito_de_waruf do Meio de Combate');
insert into audita values (34, 34, 'bombeiros_de_nukok', 34, '2018-01-21 14:03:15', '2018-01-21 20:56:18', '2018-01-21','Auditoria do processo 34 que comecou no dia 2018-01-21 14:03:15 e acabou no dia 2018-01-21 20:56:18 da entidade bombeiros_de_nukok do Meio de Combate');
insert into audita values (35, 35, 'municipio_de_qiqer', 35, '2018-01-19 21:03:10', '2018-01-20 10:40:50', '2018-01-19','Auditoria do processo 35 que comecou no dia 2018-01-19 21:03:10 e acabou no dia 2018-01-20 10:40:50 da entidade municipio_de_qiqer do Meio de Apoio');
insert into audita values (36, 36, 'municipio_de_bosef', 36, '2018-01-26 08:13:49', '2018-01-26 22:29:56', '2018-01-26','Auditoria do processo 36 que comecou no dia 2018-01-26 08:13:49 e acabou no dia 2018-01-26 22:29:56 da entidade municipio_de_bosef do Meio de Socorro');
insert into audita values (37, 37, 'forca aerea_de_sajij', 37, '2018-01-26 16:12:46', '2018-01-27 00:09:50', '2018-01-26','Auditoria do processo 37 que comecou no dia 2018-01-26 16:12:46 e acabou no dia 2018-01-27 00:09:50 da entidade forca aerea_de_sajij do Meio de Socorro');
insert into audita values (38, 38, 'municipio_de_tiqac', 38, '2018-01-24 09:58:49', '2018-01-24 19:36:15', '2018-01-24','Auditoria do processo 38 que comecou no dia 2018-01-24 09:58:49 e acabou no dia 2018-01-24 19:36:15 da entidade municipio_de_tiqac do Meio de Combate');
insert into audita values (39, 39, 'municipio_de_seton', 39, '2018-01-24 20:45:42', '2018-01-25 07:29:15', '2018-01-24','Auditoria do processo 39 que comecou no dia 2018-01-24 20:45:42 e acabou no dia 2018-01-25 07:29:15 da entidade municipio_de_seton do Meio de Combate');
insert into audita values (40, 40, 'bombeiros_de_gugec', 40, '2018-01-27 01:09:11', '2018-01-27 11:51:12', '2018-01-27','Auditoria do processo 40 que comecou no dia 2018-01-27 01:09:11 e acabou no dia 2018-01-27 11:51:12 da entidade bombeiros_de_gugec do Meio de Socorro');
insert into audita values (41, 41, 'exercito_de_rapam', 41, '2018-01-26 10:43:57', '2018-01-26 21:20:24', '2018-01-26','Auditoria do processo 41 que comecou no dia 2018-01-26 10:43:57 e acabou no dia 2018-01-26 21:20:24 da entidade exercito_de_rapam do Meio de Apoio');
insert into audita values (42, 42, 'policia_de_nahit', 42, '2018-01-21 11:22:23', '2018-01-22 19:28:04', '2018-01-21','Auditoria do processo 42 que comecou no dia 2018-01-21 11:22:23 e acabou no dia 2018-01-22 19:28:04 da entidade policia_de_nahit do Meio de Apoio');
insert into audita values (43, 43, 'policia_de_nexit', 43, '2018-01-23 18:15:24', '2018-01-23 23:59:33', '2018-01-23','Auditoria do processo 43 que comecou no dia 2018-01-23 18:15:24 e acabou no dia 2018-01-23 23:59:33 da entidade policia_de_nexit do Meio de Socorro');
insert into audita values (44, 44, 'municipio_de_yuhes', 44, '2018-01-26 07:00:07', '2018-01-26 23:52:16', '2018-01-26','Auditoria do processo 44 que comecou no dia 2018-01-26 07:00:07 e acabou no dia 2018-01-26 23:52:16 da entidade municipio_de_yuhes do Meio de Socorro');
insert into audita values (45, 45, 'forca aerea_de_bepen', 45, '2018-01-28 00:14:01', '2018-01-29 00:44:57', '2018-01-28','Auditoria do processo 45 que comecou no dia 2018-01-28 00:14:01 e acabou no dia 2018-01-29 00:44:57 da entidade forca aerea_de_bepen do Meio de Combate');
insert into audita values (46, 46, 'exercito_de_daqad', 46, '2018-01-27 10:37:43', '2018-01-27 11:10:15', '2018-01-27','Auditoria do processo 46 que comecou no dia 2018-01-27 10:37:43 e acabou no dia 2018-01-27 11:10:15 da entidade exercito_de_daqad do Meio de Combate');
insert into audita values (47, 47, 'exercito_de_qiqot', 47, '2018-01-30 14:46:00', '2018-01-31 20:59:28', '2018-01-30','Auditoria do processo 47 que comecou no dia 2018-01-30 14:46:00 e acabou no dia 2018-01-31 20:59:28 da entidade exercito_de_qiqot do Meio de Combate');
insert into audita values (48, 48, 'forca aerea_de_pisuv', 48, '2018-01-29 12:24:53', '2018-01-30 00:47:55', '2018-01-29','Auditoria do processo 48 que comecou no dia 2018-01-29 12:24:53 e acabou no dia 2018-01-30 00:47:55 da entidade forca aerea_de_pisuv do Meio de Combate');
insert into audita values (49, 49, 'municipio_de_kekuh', 49, '2018-01-31 18:28:14', '2018-02-01 00:20:12', '2018-01-31','Auditoria do processo 49 que comecou no dia 2018-01-31 18:28:14 e acabou no dia 2018-02-01 00:20:12 da entidade municipio_de_kekuh do Meio de Socorro');
insert into audita values (50, 50, 'forca aerea_de_buhav', 50, '2018-01-30 21:36:21', '2018-02-01 04:37:21', '2018-01-30','Auditoria do processo 50 que comecou no dia 2018-01-30 21:36:21 e acabou no dia 2018-02-01 04:37:21 da entidade forca aerea_de_buhav do Meio de Combate');
insert into audita values (51, 51, 'policia_de_milek', 51, '2018-01-27 10:43:07', '2018-01-27 17:27:17', '2018-01-27','Auditoria do processo 51 que comecou no dia 2018-01-27 10:43:07 e acabou no dia 2018-01-27 17:27:17 da entidade policia_de_milek do Meio de Apoio');
insert into audita values (52, 52, 'municipio_de_keyew', 52, '2018-01-29 01:39:30', '2018-01-29 10:54:05', '2018-01-29','Auditoria do processo 52 que comecou no dia 2018-01-29 01:39:30 e acabou no dia 2018-01-29 10:54:05 da entidade municipio_de_keyew do Meio de Socorro');
insert into audita values (53, 53, 'bombeiros_de_fupof', 53, '2018-02-06 09:00:07', '2018-02-07 10:31:51', '2018-02-06','Auditoria do processo 53 que comecou no dia 2018-02-06 09:00:07 e acabou no dia 2018-02-07 10:31:51 da entidade bombeiros_de_fupof do Meio de Socorro');
insert into audita values (54, 54, 'forca aerea_de_sowuv', 54, '2018-02-01 07:17:23', '2018-02-01 15:29:01', '2018-02-01','Auditoria do processo 54 que comecou no dia 2018-02-01 07:17:23 e acabou no dia 2018-02-01 15:29:01 da entidade forca aerea_de_sowuv do Meio de Socorro');
insert into audita values (55, 55, 'forca aerea_de_yipov', 55, '2018-02-01 20:02:15', '2018-02-03 11:34:33', '2018-02-01','Auditoria do processo 55 que comecou no dia 2018-02-01 20:02:15 e acabou no dia 2018-02-03 11:34:33 da entidade forca aerea_de_yipov do Meio de Socorro');
insert into audita values (56, 56, 'policia_de_dadiz', 56, '2018-02-06 05:29:06', '2018-02-06 06:01:26', '2018-02-06','Auditoria do processo 56 que comecou no dia 2018-02-06 05:29:06 e acabou no dia 2018-02-06 06:01:26 da entidade policia_de_dadiz do Meio de Apoio');
insert into audita values (57, 57, 'exercito_de_hamuf', 57, '2018-02-03 16:31:53', '2018-02-04 14:15:44', '2018-02-03','Auditoria do processo 57 que comecou no dia 2018-02-03 16:31:53 e acabou no dia 2018-02-04 14:15:44 da entidade exercito_de_hamuf do Meio de Apoio');
insert into audita values (58, 58, 'exercito_de_xitim', 58, '2018-02-02 13:26:03', '2018-02-02 18:22:36', '2018-02-02','Auditoria do processo 58 que comecou no dia 2018-02-02 13:26:03 e acabou no dia 2018-02-02 18:22:36 da entidade exercito_de_xitim do Meio de Apoio');
insert into audita values (59, 59, 'forca aerea_de_jihow', 59, '2018-02-06 02:59:53', '2018-02-06 08:39:21', '2018-02-06','Auditoria do processo 59 que comecou no dia 2018-02-06 02:59:53 e acabou no dia 2018-02-06 08:39:21 da entidade forca aerea_de_jihow do Meio de Socorro');
insert into audita values (60, 60, 'policia_de_tipab', 60, '2018-02-03 12:43:00', '2018-02-03 16:03:34', '2018-02-03','Auditoria do processo 60 que comecou no dia 2018-02-03 12:43:00 e acabou no dia 2018-02-03 16:03:34 da entidade policia_de_tipab do Meio de Socorro');
insert into audita values (61, 61, 'municipio_de_rezuc', 61, '2018-02-06 08:11:16', '2018-02-06 16:07:30', '2018-02-06','Auditoria do processo 61 que comecou no dia 2018-02-06 08:11:16 e acabou no dia 2018-02-06 16:07:30 da entidade municipio_de_rezuc do Meio de Socorro');
insert into audita values (62, 62, 'exercito_de_xutar', 62, '2018-02-09 00:50:43', '2018-02-09 09:45:13', '2018-02-09','Auditoria do processo 62 que comecou no dia 2018-02-09 00:50:43 e acabou no dia 2018-02-09 09:45:13 da entidade exercito_de_xutar do Meio de Apoio');
insert into audita values (63, 63, 'exercito_de_revek', 63, '2018-02-10 19:55:20', '2018-02-10 22:47:25', '2018-02-10','Auditoria do processo 63 que comecou no dia 2018-02-10 19:55:20 e acabou no dia 2018-02-10 22:47:25 da entidade exercito_de_revek do Meio de Apoio');
insert into audita values (64, 64, 'municipio_de_texiw', 64, '2018-02-08 23:48:12', '2018-02-09 02:10:21', '2018-02-08','Auditoria do processo 64 que comecou no dia 2018-02-08 23:48:12 e acabou no dia 2018-02-09 02:10:21 da entidade municipio_de_texiw do Meio de Socorro');
insert into audita values (65, 65, 'policia_de_vehed', 65, '2018-02-08 19:06:46', '2018-02-09 03:56:04', '2018-02-08','Auditoria do processo 65 que comecou no dia 2018-02-08 19:06:46 e acabou no dia 2018-02-09 03:56:04 da entidade policia_de_vehed do Meio de Apoio');
insert into audita values (66, 66, 'municipio_de_jacic', 66, '2018-02-14 18:15:32', '2018-02-16 06:12:47', '2018-02-14','Auditoria do processo 66 que comecou no dia 2018-02-14 18:15:32 e acabou no dia 2018-02-16 06:12:47 da entidade municipio_de_jacic do Meio de Apoio');
insert into audita values (67, 67, 'municipio_de_remoj', 67, '2018-02-11 21:08:45', '2018-02-12 07:00:24', '2018-02-11','Auditoria do processo 67 que comecou no dia 2018-02-11 21:08:45 e acabou no dia 2018-02-12 07:00:24 da entidade municipio_de_remoj do Meio de Apoio');
insert into audita values (68, 68, 'forca aerea_de_jefev', 68, '2018-02-14 04:10:06', '2018-02-14 14:32:07', '2018-02-14','Auditoria do processo 68 que comecou no dia 2018-02-14 04:10:06 e acabou no dia 2018-02-14 14:32:07 da entidade forca aerea_de_jefev do Meio de Socorro');
insert into audita values (69, 69, 'bombeiros_de_kenoc', 69, '2018-02-08 23:07:03', '2018-02-10 11:04:37', '2018-02-08','Auditoria do processo 69 que comecou no dia 2018-02-08 23:07:03 e acabou no dia 2018-02-10 11:04:37 da entidade bombeiros_de_kenoc do Meio de Socorro');
insert into audita values (70, 70, 'bombeiros_de_zaqim', 70, '2018-02-14 13:26:40', '2018-02-14 17:59:43', '2018-02-14','Auditoria do processo 70 que comecou no dia 2018-02-14 13:26:40 e acabou no dia 2018-02-14 17:59:43 da entidade bombeiros_de_zaqim do Meio de Socorro');
insert into audita values (71, 71, 'forca aerea_de_jorow', 71, '2018-02-11 08:57:26', '2018-02-12 04:50:35', '2018-02-11','Auditoria do processo 71 que comecou no dia 2018-02-11 08:57:26 e acabou no dia 2018-02-12 04:50:35 da entidade forca aerea_de_jorow do Meio de Apoio');
insert into audita values (72, 72, 'exercito_de_cahan', 72, '2018-02-05 09:35:15', '2018-02-07 20:56:29', '2018-02-05','Auditoria do processo 72 que comecou no dia 2018-02-05 09:35:15 e acabou no dia 2018-02-07 20:56:29 da entidade exercito_de_cahan do Meio de Combate');
insert into audita values (73, 73, 'bombeiros_de_papig', 73, '2018-02-15 02:26:56', '2018-02-15 03:39:41', '2018-02-15','Auditoria do processo 73 que comecou no dia 2018-02-15 02:26:56 e acabou no dia 2018-02-15 03:39:41 da entidade bombeiros_de_papig do Meio de Combate');
insert into audita values (74, 74, 'bombeiros_de_locip', 74, '2018-02-20 12:31:11', '2018-02-21 05:06:06', '2018-02-20','Auditoria do processo 74 que comecou no dia 2018-02-20 12:31:11 e acabou no dia 2018-02-21 05:06:06 da entidade bombeiros_de_locip do Meio de Combate');
insert into audita values (75, 75, 'municipio_de_muxon', 75, '2018-02-15 13:56:36', '2018-02-15 21:55:44', '2018-02-15','Auditoria do processo 75 que comecou no dia 2018-02-15 13:56:36 e acabou no dia 2018-02-15 21:55:44 da entidade municipio_de_muxon do Meio de Socorro');
insert into audita values (76, 76, 'forca aerea_de_winey', 76, '2018-02-13 22:21:11', '2018-02-14 19:00:14', '2018-02-13','Auditoria do processo 76 que comecou no dia 2018-02-13 22:21:11 e acabou no dia 2018-02-14 19:00:14 da entidade forca aerea_de_winey do Meio de Apoio');
insert into audita values (77, 77, 'bombeiros_de_lepag', 77, '2018-02-13 02:26:33', '2018-02-15 02:48:08', '2018-02-13','Auditoria do processo 77 que comecou no dia 2018-02-13 02:26:33 e acabou no dia 2018-02-15 02:48:08 da entidade bombeiros_de_lepag do Meio de Socorro');
insert into audita values (78, 78, 'municipio_de_zizit', 78, '2018-02-18 19:05:10', '2018-02-18 20:11:27', '2018-02-18','Auditoria do processo 78 que comecou no dia 2018-02-18 19:05:10 e acabou no dia 2018-02-18 20:11:27 da entidade municipio_de_zizit do Meio de Apoio');
insert into audita values (79, 79, 'municipio_de_poxuq', 79, '2018-02-16 22:42:55', '2018-02-17 11:54:59', '2018-02-16','Auditoria do processo 79 que comecou no dia 2018-02-16 22:42:55 e acabou no dia 2018-02-17 11:54:59 da entidade municipio_de_poxuq do Meio de Socorro');
insert into audita values (80, 80, 'municipio_de_vugic', 80, '2018-02-18 14:31:39', '2018-02-19 09:38:45', '2018-02-18','Auditoria do processo 80 que comecou no dia 2018-02-18 14:31:39 e acabou no dia 2018-02-19 09:38:45 da entidade municipio_de_vugic do Meio de Socorro');
insert into audita values (81, 81, 'policia_de_funih', 81, '2018-02-21 09:49:02', '2018-02-21 23:16:18', '2018-02-21','Auditoria do processo 81 que comecou no dia 2018-02-21 09:49:02 e acabou no dia 2018-02-21 23:16:18 da entidade policia_de_funih do Meio de Combate');
insert into audita values (82, 82, 'forca aerea_de_ruwoz', 82, '2018-02-15 21:55:28', '2018-02-16 19:21:49', '2018-02-15','Auditoria do processo 82 que comecou no dia 2018-02-15 21:55:28 e acabou no dia 2018-02-16 19:21:49 da entidade forca aerea_de_ruwoz do Meio de Combate');
insert into audita values (83, 83, 'forca aerea_de_rogem', 83, '2018-02-20 21:43:12', '2018-02-21 03:25:54', '2018-02-20','Auditoria do processo 83 que comecou no dia 2018-02-20 21:43:12 e acabou no dia 2018-02-21 03:25:54 da entidade forca aerea_de_rogem do Meio de Combate');
insert into audita values (84, 84, 'municipio_de_gokex', 84, '2018-02-19 16:57:49', '2018-02-20 03:30:36', '2018-02-19','Auditoria do processo 84 que comecou no dia 2018-02-19 16:57:49 e acabou no dia 2018-02-20 03:30:36 da entidade municipio_de_gokex do Meio de Socorro');
insert into audita values (85, 85, 'bombeiros_de_miyes', 85, '2018-02-21 01:12:41', '2018-02-21 20:44:03', '2018-02-21','Auditoria do processo 85 que comecou no dia 2018-02-21 01:12:41 e acabou no dia 2018-02-21 20:44:03 da entidade bombeiros_de_miyes do Meio de Socorro');
insert into audita values (86, 86, 'municipio_de_koluh', 86, '2018-02-20 04:09:24', '2018-02-20 08:47:59', '2018-02-20','Auditoria do processo 86 que comecou no dia 2018-02-20 04:09:24 e acabou no dia 2018-02-20 08:47:59 da entidade municipio_de_koluh do Meio de Combate');
insert into audita values (87, 87, 'policia_de_sumaj', 87, '2018-02-21 06:25:37', '2018-02-21 09:01:55', '2018-02-21','Auditoria do processo 87 que comecou no dia 2018-02-21 06:25:37 e acabou no dia 2018-02-21 09:01:55 da entidade policia_de_sumaj do Meio de Combate');
insert into audita values (88, 88, 'policia_de_dusil', 88, '2018-02-24 11:48:27', '2018-02-25 05:25:02', '2018-02-24','Auditoria do processo 88 que comecou no dia 2018-02-24 11:48:27 e acabou no dia 2018-02-25 05:25:02 da entidade policia_de_dusil do Meio de Combate');
insert into audita values (89, 89, 'bombeiros_de_vojem', 89, '2018-02-20 00:24:33', '2018-02-20 12:50:16', '2018-02-20','Auditoria do processo 89 que comecou no dia 2018-02-20 00:24:33 e acabou no dia 2018-02-20 12:50:16 da entidade bombeiros_de_vojem do Meio de Combate');
insert into audita values (90, 90, 'exercito_de_sahuy', 90, '2018-02-25 08:25:40', '2018-02-25 11:06:10', '2018-02-25','Auditoria do processo 90 que comecou no dia 2018-02-25 08:25:40 e acabou no dia 2018-02-25 11:06:10 da entidade exercito_de_sahuy do Meio de Apoio');
insert into audita values (91, 91, 'forca aerea_de_rodor', 91, '2018-02-22 20:44:41', '2018-02-25 01:22:13', '2018-02-22','Auditoria do processo 91 que comecou no dia 2018-02-22 20:44:41 e acabou no dia 2018-02-25 01:22:13 da entidade forca aerea_de_rodor do Meio de Socorro');
insert into audita values (92, 92, 'bombeiros_de_luhic', 92, '2018-02-21 05:36:26', '2018-02-21 15:03:20', '2018-02-21','Auditoria do processo 92 que comecou no dia 2018-02-21 05:36:26 e acabou no dia 2018-02-21 15:03:20 da entidade bombeiros_de_luhic do Meio de Socorro');
insert into audita values (93, 93, 'bombeiros_de_cotim', 93, '2018-02-25 13:18:42', '2018-02-25 22:39:40', '2018-02-25','Auditoria do processo 93 que comecou no dia 2018-02-25 13:18:42 e acabou no dia 2018-02-25 22:39:40 da entidade bombeiros_de_cotim do Meio de Combate');
insert into audita values (94, 94, 'exercito_de_xisuh', 94, '2018-02-26 09:11:36', '2018-02-26 23:25:08', '2018-02-26','Auditoria do processo 94 que comecou no dia 2018-02-26 09:11:36 e acabou no dia 2018-02-26 23:25:08 da entidade exercito_de_xisuh do Meio de Apoio');
insert into audita values (95, 95, 'policia_de_ficag', 95, '2018-02-24 05:10:22', '2018-02-25 03:30:48', '2018-02-24','Auditoria do processo 95 que comecou no dia 2018-02-24 05:10:22 e acabou no dia 2018-02-25 03:30:48 da entidade policia_de_ficag do Meio de Combate');
insert into audita values (96, 96, 'bombeiros_de_taquz', 96, '2018-02-25 08:19:24', '2018-02-26 23:10:04', '2018-02-25','Auditoria do processo 96 que comecou no dia 2018-02-25 08:19:24 e acabou no dia 2018-02-26 23:10:04 da entidade bombeiros_de_taquz do Meio de Combate');
insert into audita values (97, 97, 'policia_de_koqec', 97, '2018-02-28 06:16:57', '2018-02-28 20:04:01', '2018-02-28','Auditoria do processo 97 que comecou no dia 2018-02-28 06:16:57 e acabou no dia 2018-02-28 20:04:01 da entidade policia_de_koqec do Meio de Apoio');
insert into audita values (98, 98, 'bombeiros_de_guzub', 98, '2018-02-28 19:10:50', '2018-02-28 20:49:23', '2018-02-28','Auditoria do processo 98 que comecou no dia 2018-02-28 19:10:50 e acabou no dia 2018-02-28 20:49:23 da entidade bombeiros_de_guzub do Meio de Combate');
insert into audita values (99, 99, 'bombeiros_de_zovis', 99, '2018-02-28 11:58:06', '2018-03-01 06:25:15', '2018-02-28','Auditoria do processo 99 que comecou no dia 2018-02-28 11:58:06 e acabou no dia 2018-03-01 06:25:15 da entidade bombeiros_de_zovis do Meio de Apoio');
insert into audita values (100, 100, 'forca aerea_de_mevut', 100, '2018-03-01 08:15:53', '2018-03-01 22:03:15', '2018-03-01','Auditoria do processo 100 que comecou no dia 2018-03-01 08:15:53 e acabou no dia 2018-03-01 22:03:15 da entidade forca aerea_de_mevut do Meio de Combate');

insert into solicita values (1, '2018-01-20 13:41:37', 1, '2017-02-02 00:56:01', '2017-02-02 11:34:54');
insert into solicita values (2, '2018-01-20 17:31:07', 2, '2017-02-02 04:05:10', '2017-02-02 10:19:15');
insert into solicita values (3, '2018-01-20 17:49:09', 3, '2017-02-01 22:48:47', '2017-02-01 23:10:20');
insert into solicita values (4, '2018-01-20 18:02:53', 4, '2017-02-02 13:35:12', '2017-02-02 18:35:16');
insert into solicita values (5, '2018-01-20 18:46:57', 5, '2017-02-03 09:39:22', '2017-02-03 12:39:24');
insert into solicita values (6, '2018-01-20 19:05:39', 6, '2017-02-02 10:31:24', '2017-02-03 21:03:22');
insert into solicita values (7, '2018-01-20 20:00:08', 7, '2017-02-03 05:40:50', '2017-02-03 07:37:16');
insert into solicita values (8, '2018-01-20 23:11:21', 8, '2017-02-05 02:04:29', '2017-02-05 03:55:53');
insert into solicita values (9, '2018-01-21 01:56:23', 9, '2017-02-04 21:26:47', '2017-02-05 09:31:52');
insert into solicita values (10, '2018-01-21 06:31:18', 10, '2017-02-04 07:01:35', '2017-02-04 11:15:46');
insert into solicita values (11, '2018-01-21 08:37:54', 11, '2017-02-02 15:11:02', '2017-02-02 15:17:20');
insert into solicita values (12, '2018-01-21 09:10:33', 12, '2017-02-06 02:46:19', '2017-02-06 09:15:31');
insert into solicita values (13, '2018-01-21 13:34:16', 13, '2017-02-03 10:51:32', '2017-02-03 15:10:02');
insert into solicita values (14, '2018-01-21 15:21:09', 14, '2017-02-03 16:33:54', '2017-02-03 20:48:45');
insert into solicita values (15, '2018-01-21 17:24:19', 15, '2017-02-05 00:04:53', '2017-02-05 01:45:22');
insert into solicita values (16, '2018-01-21 19:11:13', 16, '2017-02-03 08:55:19', '2017-02-03 18:00:31');
insert into solicita values (17, '2018-01-21 22:53:57', 17, '2017-02-06 12:52:13', '2017-02-07 21:18:25');
insert into solicita values (18, '2018-01-22 01:04:19', 18, '2017-02-07 15:53:04', '2017-02-07 18:42:23');
insert into solicita values (19, '2018-01-22 02:30:08', 19, '2017-02-06 15:51:10', '2017-02-07 00:01:21');
insert into solicita values (20, '2018-01-22 04:28:57', 20, '2017-02-06 21:18:47', '2017-02-06 22:27:49');
insert into solicita values (21, '2018-01-22 04:37:36', 21, '2017-02-08 03:40:37', '2017-02-08 07:21:09');
insert into solicita values (22, '2018-01-22 04:41:38', 22, '2017-02-05 17:28:12', '2017-02-05 22:21:33');
insert into solicita values (23, '2018-01-22 06:32:51', 23, '2017-02-07 16:36:17', '2017-02-07 19:45:01');
insert into solicita values (24, '2018-01-22 08:25:00', 24, '2017-02-07 14:15:51', '2017-02-07 16:16:20');
insert into solicita values (25, '2018-01-22 11:45:56', 25, '2017-02-09 07:51:07', '2017-02-09 11:27:59');
insert into solicita values (26, '2018-01-22 12:26:49', 26, '2017-02-10 02:22:46', '2017-02-11 02:40:09');
insert into solicita values (27, '2018-01-22 13:59:09', 27, '2017-02-09 09:26:43', '2017-02-09 19:23:09');
insert into solicita values (28, '2018-01-22 14:00:26', 28, '2017-02-07 15:55:33', '2017-02-08 02:07:50');
insert into solicita values (29, '2018-01-22 16:28:55', 29, '2017-02-09 03:47:34', '2017-02-09 22:05:15');
insert into solicita values (30, '2018-01-22 17:14:31', 30, '2017-02-09 21:44:12', '2017-02-10 08:49:53');
insert into solicita values (31, '2018-01-22 17:27:25', 31, '2017-02-11 08:35:09', '2017-02-11 14:43:50');
insert into solicita values (32, '2018-01-22 18:11:25', 32, '2017-02-09 07:08:45', '2017-02-09 13:04:46');
insert into solicita values (33, '2018-01-23 00:32:35', 33, '2017-02-08 06:39:14', '2017-02-08 07:03:44');
insert into solicita values (34, '2018-01-23 02:10:34', 34, '2017-02-09 09:12:34', '2017-02-09 10:05:46');
insert into solicita values (35, '2018-01-23 02:42:45', 35, '2017-02-09 14:56:48', '2017-02-09 18:46:09');
insert into solicita values (36, '2018-01-23 06:13:38', 36, '2017-02-11 17:31:53', '2017-02-12 04:47:09');
insert into solicita values (37, '2018-01-23 07:47:16', 37, '2017-02-14 16:28:20', '2017-02-15 02:40:34');
insert into solicita values (38, '2018-01-23 07:51:43', 38, '2017-02-13 04:21:30', '2017-02-13 12:58:53');
insert into solicita values (39, '2018-01-23 09:21:37', 39, '2017-02-13 17:26:04', '2017-02-13 23:35:06');
insert into solicita values (40, '2018-01-23 15:32:46', 40, '2017-02-11 17:04:07', '2017-02-11 23:06:13');
insert into solicita values (41, '2018-01-23 15:33:07', 41, '2017-02-14 13:25:33', '2017-02-14 19:23:56');
insert into solicita values (42, '2018-01-23 16:06:18', 42, '2017-02-11 10:06:44', '2017-02-11 20:59:24');
insert into solicita values (43, '2018-01-23 17:03:41', 43, '2017-02-13 00:26:46', '2017-02-13 03:11:27');
insert into solicita values (44, '2018-01-23 17:21:34', 44, '2017-02-14 04:54:53', '2017-02-14 06:38:35');
insert into solicita values (45, '2018-01-24 01:46:11', 45, '2017-02-12 12:32:08', '2017-02-12 21:48:26');
insert into solicita values (46, '2018-01-24 03:40:23', 46, '2017-02-14 17:08:11', '2017-02-14 19:20:44');
insert into solicita values (47, '2018-01-24 03:58:55', 47, '2017-02-13 07:56:51', '2017-02-13 08:42:30');
insert into solicita values (48, '2018-01-24 05:11:20', 48, '2017-02-13 19:30:51', '2017-02-14 08:12:43');
insert into solicita values (49, '2018-01-24 07:11:45', 49, '2017-02-15 17:51:26', '2017-02-15 20:21:33');
insert into solicita values (50, '2018-01-24 11:50:40', 50, '2017-02-14 21:49:27', '2017-02-15 06:19:10');
insert into solicita values (51, '2018-01-24 12:29:54', 51, '2017-02-14 11:45:41', '2017-02-14 16:25:12');
insert into solicita values (52, '2018-01-24 13:54:07', 52, '2017-02-16 21:29:56', '2017-02-16 21:42:28');
insert into solicita values (53, '2018-01-24 15:58:30', 53, '2017-02-16 08:45:28', '2017-02-16 12:08:32');
insert into solicita values (54, '2018-01-24 20:50:12', 54, '2017-02-16 09:01:27', '2017-02-16 20:03:39');
insert into solicita values (55, '2018-01-24 20:56:10', 55, '2017-02-19 03:15:36', '2017-02-19 07:37:15');
insert into solicita values (56, '2018-01-24 21:45:21', 56, '2017-02-18 04:33:20', '2017-02-18 10:04:37');
insert into solicita values (57, '2018-01-25 00:44:00', 57, '2017-02-17 03:53:37', '2017-02-17 06:40:36');
insert into solicita values (58, '2018-01-25 05:30:49', 58, '2017-02-19 22:37:40', '2017-02-20 05:52:08');
insert into solicita values (59, '2018-01-25 05:49:43', 59, '2017-02-16 12:35:53', '2017-02-16 12:41:51');
insert into solicita values (60, '2018-01-25 06:45:11', 60, '2017-02-17 08:46:39', '2017-02-17 10:22:42');
insert into solicita values (61, '2018-01-25 11:21:55', 61, '2017-02-16 17:12:27', '2017-02-16 20:55:47');
insert into solicita values (62, '2018-01-25 14:11:23', 62, '2017-02-20 16:56:36', '2017-02-20 21:52:40');
insert into solicita values (63, '2018-01-25 14:32:31', 63, '2017-02-19 14:52:10', '2017-02-19 18:18:42');
insert into solicita values (64, '2018-01-25 15:22:39', 64, '2017-02-21 07:03:43', '2017-02-21 14:33:44');
insert into solicita values (65, '2018-01-25 16:22:20', 65, '2017-02-22 14:14:31', '2017-02-22 17:58:13');
insert into solicita values (66, '2018-01-25 18:18:08', 66, '2017-02-18 23:18:35', '2017-02-19 02:00:35');
insert into solicita values (67, '2018-01-25 22:22:24', 67, '2017-02-19 22:40:14', '2017-02-20 03:58:47');
insert into solicita values (68, '2018-01-26 05:12:40', 68, '2017-02-20 18:59:34', '2017-02-20 21:06:01');
insert into solicita values (69, '2018-01-26 07:56:14', 69, '2017-02-21 02:58:38', '2017-02-21 04:09:05');
insert into solicita values (70, '2018-01-26 09:39:53', 70, '2017-02-20 12:15:11', '2017-02-20 20:22:18');
insert into solicita values (71, '2018-01-26 10:02:54', 71, '2017-02-19 11:20:28', '2017-02-19 13:35:10');
insert into solicita values (72, '2018-01-26 11:42:48', 72, '2017-02-24 07:17:47', '2017-02-24 07:35:23');
insert into solicita values (73, '2018-01-26 14:25:21', 73, '2017-02-20 01:59:57', '2017-02-20 12:31:56');
insert into solicita values (74, '2018-01-26 18:32:28', 74, '2017-02-22 16:43:10', '2017-02-22 18:09:39');
insert into solicita values (75, '2018-01-26 21:44:35', 75, '2017-02-23 17:12:55', '2017-02-23 19:36:35');
insert into solicita values (76, '2018-01-26 23:15:31', 76, '2017-02-24 23:14:19', '2017-02-25 00:18:06');
insert into solicita values (77, '2018-01-26 23:22:57', 77, '2017-02-24 18:24:54', '2017-02-24 19:29:41');
insert into solicita values (78, '2018-01-26 23:34:20', 78, '2017-02-23 16:48:42', '2017-02-23 18:47:46');
insert into solicita values (79, '2018-01-27 05:22:36', 79, '2017-02-24 02:25:30', '2017-02-24 14:45:00');
insert into solicita values (80, '2018-01-27 13:50:00', 80, '2017-02-24 05:00:59', '2017-02-24 13:17:27');
insert into solicita values (81, '2018-01-27 14:15:02', 81, '2017-02-26 04:20:47', '2017-02-26 08:28:30');
insert into solicita values (82, '2018-01-27 20:27:55', 82, '2017-02-26 21:56:49', '2017-02-27 02:07:08');
insert into solicita values (83, '2018-01-28 00:58:09', 83, '2017-02-25 09:43:11', '2017-02-25 18:37:04');
insert into solicita values (84, '2018-01-28 02:04:17', 84, '2017-02-26 02:30:31', '2017-02-26 03:14:02');
insert into solicita values (85, '2018-01-28 02:04:41', 85, '2017-02-25 13:27:12', '2017-02-25 18:36:49');
insert into solicita values (86, '2018-01-28 21:08:02', 86, '2017-02-26 12:04:02', '2017-02-26 20:34:13');
insert into solicita values (87, '2018-01-28 23:19:35', 87, '2017-02-25 18:34:07', '2017-02-25 21:12:22');
insert into solicita values (88, '2018-01-29 01:31:25', 88, '2017-02-27 19:43:00', '2017-02-27 23:14:28');
insert into solicita values (89, '2018-01-29 03:14:24', 89, '2017-02-27 11:37:09', '2017-02-28 05:21:49');
insert into solicita values (90, '2018-01-29 06:22:37', 90, '2017-02-25 10:03:49', '2017-02-25 22:41:53');
insert into solicita values (91, '2018-01-29 09:11:32', 91, '2017-02-26 07:07:37', '2017-02-27 05:53:44');
insert into solicita values (92, '2018-01-29 09:19:17', 92, '2017-02-26 08:14:07', '2017-02-26 14:40:10');
insert into solicita values (93, '2018-01-29 12:24:21', 93, '2017-02-28 00:15:22', '2017-02-28 06:01:46');
insert into solicita values (94, '2018-01-29 12:47:35', 94, '2017-02-28 22:25:10', '2017-03-01 04:02:03');
insert into solicita values (95, '2018-01-29 14:14:37', 95, '2017-02-27 13:20:06', '2017-02-28 12:32:17');
insert into solicita values (96, '2018-01-29 19:53:15', 96, '2017-02-28 09:05:42', '2017-02-28 12:32:42');
insert into solicita values (97, '2018-01-29 21:23:57', 97, '2017-03-01 15:01:58', '2017-03-01 18:46:30');
insert into solicita values (98, '2018-01-29 21:56:25', 98, '2017-03-01 11:36:08', '2017-03-01 20:08:43');
insert into solicita values (99, '2018-01-29 22:07:29', 99, '2017-03-01 19:06:00', '2017-03-01 22:55:21');
insert into solicita values (100, '2018-01-29 23:34:39', 100, '2017-03-01 23:38:34', '2017-03-02 04:02:02');

